[2026-09-25T18:36:40.145+00:00][P1][INFO][SERIAL_OPEN][serial port opened]{port=/dev/ttyACM0}
[2026-09-25T18:36:42.766+00:00][P1][INFO][HANDSHAKE_OK][arduino ready]
[2026-09-25T18:36:42.774+00:00][P1][ERROR][GPS_FAIL][gps read failed; retrying] Traceback (most recent call last):
  File "/home/pi/robot/venv/lib/python3.11/site-packages/serial/serialposix.py", line 322, in open
    self.fd = os.open(self.portstr, os.O_RDWR | os.O_NOCTTY | os.O_NONBLOCK)
              ^^^^^^^^^^^^^^^^^^^^^^^^^^^^^^^^^^^^^^^^^^^^^^^^^^^^^^^^^^^^^^
FileNotFoundError: [Errno 2] No such file or directory: '/dev/serial0'

During handling of the above exception, another exception occurred:

Traceback (most recent call last):
  File "/home/pi/robot/pi/p1_control/gps_reader.py", line 83, in _run_serial
    with serial.Serial(
         ^^^^^^^^^^^^^^
  File "/home/pi/robot/venv/lib/python3.11/site-packages/serial/serialutil.py", line 244, in __init__
    self.open()
  File "/home/pi/robot/venv/lib/python3.11/site-packages/serial/serialposix.py", line 325, in open
    raise SerialException(msg.errno, "could not open port {}: {}".format(self._port, msg))
serial.serialutil.SerialException: [Errno 2] could not open port /dev/serial0: [Errno 2] No such file or directory: '/dev/serial0'
[2026-09-25T18:36:42.780+00:00][P1][INFO][SESSION_OPEN][control server ready]{session=a1009263-3749-45da-a144-ccef44bab818 mock=False}
[2026-09-25T18:36:43.637+00:00][P1][INFO][DEBUG_RX][arduino line]{line="ACK S"}
[2026-09-25T18:36:43.639+00:00][P1][INFO][DEBUG_RX][arduino line]{line="ACK S"}
[2026-09-25T18:36:43.655+00:00][P1][INFO][DEBUG_RX][arduino line]{line="HB READY 1018"}
[2026-09-25T18:36:43.690+00:00][P1][INFO][DEBUG_RX][arduino line]{line=STATUS;FW=RESCUE-UNO;VER=1.0.0;MODE=READY;FAULT=NONE;UPTIME=1046;DIR=S;SPD=0;DIST=400;IRL=0;IRR=0;MOT=0;T=-99;H=0;GAS=0;GALM=0;PAN=90;TILT=90}
[2026-09-25T18:36:43.747+00:00][P1][INFO][DEBUG_RX][arduino line]{line="HB READY 2022"}
[2026-09-25T18:36:44.723+00:00][P1][INFO][DEBUG_RX][arduino line]{line="HB READY 3001"}
[2026-09-25T18:36:44.768+00:00][P1][INFO][DEBUG_RX][arduino line]{line="PANIC DEADMAN"}
[2026-09-25T18:36:44.769+00:00][P1][CRITICAL][FW_PANIC][firmware panic]{detail="PANIC DEADMAN"}
[2026-09-25T18:36:44.829+00:00][P1][ERROR][GPS_FAIL][gps read failed; retrying] Traceback (most recent call last):
  File "/home/pi/robot/venv/lib/python3.11/site-packages/serial/serialposix.py", line 322, in open
    self.fd = os.open(self.portstr, os.O_RDWR | os.O_NOCTTY | os.O_NONBLOCK)
              ^^^^^^^^^^^^^^^^^^^^^^^^^^^^^^^^^^^^^^^^^^^^^^^^^^^^^^^^^^^^^^
FileNotFoundError: [Errno 2] No such file or directory: '/dev/serial0'

During handling of the above exception, another exception occurred:

Traceback (most recent call last):
  File "/home/pi/robot/pi/p1_control/gps_reader.py", line 83, in _run_serial
    with serial.Serial(
         ^^^^^^^^^^^^^^
  File "/home/pi/robot/venv/lib/python3.11/site-packages/serial/serialutil.py", line 244, in __init__
    self.open()
  File "/home/pi/robot/venv/lib/python3.11/site-packages/serial/serialposix.py", line 325, in open
    raise SerialException(msg.errno, "could not open port {}: {}".format(self._port, msg))
serial.serialutil.SerialException: [Errno 2] could not open port /dev/serial0: [Errno 2] No such file or directory: '/dev/serial0'
[2026-09-25T18:36:45.746+00:00][P1][INFO][DEBUG_RX][arduino line]{line="HB PANIC 4022"}
[2026-09-25T18:36:46.727+00:00][P1][INFO][DEBUG_RX][arduino line]{line="HB PANIC 5001"}
[2026-09-25T18:36:46.833+00:00][P1][ERROR][GPS_FAIL][gps read failed; retrying] Traceback (most recent call last):
  File "/home/pi/robot/venv/lib/python3.11/site-packages/serial/serialposix.py", line 322, in open
    self.fd = os.open(self.portstr, os.O_RDWR | os.O_NOCTTY | os.O_NONBLOCK)
              ^^^^^^^^^^^^^^^^^^^^^^^^^^^^^^^^^^^^^^^^^^^^^^^^^^^^^^^^^^^^^^
FileNotFoundError: [Errno 2] No such file or directory: '/dev/serial0'

During handling of the above exception, another exception occurred:

Traceback (most recent call last):
  File "/home/pi/robot/pi/p1_control/gps_reader.py", line 83, in _run_serial
    with serial.Serial(
         ^^^^^^^^^^^^^^
  File "/home/pi/robot/venv/lib/python3.11/site-packages/serial/serialutil.py", line 244, in __init__
    self.open()
  File "/home/pi/robot/venv/lib/python3.11/site-packages/serial/serialposix.py", line 325, in open
    raise SerialException(msg.errno, "could not open port {}: {}".format(self._port, msg))
serial.serialutil.SerialException: [Errno 2] could not open port /dev/serial0: [Errno 2] No such file or directory: '/dev/serial0'
[2026-09-25T18:36:47.750+00:00][P1][INFO][DEBUG_RX][arduino line]{line="HB PANIC 6022"}
[2026-09-25T18:36:48.730+00:00][P1][INFO][DEBUG_RX][arduino line]{line="HB PANIC 7001"}
[2026-09-25T18:36:48.842+00:00][P1][ERROR][GPS_FAIL][gps read failed; retrying] Traceback (most recent call last):
  File "/home/pi/robot/venv/lib/python3.11/site-packages/serial/serialposix.py", line 322, in open
    self.fd = os.open(self.portstr, os.O_RDWR | os.O_NOCTTY | os.O_NONBLOCK)
              ^^^^^^^^^^^^^^^^^^^^^^^^^^^^^^^^^^^^^^^^^^^^^^^^^^^^^^^^^^^^^^
FileNotFoundError: [Errno 2] No such file or directory: '/dev/serial0'

During handling of the above exception, another exception occurred:

Traceback (most recent call last):
  File "/home/pi/robot/pi/p1_control/gps_reader.py", line 83, in _run_serial
    with serial.Serial(
         ^^^^^^^^^^^^^^
  File "/home/pi/robot/venv/lib/python3.11/site-packages/serial/serialutil.py", line 244, in __init__
    self.open()
  File "/home/pi/robot/venv/lib/python3.11/site-packages/serial/serialposix.py", line 325, in open
    raise SerialException(msg.errno, "could not open port {}: {}".format(self._port, msg))
serial.serialutil.SerialException: [Errno 2] could not open port /dev/serial0: [Errno 2] No such file or directory: '/dev/serial0'
[2026-09-25T18:36:49.757+00:00][P1][INFO][DEBUG_RX][arduino line]{line="HB PANIC 8022"}
[2026-09-25T18:36:50.740+00:00][P1][INFO][DEBUG_RX][arduino line]{line="HB PANIC 9001"}
[2026-09-25T18:36:50.854+00:00][P1][ERROR][GPS_FAIL][gps read failed; retrying] Traceback (most recent call last):
  File "/home/pi/robot/venv/lib/python3.11/site-packages/serial/serialposix.py", line 322, in open
    self.fd = os.open(self.portstr, os.O_RDWR | os.O_NOCTTY | os.O_NONBLOCK)
              ^^^^^^^^^^^^^^^^^^^^^^^^^^^^^^^^^^^^^^^^^^^^^^^^^^^^^^^^^^^^^^
FileNotFoundError: [Errno 2] No such file or directory: '/dev/serial0'

During handling of the above exception, another exception occurred:

Traceback (most recent call last):
  File "/home/pi/robot/pi/p1_control/gps_reader.py", line 83, in _run_serial
    with serial.Serial(
         ^^^^^^^^^^^^^^
  File "/home/pi/robot/venv/lib/python3.11/site-packages/serial/serialutil.py", line 244, in __init__
    self.open()
  File "/home/pi/robot/venv/lib/python3.11/site-packages/serial/serialposix.py", line 325, in open
    raise SerialException(msg.errno, "could not open port {}: {}".format(self._port, msg))
serial.serialutil.SerialException: [Errno 2] could not open port /dev/serial0: [Errno 2] No such file or directory: '/dev/serial0'
[2026-09-25T18:36:51.758+00:00][P1][INFO][DEBUG_RX][arduino line]{line="HB PANIC 10021"}
[2026-09-25T18:36:52.747+00:00][P1][INFO][DEBUG_RX][arduino line]{line="HB PANIC 11001"}
[2026-09-25T18:36:52.868+00:00][P1][ERROR][GPS_FAIL][gps read failed; retrying] Traceback (most recent call last):
  File "/home/pi/robot/venv/lib/python3.11/site-packages/serial/serialposix.py", line 322, in open
    self.fd = os.open(self.portstr, os.O_RDWR | os.O_NOCTTY | os.O_NONBLOCK)
              ^^^^^^^^^^^^^^^^^^^^^^^^^^^^^^^^^^^^^^^^^^^^^^^^^^^^^^^^^^^^^^
FileNotFoundError: [Errno 2] No such file or directory: '/dev/serial0'

During handling of the above exception, another exception occurred:

Traceback (most recent call last):
  File "/home/pi/robot/pi/p1_control/gps_reader.py", line 83, in _run_serial
    with serial.Serial(
         ^^^^^^^^^^^^^^
  File "/home/pi/robot/venv/lib/python3.11/site-packages/serial/serialutil.py", line 244, in __init__
    self.open()
  File "/home/pi/robot/venv/lib/python3.11/site-packages/serial/serialposix.py", line 325, in open
    raise SerialException(msg.errno, "could not open port {}: {}".format(self._port, msg))
serial.serialutil.SerialException: [Errno 2] could not open port /dev/serial0: [Errno 2] No such file or directory: '/dev/serial0'
[2026-09-25T18:36:53.768+00:00][P1][INFO][DEBUG_RX][arduino line]{line="HB PANIC 12021"}
[2026-09-25T18:36:54.745+00:00][P1][INFO][DEBUG_RX][arduino line]{line="HB PANIC 13001"}
[2026-09-25T18:36:54.890+00:00][P1][ERROR][GPS_FAIL][gps read failed; retrying] Traceback (most recent call last):
  File "/home/pi/robot/venv/lib/python3.11/site-packages/serial/serialposix.py", line 322, in open
    self.fd = os.open(self.portstr, os.O_RDWR | os.O_NOCTTY | os.O_NONBLOCK)
              ^^^^^^^^^^^^^^^^^^^^^^^^^^^^^^^^^^^^^^^^^^^^^^^^^^^^^^^^^^^^^^
FileNotFoundError: [Errno 2] No such file or directory: '/dev/serial0'

During handling of the above exception, another exception occurred:

Traceback (most recent call last):
  File "/home/pi/robot/pi/p1_control/gps_reader.py", line 83, in _run_serial
    with serial.Serial(
         ^^^^^^^^^^^^^^
  File "/home/pi/robot/venv/lib/python3.11/site-packages/serial/serialutil.py", line 244, in __init__
    self.open()
  File "/home/pi/robot/venv/lib/python3.11/site-packages/serial/serialposix.py", line 325, in open
    raise SerialException(msg.errno, "could not open port {}: {}".format(self._port, msg))
serial.serialutil.SerialException: [Errno 2] could not open port /dev/serial0: [Errno 2] No such file or directory: '/dev/serial0'
[2026-09-25T18:36:55.778+00:00][P1][INFO][DEBUG_RX][arduino line]{line="HB PANIC 14021"}
[2026-09-25T18:36:56.747+00:00][P1][INFO][DEBUG_RX][arduino line]{line="HB PANIC 15001"}
[2026-09-25T18:36:56.905+00:00][P1][ERROR][GPS_FAIL][gps read failed; retrying] Traceback (most recent call last):
  File "/home/pi/robot/venv/lib/python3.11/site-packages/serial/serialposix.py", line 322, in open
    self.fd = os.open(self.portstr, os.O_RDWR | os.O_NOCTTY | os.O_NONBLOCK)
              ^^^^^^^^^^^^^^^^^^^^^^^^^^^^^^^^^^^^^^^^^^^^^^^^^^^^^^^^^^^^^^
FileNotFoundError: [Errno 2] No such file or directory: '/dev/serial0'

During handling of the above exception, another exception occurred:

Traceback (most recent call last):
  File "/home/pi/robot/pi/p1_control/gps_reader.py", line 83, in _run_serial
    with serial.Serial(
         ^^^^^^^^^^^^^^
  File "/home/pi/robot/venv/lib/python3.11/site-packages/serial/serialutil.py", line 244, in __init__
    self.open()
  File "/home/pi/robot/venv/lib/python3.11/site-packages/serial/serialposix.py", line 325, in open
    raise SerialException(msg.errno, "could not open port {}: {}".format(self._port, msg))
serial.serialutil.SerialException: [Errno 2] could not open port /dev/serial0: [Errno 2] No such file or directory: '/dev/serial0'
[2026-09-25T18:36:57.771+00:00][P1][INFO][DEBUG_RX][arduino line]{line="HB PANIC 16021"}
[2026-09-25T18:36:58.750+00:00][P1][INFO][DEBUG_RX][arduino line]{line="HB PANIC 17001"}
[2026-09-25T18:36:58.920+00:00][P1][ERROR][GPS_FAIL][gps read failed; retrying] Traceback (most recent call last):
  File "/home/pi/robot/venv/lib/python3.11/site-packages/serial/serialposix.py", line 322, in open
    self.fd = os.open(self.portstr, os.O_RDWR | os.O_NOCTTY | os.O_NONBLOCK)
              ^^^^^^^^^^^^^^^^^^^^^^^^^^^^^^^^^^^^^^^^^^^^^^^^^^^^^^^^^^^^^^
FileNotFoundError: [Errno 2] No such file or directory: '/dev/serial0'

During handling of the above exception, another exception occurred:

Traceback (most recent call last):
  File "/home/pi/robot/pi/p1_control/gps_reader.py", line 83, in _run_serial
    with serial.Serial(
         ^^^^^^^^^^^^^^
  File "/home/pi/robot/venv/lib/python3.11/site-packages/serial/serialutil.py", line 244, in __init__
    self.open()
  File "/home/pi/robot/venv/lib/python3.11/site-packages/serial/serialposix.py", line 325, in open
    raise SerialException(msg.errno, "could not open port {}: {}".format(self._port, msg))
serial.serialutil.SerialException: [Errno 2] could not open port /dev/serial0: [Errno 2] No such file or directory: '/dev/serial0'
[2026-09-25T18:36:59.776+00:00][P1][INFO][DEBUG_RX][arduino line]{line="HB PANIC 18022"}
[2026-09-25T18:37:00.754+00:00][P1][INFO][DEBUG_RX][arduino line]{line="HB PANIC 19001"}
[2026-09-25T18:37:00.928+00:00][P1][ERROR][GPS_FAIL][gps read failed; retrying] Traceback (most recent call last):
  File "/home/pi/robot/venv/lib/python3.11/site-packages/serial/serialposix.py", line 322, in open
    self.fd = os.open(self.portstr, os.O_RDWR | os.O_NOCTTY | os.O_NONBLOCK)
              ^^^^^^^^^^^^^^^^^^^^^^^^^^^^^^^^^^^^^^^^^^^^^^^^^^^^^^^^^^^^^^
FileNotFoundError: [Errno 2] No such file or directory: '/dev/serial0'

During handling of the above exception, another exception occurred:

Traceback (most recent call last):
  File "/home/pi/robot/pi/p1_control/gps_reader.py", line 83, in _run_serial
    with serial.Serial(
         ^^^^^^^^^^^^^^
  File "/home/pi/robot/venv/lib/python3.11/site-packages/serial/serialutil.py", line 244, in __init__
    self.open()
  File "/home/pi/robot/venv/lib/python3.11/site-packages/serial/serialposix.py", line 325, in open
    raise SerialException(msg.errno, "could not open port {}: {}".format(self._port, msg))
serial.serialutil.SerialException: [Errno 2] could not open port /dev/serial0: [Errno 2] No such file or directory: '/dev/serial0'
[2026-09-25T18:37:01.777+00:00][P1][INFO][DEBUG_RX][arduino line]{line="HB PANIC 20022"}
[2026-09-25T18:37:02.759+00:00][P1][INFO][DEBUG_RX][arduino line]{line="HB PANIC 21001"}
[2026-09-25T18:37:02.938+00:00][P1][ERROR][GPS_FAIL][gps read failed; retrying] Traceback (most recent call last):
  File "/home/pi/robot/venv/lib/python3.11/site-packages/serial/serialposix.py", line 322, in open
    self.fd = os.open(self.portstr, os.O_RDWR | os.O_NOCTTY | os.O_NONBLOCK)
              ^^^^^^^^^^^^^^^^^^^^^^^^^^^^^^^^^^^^^^^^^^^^^^^^^^^^^^^^^^^^^^
FileNotFoundError: [Errno 2] No such file or directory: '/dev/serial0'

During handling of the above exception, another exception occurred:

Traceback (most recent call last):
  File "/home/pi/robot/pi/p1_control/gps_reader.py", line 83, in _run_serial
    with serial.Serial(
         ^^^^^^^^^^^^^^
  File "/home/pi/robot/venv/lib/python3.11/site-packages/serial/serialutil.py", line 244, in __init__
    self.open()
  File "/home/pi/robot/venv/lib/python3.11/site-packages/serial/serialposix.py", line 325, in open
    raise SerialException(msg.errno, "could not open port {}: {}".format(self._port, msg))
serial.serialutil.SerialException: [Errno 2] could not open port /dev/serial0: [Errno 2] No such file or directory: '/dev/serial0'
[2026-09-25T18:37:03.783+00:00][P1][INFO][DEBUG_RX][arduino line]{line="HB PANIC 22022"}
[2026-09-25T18:37:04.767+00:00][P1][INFO][DEBUG_RX][arduino line]{line="HB PANIC 23001"}
[2026-09-25T18:37:04.944+00:00][P1][ERROR][GPS_FAIL][gps read failed; retrying] Traceback (most recent call last):
  File "/home/pi/robot/venv/lib/python3.11/site-packages/serial/serialposix.py", line 322, in open
    self.fd = os.open(self.portstr, os.O_RDWR | os.O_NOCTTY | os.O_NONBLOCK)
              ^^^^^^^^^^^^^^^^^^^^^^^^^^^^^^^^^^^^^^^^^^^^^^^^^^^^^^^^^^^^^^
FileNotFoundError: [Errno 2] No such file or directory: '/dev/serial0'

During handling of the above exception, another exception occurred:

Traceback (most recent call last):
  File "/home/pi/robot/pi/p1_control/gps_reader.py", line 83, in _run_serial
    with serial.Serial(
         ^^^^^^^^^^^^^^
  File "/home/pi/robot/venv/lib/python3.11/site-packages/serial/serialutil.py", line 244, in __init__
    self.open()
  File "/home/pi/robot/venv/lib/python3.11/site-packages/serial/serialposix.py", line 325, in open
    raise SerialException(msg.errno, "could not open port {}: {}".format(self._port, msg))
serial.serialutil.SerialException: [Errno 2] could not open port /dev/serial0: [Errno 2] No such file or directory: '/dev/serial0'
[2026-09-25T18:37:05.784+00:00][P1][INFO][DEBUG_RX][arduino line]{line="HB PANIC 24022"}
[2026-09-25T18:37:06.766+00:00][P1][INFO][DEBUG_RX][arduino line]{line="HB PANIC 25001"}
[2026-09-25T18:37:06.954+00:00][P1][ERROR][GPS_FAIL][gps read failed; retrying] Traceback (most recent call last):
  File "/home/pi/robot/venv/lib/python3.11/site-packages/serial/serialposix.py", line 322, in open
    self.fd = os.open(self.portstr, os.O_RDWR | os.O_NOCTTY | os.O_NONBLOCK)
              ^^^^^^^^^^^^^^^^^^^^^^^^^^^^^^^^^^^^^^^^^^^^^^^^^^^^^^^^^^^^^^
FileNotFoundError: [Errno 2] No such file or directory: '/dev/serial0'

During handling of the above exception, another exception occurred:

Traceback (most recent call last):
  File "/home/pi/robot/pi/p1_control/gps_reader.py", line 83, in _run_serial
    with serial.Serial(
         ^^^^^^^^^^^^^^
  File "/home/pi/robot/venv/lib/python3.11/site-packages/serial/serialutil.py", line 244, in __init__
    self.open()
  File "/home/pi/robot/venv/lib/python3.11/site-packages/serial/serialposix.py", line 325, in open
    raise SerialException(msg.errno, "could not open port {}: {}".format(self._port, msg))
serial.serialutil.SerialException: [Errno 2] could not open port /dev/serial0: [Errno 2] No such file or directory: '/dev/serial0'
[2026-09-25T18:37:07.789+00:00][P1][INFO][DEBUG_RX][arduino line]{line="HB PANIC 26021"}
[2026-09-25T18:37:08.768+00:00][P1][INFO][DEBUG_RX][arduino line]{line="HB PANIC 27000"}
[2026-09-25T18:37:08.960+00:00][P1][ERROR][GPS_FAIL][gps read failed; retrying] Traceback (most recent call last):
  File "/home/pi/robot/venv/lib/python3.11/site-packages/serial/serialposix.py", line 322, in open
    self.fd = os.open(self.portstr, os.O_RDWR | os.O_NOCTTY | os.O_NONBLOCK)
              ^^^^^^^^^^^^^^^^^^^^^^^^^^^^^^^^^^^^^^^^^^^^^^^^^^^^^^^^^^^^^^
FileNotFoundError: [Errno 2] No such file or directory: '/dev/serial0'

During handling of the above exception, another exception occurred:

Traceback (most recent call last):
  File "/home/pi/robot/pi/p1_control/gps_reader.py", line 83, in _run_serial
    with serial.Serial(
         ^^^^^^^^^^^^^^
  File "/home/pi/robot/venv/lib/python3.11/site-packages/serial/serialutil.py", line 244, in __init__
    self.open()
  File "/home/pi/robot/venv/lib/python3.11/site-packages/serial/serialposix.py", line 325, in open
    raise SerialException(msg.errno, "could not open port {}: {}".format(self._port, msg))
serial.serialutil.SerialException: [Errno 2] could not open port /dev/serial0: [Errno 2] No such file or directory: '/dev/serial0'
[2026-09-25T18:37:09.792+00:00][P1][INFO][DEBUG_RX][arduino line]{line="HB PANIC 28023"}
[2026-09-25T18:37:10.775+00:00][P1][INFO][DEBUG_RX][arduino line]{line="HB PANIC 29003"}
[2026-09-25T18:37:11.023+00:00][P1][ERROR][GPS_FAIL][gps read failed; retrying] Traceback (most recent call last):
  File "/home/pi/robot/venv/lib/python3.11/site-packages/serial/serialposix.py", line 322, in open
    self.fd = os.open(self.portstr, os.O_RDWR | os.O_NOCTTY | os.O_NONBLOCK)
              ^^^^^^^^^^^^^^^^^^^^^^^^^^^^^^^^^^^^^^^^^^^^^^^^^^^^^^^^^^^^^^
FileNotFoundError: [Errno 2] No such file or directory: '/dev/serial0'

During handling of the above exception, another exception occurred:

Traceback (most recent call last):
  File "/home/pi/robot/pi/p1_control/gps_reader.py", line 83, in _run_serial
    with serial.Serial(
         ^^^^^^^^^^^^^^
  File "/home/pi/robot/venv/lib/python3.11/site-packages/serial/serialutil.py", line 244, in __init__
    self.open()
  File "/home/pi/robot/venv/lib/python3.11/site-packages/serial/serialposix.py", line 325, in open
    raise SerialException(msg.errno, "could not open port {}: {}".format(self._port, msg))
serial.serialutil.SerialException: [Errno 2] could not open port /dev/serial0: [Errno 2] No such file or directory: '/dev/serial0'
[2026-09-25T18:37:11.796+00:00][P1][INFO][DEBUG_RX][arduino line]{line="HB PANIC 30023"}
[2026-09-25T18:37:12.780+00:00][P1][INFO][DEBUG_RX][arduino line]{line="HB PANIC 31003"}
[2026-09-25T18:37:13.026+00:00][P1][ERROR][GPS_FAIL][gps read failed; retrying] Traceback (most recent call last):
  File "/home/pi/robot/venv/lib/python3.11/site-packages/serial/serialposix.py", line 322, in open
    self.fd = os.open(self.portstr, os.O_RDWR | os.O_NOCTTY | os.O_NONBLOCK)
              ^^^^^^^^^^^^^^^^^^^^^^^^^^^^^^^^^^^^^^^^^^^^^^^^^^^^^^^^^^^^^^
FileNotFoundError: [Errno 2] No such file or directory: '/dev/serial0'

During handling of the above exception, another exception occurred:

Traceback (most recent call last):
  File "/home/pi/robot/pi/p1_control/gps_reader.py", line 83, in _run_serial
    with serial.Serial(
         ^^^^^^^^^^^^^^
  File "/home/pi/robot/venv/lib/python3.11/site-packages/serial/serialutil.py", line 244, in __init__
    self.open()
  File "/home/pi/robot/venv/lib/python3.11/site-packages/serial/serialposix.py", line 325, in open
    raise SerialException(msg.errno, "could not open port {}: {}".format(self._port, msg))
serial.serialutil.SerialException: [Errno 2] could not open port /dev/serial0: [Errno 2] No such file or directory: '/dev/serial0'
[2026-09-25T18:37:13.803+00:00][P1][INFO][DEBUG_RX][arduino line]{line="HB PANIC 32024"}
[2026-09-25T18:37:14.785+00:00][P1][INFO][DEBUG_RX][arduino line]{line="HB PANIC 33004"}
[2026-09-25T18:37:15.038+00:00][P1][ERROR][GPS_FAIL][gps read failed; retrying] Traceback (most recent call last):
  File "/home/pi/robot/venv/lib/python3.11/site-packages/serial/serialposix.py", line 322, in open
    self.fd = os.open(self.portstr, os.O_RDWR | os.O_NOCTTY | os.O_NONBLOCK)
              ^^^^^^^^^^^^^^^^^^^^^^^^^^^^^^^^^^^^^^^^^^^^^^^^^^^^^^^^^^^^^^
FileNotFoundError: [Errno 2] No such file or directory: '/dev/serial0'

During handling of the above exception, another exception occurred:

Traceback (most recent call last):
  File "/home/pi/robot/pi/p1_control/gps_reader.py", line 83, in _run_serial
    with serial.Serial(
         ^^^^^^^^^^^^^^
  File "/home/pi/robot/venv/lib/python3.11/site-packages/serial/serialutil.py", line 244, in __init__
    self.open()
  File "/home/pi/robot/venv/lib/python3.11/site-packages/serial/serialposix.py", line 325, in open
    raise SerialException(msg.errno, "could not open port {}: {}".format(self._port, msg))
serial.serialutil.SerialException: [Errno 2] could not open port /dev/serial0: [Errno 2] No such file or directory: '/dev/serial0'
[2026-09-25T18:37:15.808+00:00][P1][INFO][DEBUG_RX][arduino line]{line="HB PANIC 34023"}
[2026-09-25T18:37:16.785+00:00][P1][INFO][DEBUG_RX][arduino line]{line="HB PANIC 35004"}
[2026-09-25T18:37:17.054+00:00][P1][ERROR][GPS_FAIL][gps read failed; retrying] Traceback (most recent call last):
  File "/home/pi/robot/venv/lib/python3.11/site-packages/serial/serialposix.py", line 322, in open
    self.fd = os.open(self.portstr, os.O_RDWR | os.O_NOCTTY | os.O_NONBLOCK)
              ^^^^^^^^^^^^^^^^^^^^^^^^^^^^^^^^^^^^^^^^^^^^^^^^^^^^^^^^^^^^^^
FileNotFoundError: [Errno 2] No such file or directory: '/dev/serial0'

During handling of the above exception, another exception occurred:

Traceback (most recent call last):
  File "/home/pi/robot/pi/p1_control/gps_reader.py", line 83, in _run_serial
    with serial.Serial(
         ^^^^^^^^^^^^^^
  File "/home/pi/robot/venv/lib/python3.11/site-packages/serial/serialutil.py", line 244, in __init__
    self.open()
  File "/home/pi/robot/venv/lib/python3.11/site-packages/serial/serialposix.py", line 325, in open
    raise SerialException(msg.errno, "could not open port {}: {}".format(self._port, msg))
serial.serialutil.SerialException: [Errno 2] could not open port /dev/serial0: [Errno 2] No such file or directory: '/dev/serial0'
[2026-09-25T18:37:17.810+00:00][P1][INFO][DEBUG_RX][arduino line]{line="HB PANIC 36024"}
[2026-09-25T18:37:18.792+00:00][P1][INFO][DEBUG_RX][arduino line]{line="HB PANIC 37006"}
[2026-09-25T18:37:19.082+00:00][P1][ERROR][GPS_FAIL][gps read failed; retrying] Traceback (most recent call last):
  File "/home/pi/robot/venv/lib/python3.11/site-packages/serial/serialposix.py", line 322, in open
    self.fd = os.open(self.portstr, os.O_RDWR | os.O_NOCTTY | os.O_NONBLOCK)
              ^^^^^^^^^^^^^^^^^^^^^^^^^^^^^^^^^^^^^^^^^^^^^^^^^^^^^^^^^^^^^^
FileNotFoundError: [Errno 2] No such file or directory: '/dev/serial0'

During handling of the above exception, another exception occurred:

Traceback (most recent call last):
  File "/home/pi/robot/pi/p1_control/gps_reader.py", line 83, in _run_serial
    with serial.Serial(
         ^^^^^^^^^^^^^^
  File "/home/pi/robot/venv/lib/python3.11/site-packages/serial/serialutil.py", line 244, in __init__
    self.open()
  File "/home/pi/robot/venv/lib/python3.11/site-packages/serial/serialposix.py", line 325, in open
    raise SerialException(msg.errno, "could not open port {}: {}".format(self._port, msg))
serial.serialutil.SerialException: [Errno 2] could not open port /dev/serial0: [Errno 2] No such file or directory: '/dev/serial0'
[2026-09-25T18:37:19.818+00:00][P1][INFO][DEBUG_RX][arduino line]{line="HB PANIC 38027"}
[2026-09-25T18:37:20.166+00:00][P1][INFO][WS_CONNECT][client connected]{client=c1 total=1}
[2026-09-25T18:37:20.651+00:00][P1][INFO][DEBUG_TX][sending to arduino]{wire=H}
[2026-09-25T18:37:20.670+00:00][P1][INFO][DEBUG_RX][arduino line]{line="ACK H"}
[2026-09-25T18:37:20.672+00:00][P1][INFO][DEBUG_RX][arduino line]{line="EVT DEADMAN_CLEARED"}
[2026-09-25T18:37:20.819+00:00][P1][INFO][DEBUG_RX][arduino line]{line="HB READY 39026"}
[2026-09-25T18:37:21.091+00:00][P1][ERROR][GPS_FAIL][gps read failed; retrying] Traceback (most recent call last):
  File "/home/pi/robot/venv/lib/python3.11/site-packages/serial/serialposix.py", line 322, in open
    self.fd = os.open(self.portstr, os.O_RDWR | os.O_NOCTTY | os.O_NONBLOCK)
              ^^^^^^^^^^^^^^^^^^^^^^^^^^^^^^^^^^^^^^^^^^^^^^^^^^^^^^^^^^^^^^
FileNotFoundError: [Errno 2] No such file or directory: '/dev/serial0'

During handling of the above exception, another exception occurred:

Traceback (most recent call last):
  File "/home/pi/robot/pi/p1_control/gps_reader.py", line 83, in _run_serial
    with serial.Serial(
         ^^^^^^^^^^^^^^
  File "/home/pi/robot/venv/lib/python3.11/site-packages/serial/serialutil.py", line 244, in __init__
    self.open()
  File "/home/pi/robot/venv/lib/python3.11/site-packages/serial/serialposix.py", line 325, in open
    raise SerialException(msg.errno, "could not open port {}: {}".format(self._port, msg))
serial.serialutil.SerialException: [Errno 2] could not open port /dev/serial0: [Errno 2] No such file or directory: '/dev/serial0'
[2026-09-25T18:37:21.152+00:00][P1][INFO][DEBUG_TX][sending to arduino]{wire=H}
[2026-09-25T18:37:21.172+00:00][P1][INFO][DEBUG_RX][arduino line]{line="ACK H"}
[2026-09-25T18:37:21.650+00:00][P1][INFO][DEBUG_TX][sending to arduino]{wire=H}
[2026-09-25T18:37:21.671+00:00][P1][INFO][DEBUG_RX][arduino line]{line="ACK H"}
[2026-09-25T18:37:21.823+00:00][P1][INFO][DEBUG_RX][arduino line]{line="HB READY 40028"}
[2026-09-25T18:37:22.162+00:00][P1][INFO][DEBUG_TX][sending to arduino]{wire=H}
[2026-09-25T18:37:22.184+00:00][P1][INFO][DEBUG_RX][arduino line]{line="ACK H"}
[2026-09-25T18:37:22.677+00:00][P1][INFO][DEBUG_TX][sending to arduino]{wire=H}
[2026-09-25T18:37:22.683+00:00][P1][INFO][DEBUG_RX][arduino line]{line="ACK H"}
[2026-09-25T18:37:22.831+00:00][P1][INFO][DEBUG_RX][arduino line]{line="HB READY 41027"}
[2026-09-25T18:37:23.099+00:00][P1][ERROR][GPS_FAIL][gps read failed; retrying] Traceback (most recent call last):
  File "/home/pi/robot/venv/lib/python3.11/site-packages/serial/serialposix.py", line 322, in open
    self.fd = os.open(self.portstr, os.O_RDWR | os.O_NOCTTY | os.O_NONBLOCK)
              ^^^^^^^^^^^^^^^^^^^^^^^^^^^^^^^^^^^^^^^^^^^^^^^^^^^^^^^^^^^^^^
FileNotFoundError: [Errno 2] No such file or directory: '/dev/serial0'

During handling of the above exception, another exception occurred:

Traceback (most recent call last):
  File "/home/pi/robot/pi/p1_control/gps_reader.py", line 83, in _run_serial
    with serial.Serial(
         ^^^^^^^^^^^^^^
  File "/home/pi/robot/venv/lib/python3.11/site-packages/serial/serialutil.py", line 244, in __init__
    self.open()
  File "/home/pi/robot/venv/lib/python3.11/site-packages/serial/serialposix.py", line 325, in open
    raise SerialException(msg.errno, "could not open port {}: {}".format(self._port, msg))
serial.serialutil.SerialException: [Errno 2] could not open port /dev/serial0: [Errno 2] No such file or directory: '/dev/serial0'
[2026-09-25T18:37:23.166+00:00][P1][INFO][DEBUG_TX][sending to arduino]{wire=H}
[2026-09-25T18:37:23.188+00:00][P1][INFO][DEBUG_RX][arduino line]{line="ACK H"}
[2026-09-25T18:37:23.670+00:00][P1][INFO][DEBUG_TX][sending to arduino]{wire=H}
[2026-09-25T18:37:23.690+00:00][P1][INFO][DEBUG_RX][arduino line]{line="ACK H"}
[2026-09-25T18:37:23.826+00:00][P1][INFO][DEBUG_RX][arduino line]{line="HB READY 42029"}
[2026-09-25T18:37:24.294+00:00][P1][INFO][DEBUG_TX][sending to arduino]{wire=H}
[2026-09-25T18:37:24.316+00:00][P1][INFO][DEBUG_RX][arduino line]{line="ACK H"}
[2026-09-25T18:37:24.662+00:00][P1][INFO][DEBUG_TX][sending to arduino]{wire=H}
[2026-09-25T18:37:24.682+00:00][P1][INFO][DEBUG_RX][arduino line]{line="ACK H"}
[2026-09-25T18:37:24.836+00:00][P1][INFO][DEBUG_RX][arduino line]{line="HB READY 43028"}
[2026-09-25T18:37:25.121+00:00][P1][ERROR][GPS_FAIL][gps read failed; retrying] Traceback (most recent call last):
  File "/home/pi/robot/venv/lib/python3.11/site-packages/serial/serialposix.py", line 322, in open
    self.fd = os.open(self.portstr, os.O_RDWR | os.O_NOCTTY | os.O_NONBLOCK)
              ^^^^^^^^^^^^^^^^^^^^^^^^^^^^^^^^^^^^^^^^^^^^^^^^^^^^^^^^^^^^^^
FileNotFoundError: [Errno 2] No such file or directory: '/dev/serial0'

During handling of the above exception, another exception occurred:

Traceback (most recent call last):
  File "/home/pi/robot/pi/p1_control/gps_reader.py", line 83, in _run_serial
    with serial.Serial(
         ^^^^^^^^^^^^^^
  File "/home/pi/robot/venv/lib/python3.11/site-packages/serial/serialutil.py", line 244, in __init__
    self.open()
  File "/home/pi/robot/venv/lib/python3.11/site-packages/serial/serialposix.py", line 325, in open
    raise SerialException(msg.errno, "could not open port {}: {}".format(self._port, msg))
serial.serialutil.SerialException: [Errno 2] could not open port /dev/serial0: [Errno 2] No such file or directory: '/dev/serial0'
[2026-09-25T18:37:25.171+00:00][P1][INFO][DEBUG_TX][sending to arduino]{wire=H}
[2026-09-25T18:37:25.191+00:00][P1][INFO][DEBUG_RX][arduino line]{line="ACK H"}
[2026-09-25T18:37:25.662+00:00][P1][INFO][DEBUG_TX][sending to arduino]{wire=H}
[2026-09-25T18:37:25.683+00:00][P1][INFO][DEBUG_RX][arduino line]{line="ACK H"}
[2026-09-25T18:37:25.834+00:00][P1][INFO][DEBUG_RX][arduino line]{line="HB READY 44029"}
[2026-09-25T18:37:26.168+00:00][P1][INFO][DEBUG_TX][sending to arduino]{wire=H}
[2026-09-25T18:37:26.190+00:00][P1][INFO][DEBUG_RX][arduino line]{line="ACK H"}
[2026-09-25T18:37:26.659+00:00][P1][INFO][DEBUG_TX][sending to arduino]{wire=H}
[2026-09-25T18:37:26.680+00:00][P1][INFO][DEBUG_RX][arduino line]{line="ACK H"}
[2026-09-25T18:37:26.832+00:00][P1][INFO][DEBUG_RX][arduino line]{line="HB READY 45028"}
[2026-09-25T18:37:27.129+00:00][P1][ERROR][GPS_FAIL][gps read failed; retrying] Traceback (most recent call last):
  File "/home/pi/robot/venv/lib/python3.11/site-packages/serial/serialposix.py", line 322, in open
    self.fd = os.open(self.portstr, os.O_RDWR | os.O_NOCTTY | os.O_NONBLOCK)
              ^^^^^^^^^^^^^^^^^^^^^^^^^^^^^^^^^^^^^^^^^^^^^^^^^^^^^^^^^^^^^^
FileNotFoundError: [Errno 2] No such file or directory: '/dev/serial0'

During handling of the above exception, another exception occurred:

Traceback (most recent call last):
  File "/home/pi/robot/pi/p1_control/gps_reader.py", line 83, in _run_serial
    with serial.Serial(
         ^^^^^^^^^^^^^^
  File "/home/pi/robot/venv/lib/python3.11/site-packages/serial/serialutil.py", line 244, in __init__
    self.open()
  File "/home/pi/robot/venv/lib/python3.11/site-packages/serial/serialposix.py", line 325, in open
    raise SerialException(msg.errno, "could not open port {}: {}".format(self._port, msg))
serial.serialutil.SerialException: [Errno 2] could not open port /dev/serial0: [Errno 2] No such file or directory: '/dev/serial0'
[2026-09-25T18:37:27.162+00:00][P1][INFO][DEBUG_TX][sending to arduino]{wire=H}
[2026-09-25T18:37:27.183+00:00][P1][INFO][DEBUG_RX][arduino line]{line="ACK H"}
[2026-09-25T18:37:27.665+00:00][P1][INFO][DEBUG_TX][sending to arduino]{wire=H}
[2026-09-25T18:37:27.685+00:00][P1][INFO][DEBUG_RX][arduino line]{line="ACK H"}
[2026-09-25T18:37:27.837+00:00][P1][INFO][DEBUG_RX][arduino line]{line="HB READY 46031"}
[2026-09-25T18:37:28.048+00:00][P1][INFO][DEBUG_TX][sending to arduino]{wire=F120}
[2026-09-25T18:37:28.064+00:00][P1][INFO][DEBUG_RX][arduino line]{line="ACK F"}
[2026-09-25T18:37:28.165+00:00][P1][INFO][DEBUG_TX][sending to arduino]{wire=H}
[2026-09-25T18:37:28.170+00:00][P1][INFO][DEBUG_RX][arduino line]{line="ACK H"}
[2026-09-25T18:37:28.662+00:00][P1][INFO][DEBUG_TX][sending to arduino]{wire=H}
[2026-09-25T18:37:28.683+00:00][P1][INFO][DEBUG_RX][arduino line]{line="ACK H"}
[2026-09-25T18:37:28.835+00:00][P1][INFO][DEBUG_RX][arduino line]{line="HB ACTIVE 47030"}
[2026-09-25T18:37:29.137+00:00][P1][ERROR][GPS_FAIL][gps read failed; retrying] Traceback (most recent call last):
  File "/home/pi/robot/venv/lib/python3.11/site-packages/serial/serialposix.py", line 322, in open
    self.fd = os.open(self.portstr, os.O_RDWR | os.O_NOCTTY | os.O_NONBLOCK)
              ^^^^^^^^^^^^^^^^^^^^^^^^^^^^^^^^^^^^^^^^^^^^^^^^^^^^^^^^^^^^^^
FileNotFoundError: [Errno 2] No such file or directory: '/dev/serial0'

During handling of the above exception, another exception occurred:

Traceback (most recent call last):
  File "/home/pi/robot/pi/p1_control/gps_reader.py", line 83, in _run_serial
    with serial.Serial(
         ^^^^^^^^^^^^^^
  File "/home/pi/robot/venv/lib/python3.11/site-packages/serial/serialutil.py", line 244, in __init__
    self.open()
  File "/home/pi/robot/venv/lib/python3.11/site-packages/serial/serialposix.py", line 325, in open
    raise SerialException(msg.errno, "could not open port {}: {}".format(self._port, msg))
serial.serialutil.SerialException: [Errno 2] could not open port /dev/serial0: [Errno 2] No such file or directory: '/dev/serial0'
[2026-09-25T18:37:29.163+00:00][P1][INFO][DEBUG_TX][sending to arduino]{wire=H}
[2026-09-25T18:37:29.183+00:00][P1][INFO][DEBUG_RX][arduino line]{line="ACK H"}
[2026-09-25T18:37:29.662+00:00][P1][INFO][DEBUG_TX][sending to arduino]{wire=H}
[2026-09-25T18:37:29.683+00:00][P1][INFO][DEBUG_RX][arduino line]{line="ACK H"}
[2026-09-25T18:37:29.839+00:00][P1][INFO][DEBUG_RX][arduino line]{line="HB ACTIVE 48031"}
[2026-09-25T18:37:30.168+00:00][P1][INFO][DEBUG_TX][sending to arduino]{wire=H}
[2026-09-25T18:37:30.188+00:00][P1][INFO][DEBUG_RX][arduino line]{line="ACK H"}
[2026-09-25T18:37:30.667+00:00][P1][INFO][DEBUG_TX][sending to arduino]{wire=H}
[2026-09-25T18:37:30.688+00:00][P1][INFO][DEBUG_RX][arduino line]{line="ACK H"}
[2026-09-25T18:37:30.841+00:00][P1][INFO][DEBUG_RX][arduino line]{line="HB ACTIVE 49030"}
[2026-09-25T18:37:31.140+00:00][P1][ERROR][GPS_FAIL][gps read failed; retrying] Traceback (most recent call last):
  File "/home/pi/robot/venv/lib/python3.11/site-packages/serial/serialposix.py", line 322, in open
    self.fd = os.open(self.portstr, os.O_RDWR | os.O_NOCTTY | os.O_NONBLOCK)
              ^^^^^^^^^^^^^^^^^^^^^^^^^^^^^^^^^^^^^^^^^^^^^^^^^^^^^^^^^^^^^^
FileNotFoundError: [Errno 2] No such file or directory: '/dev/serial0'

During handling of the above exception, another exception occurred:

Traceback (most recent call last):
  File "/home/pi/robot/pi/p1_control/gps_reader.py", line 83, in _run_serial
    with serial.Serial(
         ^^^^^^^^^^^^^^
  File "/home/pi/robot/venv/lib/python3.11/site-packages/serial/serialutil.py", line 244, in __init__
    self.open()
  File "/home/pi/robot/venv/lib/python3.11/site-packages/serial/serialposix.py", line 325, in open
    raise SerialException(msg.errno, "could not open port {}: {}".format(self._port, msg))
serial.serialutil.SerialException: [Errno 2] could not open port /dev/serial0: [Errno 2] No such file or directory: '/dev/serial0'
[2026-09-25T18:37:31.170+00:00][P1][INFO][DEBUG_TX][sending to arduino]{wire=H}
[2026-09-25T18:37:31.191+00:00][P1][INFO][DEBUG_RX][arduino line]{line="ACK H"}
[2026-09-25T18:37:31.671+00:00][P1][INFO][DEBUG_TX][sending to arduino]{wire=H}
[2026-09-25T18:37:31.691+00:00][P1][INFO][DEBUG_RX][arduino line]{line="ACK H"}
[2026-09-25T18:37:31.846+00:00][P1][INFO][DEBUG_RX][arduino line]{line="HB ACTIVE 50033"}
[2026-09-25T18:37:32.175+00:00][P1][INFO][DEBUG_TX][sending to arduino]{wire=S}
[2026-09-25T18:37:32.177+00:00][P1][INFO][DEBUG_TX][sending to arduino]{wire=H}
[2026-09-25T18:37:32.196+00:00][P1][INFO][DEBUG_RX][arduino line]{line="ACK S"}
[2026-09-25T18:37:32.197+00:00][P1][INFO][DEBUG_RX][arduino line]{line="ACK H"}
[2026-09-25T18:37:32.299+00:00][P1][INFO][DEBUG_TX][sending to arduino]{wire=F120}
[2026-09-25T18:37:32.320+00:00][P1][INFO][DEBUG_RX][arduino line]{line="ACK F"}
[2026-09-25T18:37:32.676+00:00][P1][INFO][DEBUG_TX][sending to arduino]{wire=H}
[2026-09-25T18:37:32.697+00:00][P1][INFO][DEBUG_RX][arduino line]{line="ACK H"}
[2026-09-25T18:37:32.844+00:00][P1][INFO][DEBUG_RX][arduino line]{line="HB ACTIVE 51032"}
[2026-09-25T18:37:33.146+00:00][P1][ERROR][GPS_FAIL][gps read failed; retrying] Traceback (most recent call last):
  File "/home/pi/robot/venv/lib/python3.11/site-packages/serial/serialposix.py", line 322, in open
    self.fd = os.open(self.portstr, os.O_RDWR | os.O_NOCTTY | os.O_NONBLOCK)
              ^^^^^^^^^^^^^^^^^^^^^^^^^^^^^^^^^^^^^^^^^^^^^^^^^^^^^^^^^^^^^^
FileNotFoundError: [Errno 2] No such file or directory: '/dev/serial0'

During handling of the above exception, another exception occurred:

Traceback (most recent call last):
  File "/home/pi/robot/pi/p1_control/gps_reader.py", line 83, in _run_serial
    with serial.Serial(
         ^^^^^^^^^^^^^^
  File "/home/pi/robot/venv/lib/python3.11/site-packages/serial/serialutil.py", line 244, in __init__
    self.open()
  File "/home/pi/robot/venv/lib/python3.11/site-packages/serial/serialposix.py", line 325, in open
    raise SerialException(msg.errno, "could not open port {}: {}".format(self._port, msg))
serial.serialutil.SerialException: [Errno 2] could not open port /dev/serial0: [Errno 2] No such file or directory: '/dev/serial0'
[2026-09-25T18:37:33.172+00:00][P1][INFO][DEBUG_TX][sending to arduino]{wire=H}
[2026-09-25T18:37:33.192+00:00][P1][INFO][DEBUG_RX][arduino line]{line="ACK H"}
[2026-09-25T18:37:33.675+00:00][P1][INFO][DEBUG_TX][sending to arduino]{wire=H}
[2026-09-25T18:37:33.695+00:00][P1][INFO][DEBUG_RX][arduino line]{line="ACK H"}
[2026-09-25T18:37:33.849+00:00][P1][INFO][DEBUG_RX][arduino line]{line="HB ACTIVE 52033"}
[2026-09-25T18:37:34.180+00:00][P1][INFO][DEBUG_TX][sending to arduino]{wire=H}
[2026-09-25T18:37:34.202+00:00][P1][INFO][DEBUG_RX][arduino line]{line="ACK H"}
[2026-09-25T18:37:34.676+00:00][P1][INFO][DEBUG_TX][sending to arduino]{wire=S}
[2026-09-25T18:37:34.678+00:00][P1][INFO][DEBUG_TX][sending to arduino]{wire=H}
[2026-09-25T18:37:34.697+00:00][P1][INFO][DEBUG_RX][arduino line]{line="ACK S"}
[2026-09-25T18:37:34.698+00:00][P1][INFO][DEBUG_RX][arduino line]{line="ACK H"}
[2026-09-25T18:37:34.801+00:00][P1][INFO][DEBUG_TX][sending to arduino]{wire=F120}
[2026-09-25T18:37:34.806+00:00][P1][INFO][DEBUG_RX][arduino line]{line="ACK F"}
[2026-09-25T18:37:34.851+00:00][P1][INFO][DEBUG_RX][arduino line]{line="HB ACTIVE 53032"}
[2026-09-25T18:37:35.149+00:00][P1][ERROR][GPS_FAIL][gps read failed; retrying] Traceback (most recent call last):
  File "/home/pi/robot/venv/lib/python3.11/site-packages/serial/serialposix.py", line 322, in open
    self.fd = os.open(self.portstr, os.O_RDWR | os.O_NOCTTY | os.O_NONBLOCK)
              ^^^^^^^^^^^^^^^^^^^^^^^^^^^^^^^^^^^^^^^^^^^^^^^^^^^^^^^^^^^^^^
FileNotFoundError: [Errno 2] No such file or directory: '/dev/serial0'

During handling of the above exception, another exception occurred:

Traceback (most recent call last):
  File "/home/pi/robot/pi/p1_control/gps_reader.py", line 83, in _run_serial
    with serial.Serial(
         ^^^^^^^^^^^^^^
  File "/home/pi/robot/venv/lib/python3.11/site-packages/serial/serialutil.py", line 244, in __init__
    self.open()
  File "/home/pi/robot/venv/lib/python3.11/site-packages/serial/serialposix.py", line 325, in open
    raise SerialException(msg.errno, "could not open port {}: {}".format(self._port, msg))
serial.serialutil.SerialException: [Errno 2] could not open port /dev/serial0: [Errno 2] No such file or directory: '/dev/serial0'
[2026-09-25T18:37:35.181+00:00][P1][INFO][DEBUG_TX][sending to arduino]{wire=H}
[2026-09-25T18:37:35.202+00:00][P1][INFO][DEBUG_RX][arduino line]{line="ACK H"}
[2026-09-25T18:37:35.676+00:00][P1][INFO][DEBUG_TX][sending to arduino]{wire=H}
[2026-09-25T18:37:35.697+00:00][P1][INFO][DEBUG_RX][arduino line]{line="ACK H"}
[2026-09-25T18:37:35.855+00:00][P1][INFO][DEBUG_RX][arduino line]{line="HB ACTIVE 54035"}
[2026-09-25T18:37:36.185+00:00][P1][INFO][DEBUG_TX][sending to arduino]{wire=H}
[2026-09-25T18:37:36.205+00:00][P1][INFO][DEBUG_RX][arduino line]{line="ACK H"}
[2026-09-25T18:37:36.680+00:00][P1][INFO][DEBUG_TX][sending to arduino]{wire=H}
[2026-09-25T18:37:36.700+00:00][P1][INFO][DEBUG_RX][arduino line]{line="ACK H"}
[2026-09-25T18:37:36.855+00:00][P1][INFO][DEBUG_RX][arduino line]{line="HB ACTIVE 55034"}
[2026-09-25T18:37:37.155+00:00][P1][ERROR][GPS_FAIL][gps read failed; retrying] Traceback (most recent call last):
  File "/home/pi/robot/venv/lib/python3.11/site-packages/serial/serialposix.py", line 322, in open
    self.fd = os.open(self.portstr, os.O_RDWR | os.O_NOCTTY | os.O_NONBLOCK)
              ^^^^^^^^^^^^^^^^^^^^^^^^^^^^^^^^^^^^^^^^^^^^^^^^^^^^^^^^^^^^^^
FileNotFoundError: [Errno 2] No such file or directory: '/dev/serial0'

During handling of the above exception, another exception occurred:

Traceback (most recent call last):
  File "/home/pi/robot/pi/p1_control/gps_reader.py", line 83, in _run_serial
    with serial.Serial(
         ^^^^^^^^^^^^^^
  File "/home/pi/robot/venv/lib/python3.11/site-packages/serial/serialutil.py", line 244, in __init__
    self.open()
  File "/home/pi/robot/venv/lib/python3.11/site-packages/serial/serialposix.py", line 325, in open
    raise SerialException(msg.errno, "could not open port {}: {}".format(self._port, msg))
serial.serialutil.SerialException: [Errno 2] could not open port /dev/serial0: [Errno 2] No such file or directory: '/dev/serial0'
[2026-09-25T18:37:37.184+00:00][P1][INFO][DEBUG_TX][sending to arduino]{wire=H}
[2026-09-25T18:37:37.204+00:00][P1][INFO][DEBUG_RX][arduino line]{line="ACK H"}
[2026-09-25T18:37:37.682+00:00][P1][INFO][DEBUG_TX][sending to arduino]{wire=H}
[2026-09-25T18:37:37.702+00:00][P1][INFO][DEBUG_RX][arduino line]{line="ACK H"}
[2026-09-25T18:37:37.858+00:00][P1][INFO][DEBUG_RX][arduino line]{line="HB ACTIVE 56035"}
[2026-09-25T18:37:38.186+00:00][P1][INFO][DEBUG_TX][sending to arduino]{wire=H}
[2026-09-25T18:37:38.206+00:00][P1][INFO][DEBUG_RX][arduino line]{line="ACK H"}
[2026-09-25T18:37:38.685+00:00][P1][INFO][DEBUG_TX][sending to arduino]{wire=H}
[2026-09-25T18:37:38.705+00:00][P1][INFO][DEBUG_RX][arduino line]{line="ACK H"}
[2026-09-25T18:37:38.857+00:00][P1][INFO][DEBUG_RX][arduino line]{line="HB ACTIVE 57033"}
[2026-09-25T18:37:38.958+00:00][P1][INFO][DEBUG_TX][sending to arduino]{wire=S}
[2026-09-25T18:37:38.964+00:00][P1][INFO][DEBUG_RX][arduino line]{line="ACK S"}
[2026-09-25T18:37:39.065+00:00][P1][INFO][DEBUG_TX][sending to arduino]{wire=F120}
[2026-09-25T18:37:39.070+00:00][P1][INFO][DEBUG_RX][arduino line]{line="ACK F"}
[2026-09-25T18:37:39.161+00:00][P1][ERROR][GPS_FAIL][gps read failed; retrying] Traceback (most recent call last):
  File "/home/pi/robot/venv/lib/python3.11/site-packages/serial/serialposix.py", line 322, in open
    self.fd = os.open(self.portstr, os.O_RDWR | os.O_NOCTTY | os.O_NONBLOCK)
              ^^^^^^^^^^^^^^^^^^^^^^^^^^^^^^^^^^^^^^^^^^^^^^^^^^^^^^^^^^^^^^
FileNotFoundError: [Errno 2] No such file or directory: '/dev/serial0'

During handling of the above exception, another exception occurred:

Traceback (most recent call last):
  File "/home/pi/robot/pi/p1_control/gps_reader.py", line 83, in _run_serial
    with serial.Serial(
         ^^^^^^^^^^^^^^
  File "/home/pi/robot/venv/lib/python3.11/site-packages/serial/serialutil.py", line 244, in __init__
    self.open()
  File "/home/pi/robot/venv/lib/python3.11/site-packages/serial/serialposix.py", line 325, in open
    raise SerialException(msg.errno, "could not open port {}: {}".format(self._port, msg))
serial.serialutil.SerialException: [Errno 2] could not open port /dev/serial0: [Errno 2] No such file or directory: '/dev/serial0'
[2026-09-25T18:37:39.171+00:00][P1][INFO][DEBUG_TX][sending to arduino]{wire=H}
[2026-09-25T18:37:39.184+00:00][P1][INFO][DEBUG_RX][arduino line]{line="ACK H"}
[2026-09-25T18:37:39.461+00:00][P1][INFO][DEBUG_TX][sending to arduino]{wire=S}
[2026-09-25T18:37:39.467+00:00][P1][INFO][DEBUG_RX][arduino line]{line="ACK S"}
[2026-09-25T18:37:39.568+00:00][P1][INFO][DEBUG_TX][sending to arduino]{wire=F120}
[2026-09-25T18:37:39.588+00:00][P1][INFO][DEBUG_RX][arduino line]{line="ACK F"}
[2026-09-25T18:37:39.690+00:00][P1][INFO][DEBUG_TX][sending to arduino]{wire=H}
[2026-09-25T18:37:39.692+00:00][P1][INFO][DEBUG_TX][sending to arduino]{wire=S}
[2026-09-25T18:37:39.696+00:00][P1][INFO][DEBUG_RX][arduino line]{line="ACK H"}
[2026-09-25T18:37:39.698+00:00][P1][INFO][DEBUG_RX][arduino line]{line="ACK S"}
[2026-09-25T18:37:39.800+00:00][P1][INFO][DEBUG_TX][sending to arduino]{wire=F120}
[2026-09-25T18:37:39.805+00:00][P1][INFO][DEBUG_RX][arduino line]{line="ACK F"}
[2026-09-25T18:37:39.863+00:00][P1][INFO][DEBUG_RX][arduino line]{line="HB ACTIVE 58036"}
[2026-09-25T18:37:39.965+00:00][P1][INFO][DEBUG_TX][sending to arduino]{wire=S}
[2026-09-25T18:37:39.967+00:00][P1][INFO][DEBUG_TX][sending to arduino]{wire=F120}
[2026-09-25T18:37:39.973+00:00][P1][INFO][DEBUG_RX][arduino line]{line="ACK S"}
[2026-09-25T18:37:39.988+00:00][P1][INFO][DEBUG_RX][arduino line]{line="ACK F"}
[2026-09-25T18:37:40.090+00:00][P1][INFO][DEBUG_TX][sending to arduino]{wire=S}
[2026-09-25T18:37:40.098+00:00][P1][INFO][DEBUG_RX][arduino line]{line="ACK S"}
[2026-09-25T18:37:40.201+00:00][P1][INFO][DEBUG_TX][sending to arduino]{wire=F120}
[2026-09-25T18:37:40.206+00:00][P1][INFO][DEBUG_TX][sending to arduino]{wire=H}
[2026-09-25T18:37:40.209+00:00][P1][INFO][DEBUG_RX][arduino line]{line="ACK F"}
[2026-09-25T18:37:40.210+00:00][P1][INFO][DEBUG_RX][arduino line]{line="ACK H"}
[2026-09-25T18:37:40.311+00:00][P1][INFO][DEBUG_TX][sending to arduino]{wire=S}
[2026-09-25T18:37:40.317+00:00][P1][INFO][DEBUG_RX][arduino line]{line="ACK S"}
[2026-09-25T18:37:40.465+00:00][P1][INFO][DEBUG_TX][sending to arduino]{wire=F120}
[2026-09-25T18:37:40.471+00:00][P1][INFO][DEBUG_RX][arduino line]{line="ACK F"}
[2026-09-25T18:37:40.576+00:00][P1][INFO][DEBUG_TX][sending to arduino]{wire=S}
[2026-09-25T18:37:40.578+00:00][P1][INFO][DEBUG_TX][sending to arduino]{wire=F120}
[2026-09-25T18:37:40.590+00:00][P1][INFO][DEBUG_RX][arduino line]{line="ACK S"}
[2026-09-25T18:37:40.593+00:00][P1][INFO][DEBUG_RX][arduino line]{line="ACK F"}
[2026-09-25T18:37:40.695+00:00][P1][INFO][DEBUG_TX][sending to arduino]{wire=S}
[2026-09-25T18:37:40.696+00:00][P1][INFO][DEBUG_TX][sending to arduino]{wire=H}
[2026-09-25T18:37:40.697+00:00][P1][INFO][DEBUG_TX][sending to arduino]{wire=F120}
[2026-09-25T18:37:40.701+00:00][P1][INFO][DEBUG_RX][arduino line]{line="ACK S"}
[2026-09-25T18:37:40.702+00:00][P1][INFO][DEBUG_RX][arduino line]{line="ACK H"}
[2026-09-25T18:37:40.703+00:00][P1][INFO][DEBUG_RX][arduino line]{line="ACK F"}
[2026-09-25T18:37:40.805+00:00][P1][INFO][DEBUG_TX][sending to arduino]{wire=S}
[2026-09-25T18:37:40.811+00:00][P1][INFO][DEBUG_RX][arduino line]{line="ACK S"}
[2026-09-25T18:37:40.865+00:00][P1][INFO][DEBUG_RX][arduino line]{line="HB READY 59035"}
[2026-09-25T18:37:40.967+00:00][P1][INFO][DEBUG_TX][sending to arduino]{wire=F120}
[2026-09-25T18:37:40.973+00:00][P1][INFO][DEBUG_TX][sending to arduino]{wire=S}
[2026-09-25T18:37:40.975+00:00][P1][INFO][DEBUG_RX][arduino line]{line="ACK F"}
[2026-09-25T18:37:40.991+00:00][P1][INFO][DEBUG_RX][arduino line]{line="ACK S"}
[2026-09-25T18:37:41.093+00:00][P1][INFO][DEBUG_TX][sending to arduino]{wire=F120}
[2026-09-25T18:37:41.098+00:00][P1][INFO][DEBUG_RX][arduino line]{line="ACK F"}
[2026-09-25T18:37:41.163+00:00][P1][ERROR][GPS_FAIL][gps read failed; retrying] Traceback (most recent call last):
  File "/home/pi/robot/venv/lib/python3.11/site-packages/serial/serialposix.py", line 322, in open
    self.fd = os.open(self.portstr, os.O_RDWR | os.O_NOCTTY | os.O_NONBLOCK)
              ^^^^^^^^^^^^^^^^^^^^^^^^^^^^^^^^^^^^^^^^^^^^^^^^^^^^^^^^^^^^^^
FileNotFoundError: [Errno 2] No such file or directory: '/dev/serial0'

During handling of the above exception, another exception occurred:

Traceback (most recent call last):
  File "/home/pi/robot/pi/p1_control/gps_reader.py", line 83, in _run_serial
    with serial.Serial(
         ^^^^^^^^^^^^^^
  File "/home/pi/robot/venv/lib/python3.11/site-packages/serial/serialutil.py", line 244, in __init__
    self.open()
  File "/home/pi/robot/venv/lib/python3.11/site-packages/serial/serialposix.py", line 325, in open
    raise SerialException(msg.errno, "could not open port {}: {}".format(self._port, msg))
serial.serialutil.SerialException: [Errno 2] could not open port /dev/serial0: [Errno 2] No such file or directory: '/dev/serial0'
[2026-09-25T18:37:41.200+00:00][P1][INFO][DEBUG_TX][sending to arduino]{wire=H}
[2026-09-25T18:37:41.202+00:00][P1][INFO][DEBUG_TX][sending to arduino]{wire=S}
[2026-09-25T18:37:41.205+00:00][P1][INFO][DEBUG_RX][arduino line]{line="ACK H"}
[2026-09-25T18:37:41.206+00:00][P1][INFO][DEBUG_RX][arduino line]{line="ACK S"}
[2026-09-25T18:37:41.308+00:00][P1][INFO][DEBUG_TX][sending to arduino]{wire=F120}
[2026-09-25T18:37:41.314+00:00][P1][INFO][DEBUG_RX][arduino line]{line="ACK F"}
[2026-09-25T18:37:41.465+00:00][P1][INFO][DEBUG_TX][sending to arduino]{wire=S}
[2026-09-25T18:37:41.471+00:00][P1][INFO][DEBUG_RX][arduino line]{line="ACK S"}
[2026-09-25T18:37:41.573+00:00][P1][INFO][DEBUG_TX][sending to arduino]{wire=F120}
[2026-09-25T18:37:41.574+00:00][P1][INFO][DEBUG_TX][sending to arduino]{wire=S}
[2026-09-25T18:37:41.593+00:00][P1][INFO][DEBUG_RX][arduino line]{line="ACK F"}
[2026-09-25T18:37:41.594+00:00][P1][INFO][DEBUG_RX][arduino line]{line="ACK S"}
[2026-09-25T18:37:41.696+00:00][P1][INFO][DEBUG_TX][sending to arduino]{wire=F120}
[2026-09-25T18:37:41.697+00:00][P1][INFO][DEBUG_TX][sending to arduino]{wire=H}
[2026-09-25T18:37:41.701+00:00][P1][INFO][DEBUG_RX][arduino line]{line="ACK F"}
[2026-09-25T18:37:41.703+00:00][P1][INFO][DEBUG_RX][arduino line]{line="ACK H"}
[2026-09-25T18:37:41.806+00:00][P1][INFO][DEBUG_TX][sending to arduino]{wire=S}
[2026-09-25T18:37:41.811+00:00][P1][INFO][DEBUG_RX][arduino line]{line="ACK S"}
[2026-09-25T18:37:41.868+00:00][P1][INFO][DEBUG_RX][arduino line]{line="HB READY 60037"}
[2026-09-25T18:37:41.970+00:00][P1][INFO][DEBUG_TX][sending to arduino]{wire=F120}
[2026-09-25T18:37:41.972+00:00][P1][INFO][DEBUG_TX][sending to arduino]{wire=S}
[2026-09-25T18:37:41.976+00:00][P1][INFO][DEBUG_RX][arduino line]{line="ACK F"}
[2026-09-25T18:37:41.995+00:00][P1][INFO][DEBUG_RX][arduino line]{line="ACK S"}
[2026-09-25T18:37:42.204+00:00][P1][INFO][DEBUG_TX][sending to arduino]{wire=H}
[2026-09-25T18:37:42.224+00:00][P1][INFO][DEBUG_RX][arduino line]{line="ACK H"}
[2026-09-25T18:37:42.699+00:00][P1][INFO][DEBUG_TX][sending to arduino]{wire=H}
[2026-09-25T18:37:42.718+00:00][P1][INFO][DEBUG_RX][arduino line]{line="ACK H"}
[2026-09-25T18:37:42.870+00:00][P1][INFO][DEBUG_RX][arduino line]{line="HB READY 61036"}
[2026-09-25T18:37:43.170+00:00][P1][ERROR][GPS_FAIL][gps read failed; retrying] Traceback (most recent call last):
  File "/home/pi/robot/venv/lib/python3.11/site-packages/serial/serialposix.py", line 322, in open
    self.fd = os.open(self.portstr, os.O_RDWR | os.O_NOCTTY | os.O_NONBLOCK)
              ^^^^^^^^^^^^^^^^^^^^^^^^^^^^^^^^^^^^^^^^^^^^^^^^^^^^^^^^^^^^^^
FileNotFoundError: [Errno 2] No such file or directory: '/dev/serial0'

During handling of the above exception, another exception occurred:

Traceback (most recent call last):
  File "/home/pi/robot/pi/p1_control/gps_reader.py", line 83, in _run_serial
    with serial.Serial(
         ^^^^^^^^^^^^^^
  File "/home/pi/robot/venv/lib/python3.11/site-packages/serial/serialutil.py", line 244, in __init__
    self.open()
  File "/home/pi/robot/venv/lib/python3.11/site-packages/serial/serialposix.py", line 325, in open
    raise SerialException(msg.errno, "could not open port {}: {}".format(self._port, msg))
serial.serialutil.SerialException: [Errno 2] could not open port /dev/serial0: [Errno 2] No such file or directory: '/dev/serial0'
[2026-09-25T18:37:43.201+00:00][P1][INFO][DEBUG_TX][sending to arduino]{wire=H}
[2026-09-25T18:37:43.222+00:00][P1][INFO][DEBUG_RX][arduino line]{line="ACK H"}
[2026-09-25T18:37:43.470+00:00][P1][INFO][DEBUG_TX][sending to arduino]{wire=F120}
[2026-09-25T18:37:43.474+00:00][P1][INFO][DEBUG_RX][arduino line]{line="ACK F"}
[2026-09-25T18:37:43.576+00:00][P1][INFO][DEBUG_TX][sending to arduino]{wire=S}
[2026-09-25T18:37:43.596+00:00][P1][INFO][DEBUG_RX][arduino line]{line="ACK S"}
[2026-09-25T18:37:43.698+00:00][P1][INFO][DEBUG_TX][sending to arduino]{wire=H}
[2026-09-25T18:37:43.700+00:00][P1][INFO][DEBUG_TX][sending to arduino]{wire=F120}
[2026-09-25T18:37:43.704+00:00][P1][INFO][DEBUG_RX][arduino line]{line="ACK H"}
[2026-09-25T18:37:43.706+00:00][P1][INFO][DEBUG_RX][arduino line]{line="ACK F"}
[2026-09-25T18:37:43.809+00:00][P1][INFO][DEBUG_TX][sending to arduino]{wire=S}
[2026-09-25T18:37:43.815+00:00][P1][INFO][DEBUG_RX][arduino line]{line="ACK S"}
[2026-09-25T18:37:43.871+00:00][P1][INFO][DEBUG_RX][arduino line]{line="HB READY 62038"}
[2026-09-25T18:37:43.972+00:00][P1][INFO][DEBUG_TX][sending to arduino]{wire=F120}
[2026-09-25T18:37:43.972+00:00][P1][INFO][DEBUG_TX][sending to arduino]{wire=S}
[2026-09-25T18:37:43.977+00:00][P1][INFO][DEBUG_RX][arduino line]{line="ACK F"}
[2026-09-25T18:37:43.978+00:00][P1][INFO][DEBUG_RX][arduino line]{line="ACK S"}
[2026-09-25T18:37:44.184+00:00][P1][INFO][DEBUG_TX][sending to arduino]{wire=F120}
[2026-09-25T18:37:44.185+00:00][P1][INFO][DEBUG_TX][sending to arduino]{wire=H}
[2026-09-25T18:37:44.185+00:00][P1][INFO][DEBUG_TX][sending to arduino]{wire=S}
[2026-09-25T18:37:44.204+00:00][P1][INFO][DEBUG_RX][arduino line]{line="ACK F"}
[2026-09-25T18:37:44.205+00:00][P1][INFO][DEBUG_RX][arduino line]{line="ACK H"}
[2026-09-25T18:37:44.205+00:00][P1][INFO][DEBUG_RX][arduino line]{line="ACK S"}
[2026-09-25T18:37:44.306+00:00][P1][INFO][DEBUG_TX][sending to arduino]{wire=F120}
[2026-09-25T18:37:44.312+00:00][P1][INFO][DEBUG_RX][arduino line]{line="ACK F"}
[2026-09-25T18:37:44.697+00:00][P1][INFO][DEBUG_TX][sending to arduino]{wire=H}
[2026-09-25T18:37:44.717+00:00][P1][INFO][DEBUG_RX][arduino line]{line="ACK H"}
[2026-09-25T18:37:44.870+00:00][P1][INFO][DEBUG_RX][arduino line]{line="HB ACTIVE 63036"}
[2026-09-25T18:37:45.177+00:00][P1][ERROR][GPS_FAIL][gps read failed; retrying] Traceback (most recent call last):
  File "/home/pi/robot/venv/lib/python3.11/site-packages/serial/serialposix.py", line 322, in open
    self.fd = os.open(self.portstr, os.O_RDWR | os.O_NOCTTY | os.O_NONBLOCK)
              ^^^^^^^^^^^^^^^^^^^^^^^^^^^^^^^^^^^^^^^^^^^^^^^^^^^^^^^^^^^^^^
FileNotFoundError: [Errno 2] No such file or directory: '/dev/serial0'

During handling of the above exception, another exception occurred:

Traceback (most recent call last):
  File "/home/pi/robot/pi/p1_control/gps_reader.py", line 83, in _run_serial
    with serial.Serial(
         ^^^^^^^^^^^^^^
  File "/home/pi/robot/venv/lib/python3.11/site-packages/serial/serialutil.py", line 244, in __init__
    self.open()
  File "/home/pi/robot/venv/lib/python3.11/site-packages/serial/serialposix.py", line 325, in open
    raise SerialException(msg.errno, "could not open port {}: {}".format(self._port, msg))
serial.serialutil.SerialException: [Errno 2] could not open port /dev/serial0: [Errno 2] No such file or directory: '/dev/serial0'
[2026-09-25T18:37:45.201+00:00][P1][INFO][DEBUG_TX][sending to arduino]{wire=H}
[2026-09-25T18:37:45.222+00:00][P1][INFO][DEBUG_RX][arduino line]{line="ACK H"}
[2026-09-25T18:37:45.701+00:00][P1][INFO][DEBUG_TX][sending to arduino]{wire=H}
[2026-09-25T18:37:45.721+00:00][P1][INFO][DEBUG_RX][arduino line]{line="ACK H"}
[2026-09-25T18:37:45.880+00:00][P1][INFO][DEBUG_RX][arduino line]{line="HB ACTIVE 64038"}
[2026-09-25T18:37:46.208+00:00][P1][INFO][DEBUG_TX][sending to arduino]{wire=H}
[2026-09-25T18:37:46.230+00:00][P1][INFO][DEBUG_RX][arduino line]{line="ACK H"}
[2026-09-25T18:37:46.476+00:00][P1][INFO][DEBUG_TX][sending to arduino]{wire=S}
[2026-09-25T18:37:46.481+00:00][P1][INFO][DEBUG_RX][arduino line]{line="ACK S"}
[2026-09-25T18:37:46.689+00:00][P1][INFO][DEBUG_TX][sending to arduino]{wire=H}
[2026-09-25T18:37:46.690+00:00][P1][INFO][DEBUG_TX][sending to arduino]{wire=F120}
[2026-09-25T18:37:46.713+00:00][P1][INFO][DEBUG_RX][arduino line]{line="ACK H"}
[2026-09-25T18:37:46.714+00:00][P1][INFO][DEBUG_RX][arduino line]{line="ACK F"}
[2026-09-25T18:37:46.878+00:00][P1][INFO][DEBUG_RX][arduino line]{line="HB ACTIVE 65037"}
[2026-09-25T18:37:47.185+00:00][P1][ERROR][GPS_FAIL][gps read failed; retrying] Traceback (most recent call last):
  File "/home/pi/robot/venv/lib/python3.11/site-packages/serial/serialposix.py", line 322, in open
    self.fd = os.open(self.portstr, os.O_RDWR | os.O_NOCTTY | os.O_NONBLOCK)
              ^^^^^^^^^^^^^^^^^^^^^^^^^^^^^^^^^^^^^^^^^^^^^^^^^^^^^^^^^^^^^^
FileNotFoundError: [Errno 2] No such file or directory: '/dev/serial0'

During handling of the above exception, another exception occurred:

Traceback (most recent call last):
  File "/home/pi/robot/pi/p1_control/gps_reader.py", line 83, in _run_serial
    with serial.Serial(
         ^^^^^^^^^^^^^^
  File "/home/pi/robot/venv/lib/python3.11/site-packages/serial/serialutil.py", line 244, in __init__
    self.open()
  File "/home/pi/robot/venv/lib/python3.11/site-packages/serial/serialposix.py", line 325, in open
    raise SerialException(msg.errno, "could not open port {}: {}".format(self._port, msg))
serial.serialutil.SerialException: [Errno 2] could not open port /dev/serial0: [Errno 2] No such file or directory: '/dev/serial0'
[2026-09-25T18:37:47.209+00:00][P1][INFO][DEBUG_TX][sending to arduino]{wire=H}
[2026-09-25T18:37:47.230+00:00][P1][INFO][DEBUG_RX][arduino line]{line="ACK H"}
[2026-09-25T18:37:47.706+00:00][P1][INFO][DEBUG_TX][sending to arduino]{wire=H}
[2026-09-25T18:37:47.726+00:00][P1][INFO][DEBUG_RX][arduino line]{line="ACK H"}
[2026-09-25T18:37:47.882+00:00][P1][INFO][DEBUG_RX][arduino line]{line="HB ACTIVE 66040"}
[2026-09-25T18:37:48.213+00:00][P1][INFO][DEBUG_TX][sending to arduino]{wire=H}
[2026-09-25T18:37:48.233+00:00][P1][INFO][DEBUG_RX][arduino line]{line="ACK H"}
[2026-09-25T18:37:48.335+00:00][P1][INFO][DEBUG_TX][sending to arduino]{wire=S}
[2026-09-25T18:37:48.340+00:00][P1][INFO][DEBUG_RX][arduino line]{line="ACK S"}
[2026-09-25T18:37:48.482+00:00][P1][INFO][DEBUG_TX][sending to arduino]{wire=F120}
[2026-09-25T18:37:48.487+00:00][P1][INFO][DEBUG_RX][arduino line]{line="ACK F"}
[2026-09-25T18:37:48.694+00:00][P1][INFO][DEBUG_TX][sending to arduino]{wire=H}
[2026-09-25T18:37:48.715+00:00][P1][INFO][DEBUG_RX][arduino line]{line="ACK H"}
[2026-09-25T18:37:48.883+00:00][P1][INFO][DEBUG_RX][arduino line]{line="HB ACTIVE 67039"}
[2026-09-25T18:37:49.191+00:00][P1][ERROR][GPS_FAIL][gps read failed; retrying] Traceback (most recent call last):
  File "/home/pi/robot/venv/lib/python3.11/site-packages/serial/serialposix.py", line 322, in open
    self.fd = os.open(self.portstr, os.O_RDWR | os.O_NOCTTY | os.O_NONBLOCK)
              ^^^^^^^^^^^^^^^^^^^^^^^^^^^^^^^^^^^^^^^^^^^^^^^^^^^^^^^^^^^^^^
FileNotFoundError: [Errno 2] No such file or directory: '/dev/serial0'

During handling of the above exception, another exception occurred:

Traceback (most recent call last):
  File "/home/pi/robot/pi/p1_control/gps_reader.py", line 83, in _run_serial
    with serial.Serial(
         ^^^^^^^^^^^^^^
  File "/home/pi/robot/venv/lib/python3.11/site-packages/serial/serialutil.py", line 244, in __init__
    self.open()
  File "/home/pi/robot/venv/lib/python3.11/site-packages/serial/serialposix.py", line 325, in open
    raise SerialException(msg.errno, "could not open port {}: {}".format(self._port, msg))
serial.serialutil.SerialException: [Errno 2] could not open port /dev/serial0: [Errno 2] No such file or directory: '/dev/serial0'
[2026-09-25T18:37:49.213+00:00][P1][INFO][DEBUG_TX][sending to arduino]{wire=H}
[2026-09-25T18:37:49.233+00:00][P1][INFO][DEBUG_RX][arduino line]{line="ACK H"}
[2026-09-25T18:37:49.713+00:00][P1][INFO][DEBUG_TX][sending to arduino]{wire=H}
[2026-09-25T18:37:49.734+00:00][P1][INFO][DEBUG_RX][arduino line]{line="ACK H"}
[2026-09-25T18:37:49.836+00:00][P1][INFO][DEBUG_TX][sending to arduino]{wire=S}
[2026-09-25T18:37:49.842+00:00][P1][INFO][DEBUG_RX][arduino line]{line="ACK S"}
[2026-09-25T18:37:49.887+00:00][P1][INFO][DEBUG_RX][arduino line]{line="HB READY 68041"}
[2026-09-25T18:37:49.990+00:00][P1][INFO][DEBUG_TX][sending to arduino]{wire=F120}
[2026-09-25T18:37:49.995+00:00][P1][INFO][DEBUG_RX][arduino line]{line="ACK F"}
[2026-09-25T18:37:50.098+00:00][P1][INFO][DEBUG_TX][sending to arduino]{wire=S}
[2026-09-25T18:37:50.113+00:00][P1][INFO][DEBUG_RX][arduino line]{line="ACK S"}
[2026-09-25T18:37:50.215+00:00][P1][INFO][DEBUG_TX][sending to arduino]{wire=H}
[2026-09-25T18:37:50.223+00:00][P1][INFO][DEBUG_RX][arduino line]{line="ACK H"}
[2026-09-25T18:37:50.486+00:00][P1][INFO][DEBUG_TX][sending to arduino]{wire=F120}
[2026-09-25T18:37:50.491+00:00][P1][INFO][DEBUG_RX][arduino line]{line="ACK F"}
[2026-09-25T18:37:50.594+00:00][P1][INFO][DEBUG_TX][sending to arduino]{wire=S}
[2026-09-25T18:37:50.613+00:00][P1][INFO][DEBUG_RX][arduino line]{line="ACK S"}
[2026-09-25T18:37:50.716+00:00][P1][INFO][DEBUG_TX][sending to arduino]{wire=H}
[2026-09-25T18:37:50.721+00:00][P1][INFO][DEBUG_RX][arduino line]{line="ACK H"}
[2026-09-25T18:37:50.888+00:00][P1][INFO][DEBUG_RX][arduino line]{line="HB READY 69040"}
[2026-09-25T18:37:50.989+00:00][P1][INFO][DEBUG_TX][sending to arduino]{wire=F120}
[2026-09-25T18:37:50.990+00:00][P1][INFO][DEBUG_TX][sending to arduino]{wire=S}
[2026-09-25T18:37:50.995+00:00][P1][INFO][DEBUG_RX][arduino line]{line="ACK F"}
[2026-09-25T18:37:50.995+00:00][P1][INFO][DEBUG_RX][arduino line]{line="ACK S"}
[2026-09-25T18:37:51.200+00:00][P1][ERROR][GPS_FAIL][gps read failed; retrying] Traceback (most recent call last):
  File "/home/pi/robot/venv/lib/python3.11/site-packages/serial/serialposix.py", line 322, in open
    self.fd = os.open(self.portstr, os.O_RDWR | os.O_NOCTTY | os.O_NONBLOCK)
              ^^^^^^^^^^^^^^^^^^^^^^^^^^^^^^^^^^^^^^^^^^^^^^^^^^^^^^^^^^^^^^
FileNotFoundError: [Errno 2] No such file or directory: '/dev/serial0'

During handling of the above exception, another exception occurred:

Traceback (most recent call last):
  File "/home/pi/robot/pi/p1_control/gps_reader.py", line 83, in _run_serial
    with serial.Serial(
         ^^^^^^^^^^^^^^
  File "/home/pi/robot/venv/lib/python3.11/site-packages/serial/serialutil.py", line 244, in __init__
    self.open()
  File "/home/pi/robot/venv/lib/python3.11/site-packages/serial/serialposix.py", line 325, in open
    raise SerialException(msg.errno, "could not open port {}: {}".format(self._port, msg))
serial.serialutil.SerialException: [Errno 2] could not open port /dev/serial0: [Errno 2] No such file or directory: '/dev/serial0'
[2026-09-25T18:37:51.208+00:00][P1][INFO][DEBUG_TX][sending to arduino]{wire=H}
[2026-09-25T18:37:51.231+00:00][P1][INFO][DEBUG_RX][arduino line]{line="ACK H"}
[2026-09-25T18:37:51.721+00:00][P1][INFO][DEBUG_TX][sending to arduino]{wire=H}
[2026-09-25T18:37:51.742+00:00][P1][INFO][DEBUG_RX][arduino line]{line="ACK H"}
[2026-09-25T18:37:51.892+00:00][P1][INFO][DEBUG_RX][arduino line]{line="HB READY 70042"}
[2026-09-25T18:37:52.223+00:00][P1][INFO][DEBUG_TX][sending to arduino]{wire=H}
[2026-09-25T18:37:52.225+00:00][P1][INFO][DEBUG_TX][sending to arduino]{wire=F120}
[2026-09-25T18:37:52.243+00:00][P1][INFO][DEBUG_RX][arduino line]{line="ACK H"}
[2026-09-25T18:37:52.244+00:00][P1][INFO][DEBUG_RX][arduino line]{line="ACK F"}
[2026-09-25T18:37:52.492+00:00][P1][INFO][DEBUG_TX][sending to arduino]{wire=S}
[2026-09-25T18:37:52.497+00:00][P1][INFO][DEBUG_RX][arduino line]{line="ACK S"}
[2026-09-25T18:37:52.598+00:00][P1][INFO][DEBUG_TX][sending to arduino]{wire=F120}
[2026-09-25T18:37:52.620+00:00][P1][INFO][DEBUG_RX][arduino line]{line="ACK F"}
[2026-09-25T18:37:52.722+00:00][P1][INFO][DEBUG_TX][sending to arduino]{wire=H}
[2026-09-25T18:37:52.728+00:00][P1][INFO][DEBUG_RX][arduino line]{line="ACK H"}
[2026-09-25T18:37:52.901+00:00][P1][INFO][DEBUG_RX][arduino line]{line="HB ACTIVE 71041"}
[2026-09-25T18:37:53.220+00:00][P1][ERROR][GPS_FAIL][gps read failed; retrying] Traceback (most recent call last):
  File "/home/pi/robot/venv/lib/python3.11/site-packages/serial/serialposix.py", line 322, in open
    self.fd = os.open(self.portstr, os.O_RDWR | os.O_NOCTTY | os.O_NONBLOCK)
              ^^^^^^^^^^^^^^^^^^^^^^^^^^^^^^^^^^^^^^^^^^^^^^^^^^^^^^^^^^^^^^
FileNotFoundError: [Errno 2] No such file or directory: '/dev/serial0'

During handling of the above exception, another exception occurred:

Traceback (most recent call last):
  File "/home/pi/robot/pi/p1_control/gps_reader.py", line 83, in _run_serial
    with serial.Serial(
         ^^^^^^^^^^^^^^
  File "/home/pi/robot/venv/lib/python3.11/site-packages/serial/serialutil.py", line 244, in __init__
    self.open()
  File "/home/pi/robot/venv/lib/python3.11/site-packages/serial/serialposix.py", line 325, in open
    raise SerialException(msg.errno, "could not open port {}: {}".format(self._port, msg))
serial.serialutil.SerialException: [Errno 2] could not open port /dev/serial0: [Errno 2] No such file or directory: '/dev/serial0'
[2026-09-25T18:37:53.230+00:00][P1][INFO][DEBUG_TX][sending to arduino]{wire=H}
[2026-09-25T18:37:53.250+00:00][P1][INFO][DEBUG_RX][arduino line]{line="ACK H"}
[2026-09-25T18:37:53.721+00:00][P1][INFO][DEBUG_TX][sending to arduino]{wire=H}
[2026-09-25T18:37:53.741+00:00][P1][INFO][DEBUG_RX][arduino line]{line="ACK H"}
[2026-09-25T18:37:53.897+00:00][P1][INFO][DEBUG_RX][arduino line]{line="HB ACTIVE 72043"}
[2026-09-25T18:37:54.225+00:00][P1][INFO][DEBUG_TX][sending to arduino]{wire=H}
[2026-09-25T18:37:54.246+00:00][P1][INFO][DEBUG_RX][arduino line]{line="ACK H"}
[2026-09-25T18:37:54.721+00:00][P1][INFO][DEBUG_TX][sending to arduino]{wire=H}
[2026-09-25T18:37:54.741+00:00][P1][INFO][DEBUG_RX][arduino line]{line="ACK H"}
[2026-09-25T18:37:54.897+00:00][P1][INFO][DEBUG_RX][arduino line]{line="HB ACTIVE 73042"}
[2026-09-25T18:37:55.224+00:00][P1][INFO][DEBUG_TX][sending to arduino]{wire=H}
[2026-09-25T18:37:55.226+00:00][P1][ERROR][GPS_FAIL][gps read failed; retrying] Traceback (most recent call last):
  File "/home/pi/robot/venv/lib/python3.11/site-packages/serial/serialposix.py", line 322, in open
    self.fd = os.open(self.portstr, os.O_RDWR | os.O_NOCTTY | os.O_NONBLOCK)
              ^^^^^^^^^^^^^^^^^^^^^^^^^^^^^^^^^^^^^^^^^^^^^^^^^^^^^^^^^^^^^^
FileNotFoundError: [Errno 2] No such file or directory: '/dev/serial0'

During handling of the above exception, another exception occurred:

Traceback (most recent call last):
  File "/home/pi/robot/pi/p1_control/gps_reader.py", line 83, in _run_serial
    with serial.Serial(
         ^^^^^^^^^^^^^^
  File "/home/pi/robot/venv/lib/python3.11/site-packages/serial/serialutil.py", line 244, in __init__
    self.open()
  File "/home/pi/robot/venv/lib/python3.11/site-packages/serial/serialposix.py", line 325, in open
    raise SerialException(msg.errno, "could not open port {}: {}".format(self._port, msg))
serial.serialutil.SerialException: [Errno 2] could not open port /dev/serial0: [Errno 2] No such file or directory: '/dev/serial0'
[2026-09-25T18:37:55.244+00:00][P1][INFO][DEBUG_RX][arduino line]{line="ACK H"}
[2026-09-25T18:37:55.724+00:00][P1][INFO][DEBUG_TX][sending to arduino]{wire=H}
[2026-09-25T18:37:55.746+00:00][P1][INFO][DEBUG_RX][arduino line]{line="ACK H"}
[2026-09-25T18:37:55.900+00:00][P1][INFO][DEBUG_RX][arduino line]{line="HB ACTIVE 74044"}
[2026-09-25T18:37:56.227+00:00][P1][INFO][DEBUG_TX][sending to arduino]{wire=H}
[2026-09-25T18:37:56.248+00:00][P1][INFO][DEBUG_RX][arduino line]{line="ACK H"}
[2026-09-25T18:37:56.606+00:00][P1][INFO][DEBUG_TX][sending to arduino]{wire=S}
[2026-09-25T18:37:56.627+00:00][P1][INFO][DEBUG_RX][arduino line]{line="ACK S"}
[2026-09-25T18:37:56.729+00:00][P1][INFO][DEBUG_TX][sending to arduino]{wire=H}
[2026-09-25T18:37:56.734+00:00][P1][INFO][DEBUG_RX][arduino line]{line="ACK H"}
[2026-09-25T18:37:56.903+00:00][P1][INFO][DEBUG_RX][arduino line]{line="HB READY 75043"}
[2026-09-25T18:37:57.233+00:00][P1][INFO][DEBUG_TX][sending to arduino]{wire=H}
[2026-09-25T18:37:57.238+00:00][P1][ERROR][GPS_FAIL][gps read failed; retrying] Traceback (most recent call last):
  File "/home/pi/robot/venv/lib/python3.11/site-packages/serial/serialposix.py", line 322, in open
    self.fd = os.open(self.portstr, os.O_RDWR | os.O_NOCTTY | os.O_NONBLOCK)
              ^^^^^^^^^^^^^^^^^^^^^^^^^^^^^^^^^^^^^^^^^^^^^^^^^^^^^^^^^^^^^^
FileNotFoundError: [Errno 2] No such file or directory: '/dev/serial0'

During handling of the above exception, another exception occurred:

Traceback (most recent call last):
  File "/home/pi/robot/pi/p1_control/gps_reader.py", line 83, in _run_serial
    with serial.Serial(
         ^^^^^^^^^^^^^^
  File "/home/pi/robot/venv/lib/python3.11/site-packages/serial/serialutil.py", line 244, in __init__
    self.open()
  File "/home/pi/robot/venv/lib/python3.11/site-packages/serial/serialposix.py", line 325, in open
    raise SerialException(msg.errno, "could not open port {}: {}".format(self._port, msg))
serial.serialutil.SerialException: [Errno 2] could not open port /dev/serial0: [Errno 2] No such file or directory: '/dev/serial0'
[2026-09-25T18:37:57.253+00:00][P1][INFO][DEBUG_RX][arduino line]{line="ACK H"}
[2026-09-25T18:37:57.731+00:00][P1][INFO][DEBUG_TX][sending to arduino]{wire=H}
[2026-09-25T18:37:57.751+00:00][P1][INFO][DEBUG_RX][arduino line]{line="ACK H"}
[2026-09-25T18:37:57.906+00:00][P1][INFO][DEBUG_RX][arduino line]{line="HB READY 76045"}
[2026-09-25T18:37:58.238+00:00][P1][INFO][DEBUG_TX][sending to arduino]{wire=H}
[2026-09-25T18:37:58.260+00:00][P1][INFO][DEBUG_RX][arduino line]{line="ACK H"}
[2026-09-25T18:37:58.734+00:00][P1][INFO][DEBUG_TX][sending to arduino]{wire=H}
[2026-09-25T18:37:58.755+00:00][P1][INFO][DEBUG_RX][arduino line]{line="ACK H"}
[2026-09-25T18:37:58.904+00:00][P1][INFO][DEBUG_RX][arduino line]{line="HB READY 77043"}
[2026-09-25T18:37:59.137+00:00][P1][INFO][DEBUG_TX][sending to arduino]{wire=H}
[2026-09-25T18:37:59.143+00:00][P1][INFO][DEBUG_RX][arduino line]{line="ACK H"}
[2026-09-25T18:37:59.245+00:00][P1][ERROR][GPS_FAIL][gps read failed; retrying] Traceback (most recent call last):
  File "/home/pi/robot/venv/lib/python3.11/site-packages/serial/serialposix.py", line 322, in open
    self.fd = os.open(self.portstr, os.O_RDWR | os.O_NOCTTY | os.O_NONBLOCK)
              ^^^^^^^^^^^^^^^^^^^^^^^^^^^^^^^^^^^^^^^^^^^^^^^^^^^^^^^^^^^^^^
FileNotFoundError: [Errno 2] No such file or directory: '/dev/serial0'

During handling of the above exception, another exception occurred:

Traceback (most recent call last):
  File "/home/pi/robot/pi/p1_control/gps_reader.py", line 83, in _run_serial
    with serial.Serial(
         ^^^^^^^^^^^^^^
  File "/home/pi/robot/venv/lib/python3.11/site-packages/serial/serialutil.py", line 244, in __init__
    self.open()
  File "/home/pi/robot/venv/lib/python3.11/site-packages/serial/serialposix.py", line 325, in open
    raise SerialException(msg.errno, "could not open port {}: {}".format(self._port, msg))
serial.serialutil.SerialException: [Errno 2] could not open port /dev/serial0: [Errno 2] No such file or directory: '/dev/serial0'
[2026-09-25T18:37:59.737+00:00][P1][INFO][DEBUG_TX][sending to arduino]{wire=H}
[2026-09-25T18:37:59.759+00:00][P1][INFO][DEBUG_RX][arduino line]{line="ACK H"}
[2026-09-25T18:37:59.907+00:00][P1][INFO][DEBUG_RX][arduino line]{line="HB READY 78044"}
[2026-09-25T18:38:00.141+00:00][P1][INFO][DEBUG_TX][sending to arduino]{wire=H}
[2026-09-25T18:38:00.144+00:00][P1][INFO][DEBUG_RX][arduino line]{line="ACK H"}
[2026-09-25T18:38:00.741+00:00][P1][INFO][DEBUG_TX][sending to arduino]{wire=H}
[2026-09-25T18:38:00.761+00:00][P1][INFO][DEBUG_RX][arduino line]{line="ACK H"}
[2026-09-25T18:38:00.906+00:00][P1][INFO][DEBUG_RX][arduino line]{line="HB READY 79043"}
[2026-09-25T18:38:01.137+00:00][P1][INFO][DEBUG_TX][sending to arduino]{wire=H}
[2026-09-25T18:38:01.143+00:00][P1][INFO][DEBUG_RX][arduino line]{line="ACK H"}
[2026-09-25T18:38:01.254+00:00][P1][ERROR][GPS_FAIL][gps read failed; retrying] Traceback (most recent call last):
  File "/home/pi/robot/venv/lib/python3.11/site-packages/serial/serialposix.py", line 322, in open
    self.fd = os.open(self.portstr, os.O_RDWR | os.O_NOCTTY | os.O_NONBLOCK)
              ^^^^^^^^^^^^^^^^^^^^^^^^^^^^^^^^^^^^^^^^^^^^^^^^^^^^^^^^^^^^^^
FileNotFoundError: [Errno 2] No such file or directory: '/dev/serial0'

During handling of the above exception, another exception occurred:

Traceback (most recent call last):
  File "/home/pi/robot/pi/p1_control/gps_reader.py", line 83, in _run_serial
    with serial.Serial(
         ^^^^^^^^^^^^^^
  File "/home/pi/robot/venv/lib/python3.11/site-packages/serial/serialutil.py", line 244, in __init__
    self.open()
  File "/home/pi/robot/venv/lib/python3.11/site-packages/serial/serialposix.py", line 325, in open
    raise SerialException(msg.errno, "could not open port {}: {}".format(self._port, msg))
serial.serialutil.SerialException: [Errno 2] could not open port /dev/serial0: [Errno 2] No such file or directory: '/dev/serial0'
[2026-09-25T18:38:01.744+00:00][P1][INFO][DEBUG_TX][sending to arduino]{wire=H}
[2026-09-25T18:38:01.764+00:00][P1][INFO][DEBUG_RX][arduino line]{line="ACK H"}
[2026-09-25T18:38:01.913+00:00][P1][INFO][DEBUG_RX][arduino line]{line="HB READY 80047"}
[2026-09-25T18:38:02.136+00:00][P1][INFO][DEBUG_TX][sending to arduino]{wire=H}
[2026-09-25T18:38:02.142+00:00][P1][INFO][DEBUG_RX][arduino line]{line="ACK H"}
[2026-09-25T18:38:02.749+00:00][P1][INFO][DEBUG_TX][sending to arduino]{wire=H}
[2026-09-25T18:38:02.771+00:00][P1][INFO][DEBUG_RX][arduino line]{line="ACK H"}
[2026-09-25T18:38:02.917+00:00][P1][INFO][DEBUG_RX][arduino line]{line="HB READY 81046"}
[2026-09-25T18:38:03.136+00:00][P1][INFO][DEBUG_TX][sending to arduino]{wire=H}
[2026-09-25T18:38:03.146+00:00][P1][INFO][DEBUG_RX][arduino line]{line="ACK H"}
[2026-09-25T18:38:03.260+00:00][P1][ERROR][GPS_FAIL][gps read failed; retrying] Traceback (most recent call last):
  File "/home/pi/robot/venv/lib/python3.11/site-packages/serial/serialposix.py", line 322, in open
    self.fd = os.open(self.portstr, os.O_RDWR | os.O_NOCTTY | os.O_NONBLOCK)
              ^^^^^^^^^^^^^^^^^^^^^^^^^^^^^^^^^^^^^^^^^^^^^^^^^^^^^^^^^^^^^^
FileNotFoundError: [Errno 2] No such file or directory: '/dev/serial0'

During handling of the above exception, another exception occurred:

Traceback (most recent call last):
  File "/home/pi/robot/pi/p1_control/gps_reader.py", line 83, in _run_serial
    with serial.Serial(
         ^^^^^^^^^^^^^^
  File "/home/pi/robot/venv/lib/python3.11/site-packages/serial/serialutil.py", line 244, in __init__
    self.open()
  File "/home/pi/robot/venv/lib/python3.11/site-packages/serial/serialposix.py", line 325, in open
    raise SerialException(msg.errno, "could not open port {}: {}".format(self._port, msg))
serial.serialutil.SerialException: [Errno 2] could not open port /dev/serial0: [Errno 2] No such file or directory: '/dev/serial0'
[2026-09-25T18:38:03.746+00:00][P1][INFO][DEBUG_TX][sending to arduino]{wire=H}
[2026-09-25T18:38:03.766+00:00][P1][INFO][DEBUG_RX][arduino line]{line="ACK H"}
[2026-09-25T18:38:03.919+00:00][P1][INFO][DEBUG_RX][arduino line]{line="HB READY 82046"}
[2026-09-25T18:38:04.136+00:00][P1][INFO][DEBUG_TX][sending to arduino]{wire=H}
[2026-09-25T18:38:04.149+00:00][P1][INFO][DEBUG_RX][arduino line]{line="ACK H"}
[2026-09-25T18:38:04.634+00:00][P1][INFO][DEBUG_TX][sending to arduino]{wire=H}
[2026-09-25T18:38:04.646+00:00][P1][INFO][DEBUG_RX][arduino line]{line="ACK H"}
[2026-09-25T18:38:04.919+00:00][P1][INFO][DEBUG_RX][arduino line]{line="HB READY 83046"}
[2026-09-25T18:38:05.135+00:00][P1][INFO][DEBUG_TX][sending to arduino]{wire=H}
[2026-09-25T18:38:05.151+00:00][P1][INFO][DEBUG_RX][arduino line]{line="ACK H"}
[2026-09-25T18:38:05.265+00:00][P1][ERROR][GPS_FAIL][gps read failed; retrying] Traceback (most recent call last):
  File "/home/pi/robot/venv/lib/python3.11/site-packages/serial/serialposix.py", line 322, in open
    self.fd = os.open(self.portstr, os.O_RDWR | os.O_NOCTTY | os.O_NONBLOCK)
              ^^^^^^^^^^^^^^^^^^^^^^^^^^^^^^^^^^^^^^^^^^^^^^^^^^^^^^^^^^^^^^
FileNotFoundError: [Errno 2] No such file or directory: '/dev/serial0'

During handling of the above exception, another exception occurred:

Traceback (most recent call last):
  File "/home/pi/robot/pi/p1_control/gps_reader.py", line 83, in _run_serial
    with serial.Serial(
         ^^^^^^^^^^^^^^
  File "/home/pi/robot/venv/lib/python3.11/site-packages/serial/serialutil.py", line 244, in __init__
    self.open()
  File "/home/pi/robot/venv/lib/python3.11/site-packages/serial/serialposix.py", line 325, in open
    raise SerialException(msg.errno, "could not open port {}: {}".format(self._port, msg))
serial.serialutil.SerialException: [Errno 2] could not open port /dev/serial0: [Errno 2] No such file or directory: '/dev/serial0'
[2026-09-25T18:38:05.638+00:00][P1][INFO][DEBUG_TX][sending to arduino]{wire=H}
[2026-09-25T18:38:05.650+00:00][P1][INFO][DEBUG_RX][arduino line]{line="ACK H"}
[2026-09-25T18:38:05.927+00:00][P1][INFO][DEBUG_RX][arduino line]{line="HB READY 84048"}
[2026-09-25T18:38:06.138+00:00][P1][INFO][DEBUG_TX][sending to arduino]{wire=H}
[2026-09-25T18:38:06.161+00:00][P1][INFO][DEBUG_RX][arduino line]{line="ACK H"}
[2026-09-25T18:38:06.637+00:00][P1][INFO][DEBUG_TX][sending to arduino]{wire=H}
[2026-09-25T18:38:06.652+00:00][P1][INFO][DEBUG_RX][arduino line]{line="ACK H"}
[2026-09-25T18:38:06.925+00:00][P1][INFO][DEBUG_RX][arduino line]{line="HB READY 85047"}
[2026-09-25T18:38:07.138+00:00][P1][INFO][DEBUG_TX][sending to arduino]{wire=H}
[2026-09-25T18:38:07.154+00:00][P1][INFO][DEBUG_RX][arduino line]{line="ACK H"}
[2026-09-25T18:38:07.268+00:00][P1][ERROR][GPS_FAIL][gps read failed; retrying] Traceback (most recent call last):
  File "/home/pi/robot/venv/lib/python3.11/site-packages/serial/serialposix.py", line 322, in open
    self.fd = os.open(self.portstr, os.O_RDWR | os.O_NOCTTY | os.O_NONBLOCK)
              ^^^^^^^^^^^^^^^^^^^^^^^^^^^^^^^^^^^^^^^^^^^^^^^^^^^^^^^^^^^^^^
FileNotFoundError: [Errno 2] No such file or directory: '/dev/serial0'

During handling of the above exception, another exception occurred:

Traceback (most recent call last):
  File "/home/pi/robot/pi/p1_control/gps_reader.py", line 83, in _run_serial
    with serial.Serial(
         ^^^^^^^^^^^^^^
  File "/home/pi/robot/venv/lib/python3.11/site-packages/serial/serialutil.py", line 244, in __init__
    self.open()
  File "/home/pi/robot/venv/lib/python3.11/site-packages/serial/serialposix.py", line 325, in open
    raise SerialException(msg.errno, "could not open port {}: {}".format(self._port, msg))
serial.serialutil.SerialException: [Errno 2] could not open port /dev/serial0: [Errno 2] No such file or directory: '/dev/serial0'
[2026-09-25T18:38:07.637+00:00][P1][INFO][DEBUG_TX][sending to arduino]{wire=H}
[2026-09-25T18:38:07.654+00:00][P1][INFO][DEBUG_RX][arduino line]{line="ACK H"}
[2026-09-25T18:38:07.930+00:00][P1][INFO][DEBUG_RX][arduino line]{line="HB READY 86049"}
[2026-09-25T18:38:08.138+00:00][P1][INFO][DEBUG_TX][sending to arduino]{wire=H}
[2026-09-25T18:38:08.158+00:00][P1][INFO][DEBUG_RX][arduino line]{line="ACK H"}
[2026-09-25T18:38:08.642+00:00][P1][INFO][DEBUG_TX][sending to arduino]{wire=H}
[2026-09-25T18:38:08.655+00:00][P1][INFO][DEBUG_RX][arduino line]{line="ACK H"}
[2026-09-25T18:38:08.930+00:00][P1][INFO][DEBUG_RX][arduino line]{line="HB READY 87048"}
[2026-09-25T18:38:09.144+00:00][P1][INFO][DEBUG_TX][sending to arduino]{wire=H}
[2026-09-25T18:38:09.162+00:00][P1][INFO][DEBUG_RX][arduino line]{line="ACK H"}
[2026-09-25T18:38:09.277+00:00][P1][ERROR][GPS_FAIL][gps read failed; retrying] Traceback (most recent call last):
  File "/home/pi/robot/venv/lib/python3.11/site-packages/serial/serialposix.py", line 322, in open
    self.fd = os.open(self.portstr, os.O_RDWR | os.O_NOCTTY | os.O_NONBLOCK)
              ^^^^^^^^^^^^^^^^^^^^^^^^^^^^^^^^^^^^^^^^^^^^^^^^^^^^^^^^^^^^^^
FileNotFoundError: [Errno 2] No such file or directory: '/dev/serial0'

During handling of the above exception, another exception occurred:

Traceback (most recent call last):
  File "/home/pi/robot/pi/p1_control/gps_reader.py", line 83, in _run_serial
    with serial.Serial(
         ^^^^^^^^^^^^^^
  File "/home/pi/robot/venv/lib/python3.11/site-packages/serial/serialutil.py", line 244, in __init__
    self.open()
  File "/home/pi/robot/venv/lib/python3.11/site-packages/serial/serialposix.py", line 325, in open
    raise SerialException(msg.errno, "could not open port {}: {}".format(self._port, msg))
serial.serialutil.SerialException: [Errno 2] could not open port /dev/serial0: [Errno 2] No such file or directory: '/dev/serial0'
[2026-09-25T18:38:09.640+00:00][P1][INFO][DEBUG_TX][sending to arduino]{wire=H}
[2026-09-25T18:38:09.663+00:00][P1][INFO][DEBUG_RX][arduino line]{line="ACK H"}
[2026-09-25T18:38:09.937+00:00][P1][INFO][DEBUG_RX][arduino line]{line="HB READY 88050"}
[2026-09-25T18:38:10.151+00:00][P1][INFO][DEBUG_TX][sending to arduino]{wire=H}
[2026-09-25T18:38:10.172+00:00][P1][INFO][DEBUG_RX][arduino line]{line="ACK H"}
[2026-09-25T18:38:10.641+00:00][P1][INFO][DEBUG_TX][sending to arduino]{wire=H}
[2026-09-25T18:38:10.662+00:00][P1][INFO][DEBUG_RX][arduino line]{line="ACK H"}
[2026-09-25T18:38:10.934+00:00][P1][INFO][DEBUG_RX][arduino line]{line="HB READY 89049"}
[2026-09-25T18:38:11.144+00:00][P1][INFO][DEBUG_TX][sending to arduino]{wire=H}
[2026-09-25T18:38:11.164+00:00][P1][INFO][DEBUG_RX][arduino line]{line="ACK H"}
[2026-09-25T18:38:11.284+00:00][P1][ERROR][GPS_FAIL][gps read failed; retrying] Traceback (most recent call last):
  File "/home/pi/robot/venv/lib/python3.11/site-packages/serial/serialposix.py", line 322, in open
    self.fd = os.open(self.portstr, os.O_RDWR | os.O_NOCTTY | os.O_NONBLOCK)
              ^^^^^^^^^^^^^^^^^^^^^^^^^^^^^^^^^^^^^^^^^^^^^^^^^^^^^^^^^^^^^^
FileNotFoundError: [Errno 2] No such file or directory: '/dev/serial0'

During handling of the above exception, another exception occurred:

Traceback (most recent call last):
  File "/home/pi/robot/pi/p1_control/gps_reader.py", line 83, in _run_serial
    with serial.Serial(
         ^^^^^^^^^^^^^^
  File "/home/pi/robot/venv/lib/python3.11/site-packages/serial/serialutil.py", line 244, in __init__
    self.open()
  File "/home/pi/robot/venv/lib/python3.11/site-packages/serial/serialposix.py", line 325, in open
    raise SerialException(msg.errno, "could not open port {}: {}".format(self._port, msg))
serial.serialutil.SerialException: [Errno 2] could not open port /dev/serial0: [Errno 2] No such file or directory: '/dev/serial0'
[2026-09-25T18:38:11.641+00:00][P1][INFO][DEBUG_TX][sending to arduino]{wire=H}
[2026-09-25T18:38:11.661+00:00][P1][INFO][DEBUG_RX][arduino line]{line="ACK H"}
[2026-09-25T18:38:11.937+00:00][P1][INFO][DEBUG_RX][arduino line]{line="HB READY 90051"}
[2026-09-25T18:38:12.143+00:00][P1][INFO][DEBUG_TX][sending to arduino]{wire=H}
[2026-09-25T18:38:12.165+00:00][P1][INFO][DEBUG_RX][arduino line]{line="ACK H"}
[2026-09-25T18:38:12.645+00:00][P1][INFO][DEBUG_TX][sending to arduino]{wire=H}
[2026-09-25T18:38:12.665+00:00][P1][INFO][DEBUG_RX][arduino line]{line="ACK H"}
[2026-09-25T18:38:12.941+00:00][P1][INFO][DEBUG_RX][arduino line]{line="HB READY 91051"}
[2026-09-25T18:38:13.147+00:00][P1][INFO][DEBUG_TX][sending to arduino]{wire=H}
[2026-09-25T18:38:13.168+00:00][P1][INFO][DEBUG_RX][arduino line]{line="ACK H"}
[2026-09-25T18:38:13.290+00:00][P1][ERROR][GPS_FAIL][gps read failed; retrying] Traceback (most recent call last):
  File "/home/pi/robot/venv/lib/python3.11/site-packages/serial/serialposix.py", line 322, in open
    self.fd = os.open(self.portstr, os.O_RDWR | os.O_NOCTTY | os.O_NONBLOCK)
              ^^^^^^^^^^^^^^^^^^^^^^^^^^^^^^^^^^^^^^^^^^^^^^^^^^^^^^^^^^^^^^
FileNotFoundError: [Errno 2] No such file or directory: '/dev/serial0'

During handling of the above exception, another exception occurred:

Traceback (most recent call last):
  File "/home/pi/robot/pi/p1_control/gps_reader.py", line 83, in _run_serial
    with serial.Serial(
         ^^^^^^^^^^^^^^
  File "/home/pi/robot/venv/lib/python3.11/site-packages/serial/serialutil.py", line 244, in __init__
    self.open()
  File "/home/pi/robot/venv/lib/python3.11/site-packages/serial/serialposix.py", line 325, in open
    raise SerialException(msg.errno, "could not open port {}: {}".format(self._port, msg))
serial.serialutil.SerialException: [Errno 2] could not open port /dev/serial0: [Errno 2] No such file or directory: '/dev/serial0'
[2026-09-25T18:38:13.645+00:00][P1][INFO][DEBUG_TX][sending to arduino]{wire=H}
[2026-09-25T18:38:13.665+00:00][P1][INFO][DEBUG_RX][arduino line]{line="ACK H"}
[2026-09-25T18:38:13.943+00:00][P1][INFO][DEBUG_RX][arduino line]{line="HB READY 92052"}
[2026-09-25T18:38:14.151+00:00][P1][INFO][DEBUG_TX][sending to arduino]{wire=H}
[2026-09-25T18:38:14.173+00:00][P1][INFO][DEBUG_RX][arduino line]{line="ACK H"}
[2026-09-25T18:38:14.649+00:00][P1][INFO][DEBUG_TX][sending to arduino]{wire=H}
[2026-09-25T18:38:14.671+00:00][P1][INFO][DEBUG_RX][arduino line]{line="ACK H"}
[2026-09-25T18:38:14.946+00:00][P1][INFO][DEBUG_RX][arduino line]{line="HB READY 93051"}
[2026-09-25T18:38:15.155+00:00][P1][INFO][DEBUG_TX][sending to arduino]{wire=H}
[2026-09-25T18:38:15.175+00:00][P1][INFO][DEBUG_RX][arduino line]{line="ACK H"}
[2026-09-25T18:38:15.293+00:00][P1][ERROR][GPS_FAIL][gps read failed; retrying] Traceback (most recent call last):
  File "/home/pi/robot/venv/lib/python3.11/site-packages/serial/serialposix.py", line 322, in open
    self.fd = os.open(self.portstr, os.O_RDWR | os.O_NOCTTY | os.O_NONBLOCK)
              ^^^^^^^^^^^^^^^^^^^^^^^^^^^^^^^^^^^^^^^^^^^^^^^^^^^^^^^^^^^^^^
FileNotFoundError: [Errno 2] No such file or directory: '/dev/serial0'

During handling of the above exception, another exception occurred:

Traceback (most recent call last):
  File "/home/pi/robot/pi/p1_control/gps_reader.py", line 83, in _run_serial
    with serial.Serial(
         ^^^^^^^^^^^^^^
  File "/home/pi/robot/venv/lib/python3.11/site-packages/serial/serialutil.py", line 244, in __init__
    self.open()
  File "/home/pi/robot/venv/lib/python3.11/site-packages/serial/serialposix.py", line 325, in open
    raise SerialException(msg.errno, "could not open port {}: {}".format(self._port, msg))
serial.serialutil.SerialException: [Errno 2] could not open port /dev/serial0: [Errno 2] No such file or directory: '/dev/serial0'
[2026-09-25T18:38:15.662+00:00][P1][INFO][DEBUG_TX][sending to arduino]{wire=H}
[2026-09-25T18:38:15.682+00:00][P1][INFO][DEBUG_RX][arduino line]{line="ACK H"}
[2026-09-25T18:38:15.948+00:00][P1][INFO][DEBUG_RX][arduino line]{line="HB READY 94053"}
[2026-09-25T18:38:16.158+00:00][P1][INFO][DEBUG_TX][sending to arduino]{wire=H}
[2026-09-25T18:38:16.180+00:00][P1][INFO][DEBUG_RX][arduino line]{line="ACK H"}
[2026-09-25T18:38:16.654+00:00][P1][INFO][DEBUG_TX][sending to arduino]{wire=H}
[2026-09-25T18:38:16.675+00:00][P1][INFO][DEBUG_RX][arduino line]{line="ACK H"}
[2026-09-25T18:38:16.950+00:00][P1][INFO][DEBUG_RX][arduino line]{line="HB READY 95052"}
[2026-09-25T18:38:17.161+00:00][P1][INFO][DEBUG_TX][sending to arduino]{wire=H}
[2026-09-25T18:38:17.180+00:00][P1][INFO][DEBUG_RX][arduino line]{line="ACK H"}
[2026-09-25T18:38:17.316+00:00][P1][ERROR][GPS_FAIL][gps read failed; retrying] Traceback (most recent call last):
  File "/home/pi/robot/venv/lib/python3.11/site-packages/serial/serialposix.py", line 322, in open
    self.fd = os.open(self.portstr, os.O_RDWR | os.O_NOCTTY | os.O_NONBLOCK)
              ^^^^^^^^^^^^^^^^^^^^^^^^^^^^^^^^^^^^^^^^^^^^^^^^^^^^^^^^^^^^^^
FileNotFoundError: [Errno 2] No such file or directory: '/dev/serial0'

During handling of the above exception, another exception occurred:

Traceback (most recent call last):
  File "/home/pi/robot/pi/p1_control/gps_reader.py", line 83, in _run_serial
    with serial.Serial(
         ^^^^^^^^^^^^^^
  File "/home/pi/robot/venv/lib/python3.11/site-packages/serial/serialutil.py", line 244, in __init__
    self.open()
  File "/home/pi/robot/venv/lib/python3.11/site-packages/serial/serialposix.py", line 325, in open
    raise SerialException(msg.errno, "could not open port {}: {}".format(self._port, msg))
serial.serialutil.SerialException: [Errno 2] could not open port /dev/serial0: [Errno 2] No such file or directory: '/dev/serial0'
[2026-09-25T18:38:17.663+00:00][P1][INFO][DEBUG_TX][sending to arduino]{wire=H}
[2026-09-25T18:38:17.685+00:00][P1][INFO][DEBUG_RX][arduino line]{line="ACK H"}
[2026-09-25T18:38:17.953+00:00][P1][INFO][DEBUG_RX][arduino line]{line="HB READY 96054"}
[2026-09-25T18:38:18.162+00:00][P1][INFO][DEBUG_TX][sending to arduino]{wire=H}
[2026-09-25T18:38:18.182+00:00][P1][INFO][DEBUG_RX][arduino line]{line="ACK H"}
[2026-09-25T18:38:18.662+00:00][P1][INFO][DEBUG_TX][sending to arduino]{wire=H}
[2026-09-25T18:38:18.685+00:00][P1][INFO][DEBUG_RX][arduino line]{line="ACK H"}
[2026-09-25T18:38:18.954+00:00][P1][INFO][DEBUG_RX][arduino line]{line="HB READY 97053"}
[2026-09-25T18:38:19.163+00:00][P1][INFO][DEBUG_TX][sending to arduino]{wire=H}
[2026-09-25T18:38:19.184+00:00][P1][INFO][DEBUG_RX][arduino line]{line="ACK H"}
[2026-09-25T18:38:19.325+00:00][P1][ERROR][GPS_FAIL][gps read failed; retrying] Traceback (most recent call last):
  File "/home/pi/robot/venv/lib/python3.11/site-packages/serial/serialposix.py", line 322, in open
    self.fd = os.open(self.portstr, os.O_RDWR | os.O_NOCTTY | os.O_NONBLOCK)
              ^^^^^^^^^^^^^^^^^^^^^^^^^^^^^^^^^^^^^^^^^^^^^^^^^^^^^^^^^^^^^^
FileNotFoundError: [Errno 2] No such file or directory: '/dev/serial0'

During handling of the above exception, another exception occurred:

Traceback (most recent call last):
  File "/home/pi/robot/pi/p1_control/gps_reader.py", line 83, in _run_serial
    with serial.Serial(
         ^^^^^^^^^^^^^^
  File "/home/pi/robot/venv/lib/python3.11/site-packages/serial/serialutil.py", line 244, in __init__
    self.open()
  File "/home/pi/robot/venv/lib/python3.11/site-packages/serial/serialposix.py", line 325, in open
    raise SerialException(msg.errno, "could not open port {}: {}".format(self._port, msg))
serial.serialutil.SerialException: [Errno 2] could not open port /dev/serial0: [Errno 2] No such file or directory: '/dev/serial0'
[2026-09-25T18:38:19.392+00:00][P1][INFO][DEBUG_TX][sending to arduino]{wire=F120}
[2026-09-25T18:38:19.413+00:00][P1][INFO][DEBUG_RX][arduino line]{line="ACK F"}
[2026-09-25T18:38:19.661+00:00][P1][INFO][DEBUG_TX][sending to arduino]{wire=H}
[2026-09-25T18:38:19.682+00:00][P1][INFO][DEBUG_RX][arduino line]{line="ACK H"}
[2026-09-25T18:38:19.957+00:00][P1][INFO][DEBUG_RX][arduino line]{line="HB ACTIVE 98055"}
[2026-09-25T18:38:20.165+00:00][P1][INFO][DEBUG_TX][sending to arduino]{wire=H}
[2026-09-25T18:38:20.186+00:00][P1][INFO][DEBUG_RX][arduino line]{line="ACK H"}
[2026-09-25T18:38:20.664+00:00][P1][INFO][DEBUG_TX][sending to arduino]{wire=H}
[2026-09-25T18:38:20.685+00:00][P1][INFO][DEBUG_RX][arduino line]{line="ACK H"}
[2026-09-25T18:38:20.959+00:00][P1][INFO][DEBUG_RX][arduino line]{line="HB ACTIVE 99054"}
[2026-09-25T18:38:21.168+00:00][P1][INFO][DEBUG_TX][sending to arduino]{wire=H}
[2026-09-25T18:38:21.188+00:00][P1][INFO][DEBUG_RX][arduino line]{line="ACK H"}
[2026-09-25T18:38:21.334+00:00][P1][ERROR][GPS_FAIL][gps read failed; retrying] Traceback (most recent call last):
  File "/home/pi/robot/venv/lib/python3.11/site-packages/serial/serialposix.py", line 322, in open
    self.fd = os.open(self.portstr, os.O_RDWR | os.O_NOCTTY | os.O_NONBLOCK)
              ^^^^^^^^^^^^^^^^^^^^^^^^^^^^^^^^^^^^^^^^^^^^^^^^^^^^^^^^^^^^^^
FileNotFoundError: [Errno 2] No such file or directory: '/dev/serial0'

During handling of the above exception, another exception occurred:

Traceback (most recent call last):
  File "/home/pi/robot/pi/p1_control/gps_reader.py", line 83, in _run_serial
    with serial.Serial(
         ^^^^^^^^^^^^^^
  File "/home/pi/robot/venv/lib/python3.11/site-packages/serial/serialutil.py", line 244, in __init__
    self.open()
  File "/home/pi/robot/venv/lib/python3.11/site-packages/serial/serialposix.py", line 325, in open
    raise SerialException(msg.errno, "could not open port {}: {}".format(self._port, msg))
serial.serialutil.SerialException: [Errno 2] could not open port /dev/serial0: [Errno 2] No such file or directory: '/dev/serial0'
[2026-09-25T18:38:21.666+00:00][P1][INFO][DEBUG_TX][sending to arduino]{wire=H}
[2026-09-25T18:38:21.687+00:00][P1][INFO][DEBUG_RX][arduino line]{line="ACK H"}
[2026-09-25T18:38:21.961+00:00][P1][INFO][DEBUG_RX][arduino line]{line="HB ACTIVE 100055"}
[2026-09-25T18:38:22.171+00:00][P1][INFO][DEBUG_TX][sending to arduino]{wire=H}
[2026-09-25T18:38:22.191+00:00][P1][INFO][DEBUG_RX][arduino line]{line="ACK H"}
[2026-09-25T18:38:22.668+00:00][P1][INFO][DEBUG_TX][sending to arduino]{wire=H}
[2026-09-25T18:38:22.688+00:00][P1][INFO][DEBUG_RX][arduino line]{line="ACK H"}
[2026-09-25T18:38:22.963+00:00][P1][INFO][DEBUG_RX][arduino line]{line="HB ACTIVE 101055"}
[2026-09-25T18:38:23.173+00:00][P1][INFO][DEBUG_TX][sending to arduino]{wire=H}
[2026-09-25T18:38:23.194+00:00][P1][INFO][DEBUG_RX][arduino line]{line="ACK H"}
[2026-09-25T18:38:23.340+00:00][P1][ERROR][GPS_FAIL][gps read failed; retrying] Traceback (most recent call last):
  File "/home/pi/robot/venv/lib/python3.11/site-packages/serial/serialposix.py", line 322, in open
    self.fd = os.open(self.portstr, os.O_RDWR | os.O_NOCTTY | os.O_NONBLOCK)
              ^^^^^^^^^^^^^^^^^^^^^^^^^^^^^^^^^^^^^^^^^^^^^^^^^^^^^^^^^^^^^^
FileNotFoundError: [Errno 2] No such file or directory: '/dev/serial0'

During handling of the above exception, another exception occurred:

Traceback (most recent call last):
  File "/home/pi/robot/pi/p1_control/gps_reader.py", line 83, in _run_serial
    with serial.Serial(
         ^^^^^^^^^^^^^^
  File "/home/pi/robot/venv/lib/python3.11/site-packages/serial/serialutil.py", line 244, in __init__
    self.open()
  File "/home/pi/robot/venv/lib/python3.11/site-packages/serial/serialposix.py", line 325, in open
    raise SerialException(msg.errno, "could not open port {}: {}".format(self._port, msg))
serial.serialutil.SerialException: [Errno 2] could not open port /dev/serial0: [Errno 2] No such file or directory: '/dev/serial0'
[2026-09-25T18:38:23.669+00:00][P1][INFO][DEBUG_TX][sending to arduino]{wire=H}
[2026-09-25T18:38:23.689+00:00][P1][INFO][DEBUG_RX][arduino line]{line="ACK H"}
[2026-09-25T18:38:23.966+00:00][P1][INFO][DEBUG_RX][arduino line]{line="HB ACTIVE 102056"}
[2026-09-25T18:38:24.173+00:00][P1][INFO][DEBUG_TX][sending to arduino]{wire=H}
[2026-09-25T18:38:24.194+00:00][P1][INFO][DEBUG_RX][arduino line]{line="ACK H"}
[2026-09-25T18:38:24.672+00:00][P1][INFO][DEBUG_TX][sending to arduino]{wire=H}
[2026-09-25T18:38:24.692+00:00][P1][INFO][DEBUG_RX][arduino line]{line="ACK H"}
[2026-09-25T18:38:24.966+00:00][P1][INFO][DEBUG_RX][arduino line]{line="HB ACTIVE 103055"}
[2026-09-25T18:38:25.173+00:00][P1][INFO][DEBUG_TX][sending to arduino]{wire=H}
[2026-09-25T18:38:25.195+00:00][P1][INFO][DEBUG_RX][arduino line]{line="ACK H"}
[2026-09-25T18:38:25.342+00:00][P1][ERROR][GPS_FAIL][gps read failed; retrying] Traceback (most recent call last):
  File "/home/pi/robot/venv/lib/python3.11/site-packages/serial/serialposix.py", line 322, in open
    self.fd = os.open(self.portstr, os.O_RDWR | os.O_NOCTTY | os.O_NONBLOCK)
              ^^^^^^^^^^^^^^^^^^^^^^^^^^^^^^^^^^^^^^^^^^^^^^^^^^^^^^^^^^^^^^
FileNotFoundError: [Errno 2] No such file or directory: '/dev/serial0'

During handling of the above exception, another exception occurred:

Traceback (most recent call last):
  File "/home/pi/robot/pi/p1_control/gps_reader.py", line 83, in _run_serial
    with serial.Serial(
         ^^^^^^^^^^^^^^
  File "/home/pi/robot/venv/lib/python3.11/site-packages/serial/serialutil.py", line 244, in __init__
    self.open()
  File "/home/pi/robot/venv/lib/python3.11/site-packages/serial/serialposix.py", line 325, in open
    raise SerialException(msg.errno, "could not open port {}: {}".format(self._port, msg))
serial.serialutil.SerialException: [Errno 2] could not open port /dev/serial0: [Errno 2] No such file or directory: '/dev/serial0'
[2026-09-25T18:38:25.674+00:00][P1][INFO][DEBUG_TX][sending to arduino]{wire=H}
[2026-09-25T18:38:25.694+00:00][P1][INFO][DEBUG_RX][arduino line]{line="ACK H"}
[2026-09-25T18:38:25.971+00:00][P1][INFO][DEBUG_RX][arduino line]{line="HB ACTIVE 104057"}
[2026-09-25T18:38:26.179+00:00][P1][INFO][DEBUG_TX][sending to arduino]{wire=H}
[2026-09-25T18:38:26.199+00:00][P1][INFO][DEBUG_RX][arduino line]{line="ACK H"}
[2026-09-25T18:38:26.406+00:00][P1][INFO][DEBUG_TX][sending to arduino]{wire=S}
[2026-09-25T18:38:26.428+00:00][P1][INFO][DEBUG_RX][arduino line]{line="ACK S"}
[2026-09-25T18:38:26.676+00:00][P1][INFO][DEBUG_TX][sending to arduino]{wire=H}
[2026-09-25T18:38:26.696+00:00][P1][INFO][DEBUG_RX][arduino line]{line="ACK H"}
[2026-09-25T18:38:26.972+00:00][P1][INFO][DEBUG_RX][arduino line]{line="HB READY 105056"}
[2026-09-25T18:38:27.181+00:00][P1][INFO][DEBUG_TX][sending to arduino]{wire=H}
[2026-09-25T18:38:27.200+00:00][P1][INFO][DEBUG_RX][arduino line]{line="ACK H"}
[2026-09-25T18:38:27.345+00:00][P1][ERROR][GPS_FAIL][gps read failed; retrying] Traceback (most recent call last):
  File "/home/pi/robot/venv/lib/python3.11/site-packages/serial/serialposix.py", line 322, in open
    self.fd = os.open(self.portstr, os.O_RDWR | os.O_NOCTTY | os.O_NONBLOCK)
              ^^^^^^^^^^^^^^^^^^^^^^^^^^^^^^^^^^^^^^^^^^^^^^^^^^^^^^^^^^^^^^
FileNotFoundError: [Errno 2] No such file or directory: '/dev/serial0'

During handling of the above exception, another exception occurred:

Traceback (most recent call last):
  File "/home/pi/robot/pi/p1_control/gps_reader.py", line 83, in _run_serial
    with serial.Serial(
         ^^^^^^^^^^^^^^
  File "/home/pi/robot/venv/lib/python3.11/site-packages/serial/serialutil.py", line 244, in __init__
    self.open()
  File "/home/pi/robot/venv/lib/python3.11/site-packages/serial/serialposix.py", line 325, in open
    raise SerialException(msg.errno, "could not open port {}: {}".format(self._port, msg))
serial.serialutil.SerialException: [Errno 2] could not open port /dev/serial0: [Errno 2] No such file or directory: '/dev/serial0'
[2026-09-25T18:38:27.573+00:00][P1][INFO][DEBUG_TX][sending to arduino]{wire=S}
[2026-09-25T18:38:27.578+00:00][P1][INFO][DEBUG_RX][arduino line]{line="ACK S"}
[2026-09-25T18:38:27.680+00:00][P1][INFO][DEBUG_TX][sending to arduino]{wire=H}
[2026-09-25T18:38:27.685+00:00][P1][INFO][DEBUG_RX][arduino line]{line="ACK H"}
[2026-09-25T18:38:27.976+00:00][P1][INFO][DEBUG_RX][arduino line]{line="HB READY 106058"}
[2026-09-25T18:38:28.185+00:00][P1][INFO][DEBUG_TX][sending to arduino]{wire=H}
[2026-09-25T18:38:28.205+00:00][P1][INFO][DEBUG_RX][arduino line]{line="ACK H"}
[2026-09-25T18:38:28.685+00:00][P1][INFO][DEBUG_TX][sending to arduino]{wire=H}
[2026-09-25T18:38:28.687+00:00][P1][INFO][DEBUG_TX][sending to arduino]{wire=S}
[2026-09-25T18:38:28.705+00:00][P1][INFO][DEBUG_RX][arduino line]{line="ACK H"}
[2026-09-25T18:38:28.707+00:00][P1][INFO][DEBUG_RX][arduino line]{line="ACK S"}
[2026-09-25T18:38:28.977+00:00][P1][INFO][DEBUG_RX][arduino line]{line="HB READY 107057"}
[2026-09-25T18:38:29.079+00:00][P1][INFO][DEBUG_TX][sending to arduino]{wire=S}
[2026-09-25T18:38:29.085+00:00][P1][INFO][DEBUG_RX][arduino line]{line="ACK S"}
[2026-09-25T18:38:29.187+00:00][P1][INFO][DEBUG_TX][sending to arduino]{wire=H}
[2026-09-25T18:38:29.188+00:00][P1][INFO][DEBUG_TX][sending to arduino]{wire=S}
[2026-09-25T18:38:29.205+00:00][P1][INFO][DEBUG_RX][arduino line]{line="ACK H"}
[2026-09-25T18:38:29.207+00:00][P1][INFO][DEBUG_RX][arduino line]{line="ACK S"}
[2026-09-25T18:38:29.348+00:00][P1][ERROR][GPS_FAIL][gps read failed; retrying] Traceback (most recent call last):
  File "/home/pi/robot/venv/lib/python3.11/site-packages/serial/serialposix.py", line 322, in open
    self.fd = os.open(self.portstr, os.O_RDWR | os.O_NOCTTY | os.O_NONBLOCK)
              ^^^^^^^^^^^^^^^^^^^^^^^^^^^^^^^^^^^^^^^^^^^^^^^^^^^^^^^^^^^^^^
FileNotFoundError: [Errno 2] No such file or directory: '/dev/serial0'

During handling of the above exception, another exception occurred:

Traceback (most recent call last):
  File "/home/pi/robot/pi/p1_control/gps_reader.py", line 83, in _run_serial
    with serial.Serial(
         ^^^^^^^^^^^^^^
  File "/home/pi/robot/venv/lib/python3.11/site-packages/serial/serialutil.py", line 244, in __init__
    self.open()
  File "/home/pi/robot/venv/lib/python3.11/site-packages/serial/serialposix.py", line 325, in open
    raise SerialException(msg.errno, "could not open port {}: {}".format(self._port, msg))
serial.serialutil.SerialException: [Errno 2] could not open port /dev/serial0: [Errno 2] No such file or directory: '/dev/serial0'
[2026-09-25T18:38:29.415+00:00][P1][INFO][DEBUG_TX][sending to arduino]{wire=S}
[2026-09-25T18:38:29.435+00:00][P1][INFO][DEBUG_RX][arduino line]{line="ACK S"}
[2026-09-25T18:38:29.689+00:00][P1][INFO][DEBUG_TX][sending to arduino]{wire=S}
[2026-09-25T18:38:29.690+00:00][P1][INFO][DEBUG_TX][sending to arduino]{wire=H}
[2026-09-25T18:38:29.709+00:00][P1][INFO][DEBUG_RX][arduino line]{line="ACK S"}
[2026-09-25T18:38:29.710+00:00][P1][INFO][DEBUG_RX][arduino line]{line="ACK H"}
[2026-09-25T18:38:29.918+00:00][P1][INFO][DEBUG_TX][sending to arduino]{wire=S}
[2026-09-25T18:38:29.939+00:00][P1][INFO][DEBUG_RX][arduino line]{line="ACK S"}
[2026-09-25T18:38:29.981+00:00][P1][INFO][DEBUG_RX][arduino line]{line="HB READY 108059"}
[2026-09-25T18:38:30.189+00:00][P1][INFO][DEBUG_TX][sending to arduino]{wire=H}
[2026-09-25T18:38:30.210+00:00][P1][INFO][DEBUG_RX][arduino line]{line="ACK H"}
[2026-09-25T18:38:30.687+00:00][P1][INFO][DEBUG_TX][sending to arduino]{wire=H}
[2026-09-25T18:38:30.708+00:00][P1][INFO][DEBUG_RX][arduino line]{line="ACK H"}
[2026-09-25T18:38:30.982+00:00][P1][INFO][DEBUG_RX][arduino line]{line="HB READY 109058"}
[2026-09-25T18:38:31.189+00:00][P1][INFO][DEBUG_TX][sending to arduino]{wire=H}
[2026-09-25T18:38:31.209+00:00][P1][INFO][DEBUG_RX][arduino line]{line="ACK H"}
[2026-09-25T18:38:31.354+00:00][P1][ERROR][GPS_FAIL][gps read failed; retrying] Traceback (most recent call last):
  File "/home/pi/robot/venv/lib/python3.11/site-packages/serial/serialposix.py", line 322, in open
    self.fd = os.open(self.portstr, os.O_RDWR | os.O_NOCTTY | os.O_NONBLOCK)
              ^^^^^^^^^^^^^^^^^^^^^^^^^^^^^^^^^^^^^^^^^^^^^^^^^^^^^^^^^^^^^^
FileNotFoundError: [Errno 2] No such file or directory: '/dev/serial0'

During handling of the above exception, another exception occurred:

Traceback (most recent call last):
  File "/home/pi/robot/pi/p1_control/gps_reader.py", line 83, in _run_serial
    with serial.Serial(
         ^^^^^^^^^^^^^^
  File "/home/pi/robot/venv/lib/python3.11/site-packages/serial/serialutil.py", line 244, in __init__
    self.open()
  File "/home/pi/robot/venv/lib/python3.11/site-packages/serial/serialposix.py", line 325, in open
    raise SerialException(msg.errno, "could not open port {}: {}".format(self._port, msg))
serial.serialutil.SerialException: [Errno 2] could not open port /dev/serial0: [Errno 2] No such file or directory: '/dev/serial0'
[2026-09-25T18:38:31.689+00:00][P1][INFO][DEBUG_TX][sending to arduino]{wire=H}
[2026-09-25T18:38:31.711+00:00][P1][INFO][DEBUG_RX][arduino line]{line="ACK H"}
[2026-09-25T18:38:31.986+00:00][P1][INFO][DEBUG_RX][arduino line]{line="HB READY 110060"}
[2026-09-25T18:38:32.193+00:00][P1][INFO][DEBUG_TX][sending to arduino]{wire=H}
[2026-09-25T18:38:32.214+00:00][P1][INFO][DEBUG_RX][arduino line]{line="ACK H"}
[2026-09-25T18:38:32.689+00:00][P1][INFO][DEBUG_TX][sending to arduino]{wire=H}
[2026-09-25T18:38:32.708+00:00][P1][INFO][DEBUG_RX][arduino line]{line="ACK H"}
[2026-09-25T18:38:32.986+00:00][P1][INFO][DEBUG_RX][arduino line]{line="HB READY 111059"}
[2026-09-25T18:38:33.192+00:00][P1][INFO][DEBUG_TX][sending to arduino]{wire=H}
[2026-09-25T18:38:33.213+00:00][P1][INFO][DEBUG_RX][arduino line]{line="ACK H"}
[2026-09-25T18:38:33.358+00:00][P1][ERROR][GPS_FAIL][gps read failed; retrying] Traceback (most recent call last):
  File "/home/pi/robot/venv/lib/python3.11/site-packages/serial/serialposix.py", line 322, in open
    self.fd = os.open(self.portstr, os.O_RDWR | os.O_NOCTTY | os.O_NONBLOCK)
              ^^^^^^^^^^^^^^^^^^^^^^^^^^^^^^^^^^^^^^^^^^^^^^^^^^^^^^^^^^^^^^
FileNotFoundError: [Errno 2] No such file or directory: '/dev/serial0'

During handling of the above exception, another exception occurred:

Traceback (most recent call last):
  File "/home/pi/robot/pi/p1_control/gps_reader.py", line 83, in _run_serial
    with serial.Serial(
         ^^^^^^^^^^^^^^
  File "/home/pi/robot/venv/lib/python3.11/site-packages/serial/serialutil.py", line 244, in __init__
    self.open()
  File "/home/pi/robot/venv/lib/python3.11/site-packages/serial/serialposix.py", line 325, in open
    raise SerialException(msg.errno, "could not open port {}: {}".format(self._port, msg))
serial.serialutil.SerialException: [Errno 2] could not open port /dev/serial0: [Errno 2] No such file or directory: '/dev/serial0'
[2026-09-25T18:38:33.692+00:00][P1][INFO][DEBUG_TX][sending to arduino]{wire=H}
[2026-09-25T18:38:33.712+00:00][P1][INFO][DEBUG_RX][arduino line]{line="ACK H"}
[2026-09-25T18:38:33.989+00:00][P1][INFO][DEBUG_RX][arduino line]{line="HB READY 112061"}
[2026-09-25T18:38:34.196+00:00][P1][INFO][DEBUG_TX][sending to arduino]{wire=H}
[2026-09-25T18:38:34.217+00:00][P1][INFO][DEBUG_RX][arduino line]{line="ACK H"}
[2026-09-25T18:38:34.695+00:00][P1][INFO][DEBUG_TX][sending to arduino]{wire=H}
[2026-09-25T18:38:34.715+00:00][P1][INFO][DEBUG_RX][arduino line]{line="ACK H"}
[2026-09-25T18:38:34.992+00:00][P1][INFO][DEBUG_RX][arduino line]{line="HB READY 113060"}
[2026-09-25T18:38:35.200+00:00][P1][INFO][DEBUG_TX][sending to arduino]{wire=H}
[2026-09-25T18:38:35.220+00:00][P1][INFO][DEBUG_RX][arduino line]{line="ACK H"}
[2026-09-25T18:38:35.361+00:00][P1][ERROR][GPS_FAIL][gps read failed; retrying] Traceback (most recent call last):
  File "/home/pi/robot/venv/lib/python3.11/site-packages/serial/serialposix.py", line 322, in open
    self.fd = os.open(self.portstr, os.O_RDWR | os.O_NOCTTY | os.O_NONBLOCK)
              ^^^^^^^^^^^^^^^^^^^^^^^^^^^^^^^^^^^^^^^^^^^^^^^^^^^^^^^^^^^^^^
FileNotFoundError: [Errno 2] No such file or directory: '/dev/serial0'

During handling of the above exception, another exception occurred:

Traceback (most recent call last):
  File "/home/pi/robot/pi/p1_control/gps_reader.py", line 83, in _run_serial
    with serial.Serial(
         ^^^^^^^^^^^^^^
  File "/home/pi/robot/venv/lib/python3.11/site-packages/serial/serialutil.py", line 244, in __init__
    self.open()
  File "/home/pi/robot/venv/lib/python3.11/site-packages/serial/serialposix.py", line 325, in open
    raise SerialException(msg.errno, "could not open port {}: {}".format(self._port, msg))
serial.serialutil.SerialException: [Errno 2] could not open port /dev/serial0: [Errno 2] No such file or directory: '/dev/serial0'
[2026-09-25T18:38:35.698+00:00][P1][INFO][DEBUG_TX][sending to arduino]{wire=H}
[2026-09-25T18:38:35.719+00:00][P1][INFO][DEBUG_RX][arduino line]{line="ACK H"}
[2026-09-25T18:38:35.996+00:00][P1][INFO][DEBUG_RX][arduino line]{line="HB READY 114062"}
[2026-09-25T18:38:36.204+00:00][P1][INFO][DEBUG_TX][sending to arduino]{wire=H}
[2026-09-25T18:38:36.224+00:00][P1][INFO][DEBUG_RX][arduino line]{line="ACK H"}
[2026-09-25T18:38:36.714+00:00][P1][INFO][DEBUG_TX][sending to arduino]{wire=H}
[2026-09-25T18:38:36.734+00:00][P1][INFO][DEBUG_RX][arduino line]{line="ACK H"}
[2026-09-25T18:38:36.997+00:00][P1][INFO][DEBUG_RX][arduino line]{line="HB READY 115061"}
[2026-09-25T18:38:37.205+00:00][P1][INFO][DEBUG_TX][sending to arduino]{wire=H}
[2026-09-25T18:38:37.226+00:00][P1][INFO][DEBUG_RX][arduino line]{line="ACK H"}
[2026-09-25T18:38:37.367+00:00][P1][ERROR][GPS_FAIL][gps read failed; retrying] Traceback (most recent call last):
  File "/home/pi/robot/venv/lib/python3.11/site-packages/serial/serialposix.py", line 322, in open
    self.fd = os.open(self.portstr, os.O_RDWR | os.O_NOCTTY | os.O_NONBLOCK)
              ^^^^^^^^^^^^^^^^^^^^^^^^^^^^^^^^^^^^^^^^^^^^^^^^^^^^^^^^^^^^^^
FileNotFoundError: [Errno 2] No such file or directory: '/dev/serial0'

During handling of the above exception, another exception occurred:

Traceback (most recent call last):
  File "/home/pi/robot/pi/p1_control/gps_reader.py", line 83, in _run_serial
    with serial.Serial(
         ^^^^^^^^^^^^^^
  File "/home/pi/robot/venv/lib/python3.11/site-packages/serial/serialutil.py", line 244, in __init__
    self.open()
  File "/home/pi/robot/venv/lib/python3.11/site-packages/serial/serialposix.py", line 325, in open
    raise SerialException(msg.errno, "could not open port {}: {}".format(self._port, msg))
serial.serialutil.SerialException: [Errno 2] could not open port /dev/serial0: [Errno 2] No such file or directory: '/dev/serial0'
[2026-09-25T18:38:37.703+00:00][P1][INFO][DEBUG_TX][sending to arduino]{wire=H}
[2026-09-25T18:38:37.723+00:00][P1][INFO][DEBUG_RX][arduino line]{line="ACK H"}
[2026-09-25T18:38:37.999+00:00][P1][INFO][DEBUG_RX][arduino line]{line="HB READY 116063"}
[2026-09-25T18:38:38.209+00:00][P1][INFO][DEBUG_TX][sending to arduino]{wire=H}
[2026-09-25T18:38:38.229+00:00][P1][INFO][DEBUG_RX][arduino line]{line="ACK H"}
[2026-09-25T18:38:38.721+00:00][P1][INFO][DEBUG_TX][sending to arduino]{wire=H}
[2026-09-25T18:38:38.743+00:00][P1][INFO][DEBUG_RX][arduino line]{line="ACK H"}
[2026-09-25T18:38:39.002+00:00][P1][INFO][DEBUG_RX][arduino line]{line="HB READY 117062"}
[2026-09-25T18:38:39.215+00:00][P1][INFO][DEBUG_TX][sending to arduino]{wire=H}
[2026-09-25T18:38:39.234+00:00][P1][INFO][DEBUG_RX][arduino line]{line="ACK H"}
[2026-09-25T18:38:39.370+00:00][P1][ERROR][GPS_FAIL][gps read failed; retrying] Traceback (most recent call last):
  File "/home/pi/robot/venv/lib/python3.11/site-packages/serial/serialposix.py", line 322, in open
    self.fd = os.open(self.portstr, os.O_RDWR | os.O_NOCTTY | os.O_NONBLOCK)
              ^^^^^^^^^^^^^^^^^^^^^^^^^^^^^^^^^^^^^^^^^^^^^^^^^^^^^^^^^^^^^^
FileNotFoundError: [Errno 2] No such file or directory: '/dev/serial0'

During handling of the above exception, another exception occurred:

Traceback (most recent call last):
  File "/home/pi/robot/pi/p1_control/gps_reader.py", line 83, in _run_serial
    with serial.Serial(
         ^^^^^^^^^^^^^^
  File "/home/pi/robot/venv/lib/python3.11/site-packages/serial/serialutil.py", line 244, in __init__
    self.open()
  File "/home/pi/robot/venv/lib/python3.11/site-packages/serial/serialposix.py", line 325, in open
    raise SerialException(msg.errno, "could not open port {}: {}".format(self._port, msg))
serial.serialutil.SerialException: [Errno 2] could not open port /dev/serial0: [Errno 2] No such file or directory: '/dev/serial0'
[2026-09-25T18:38:39.744+00:00][P1][INFO][DEBUG_TX][sending to arduino]{wire=H}
[2026-09-25T18:38:39.757+00:00][P1][INFO][DEBUG_RX][arduino line]{line="ACK H"}
[2026-09-25T18:38:40.005+00:00][P1][INFO][DEBUG_RX][arduino line]{line="HB READY 118064"}
[2026-09-25T18:38:40.215+00:00][P1][INFO][DEBUG_TX][sending to arduino]{wire=H}
[2026-09-25T18:38:40.234+00:00][P1][INFO][DEBUG_RX][arduino line]{line="ACK H"}
[2026-09-25T18:38:40.718+00:00][P1][INFO][DEBUG_TX][sending to arduino]{wire=H}
[2026-09-25T18:38:40.737+00:00][P1][INFO][DEBUG_RX][arduino line]{line="ACK H"}
[2026-09-25T18:38:41.010+00:00][P1][INFO][DEBUG_RX][arduino line]{line="HB READY 119063"}
[2026-09-25T18:38:41.219+00:00][P1][INFO][DEBUG_TX][sending to arduino]{wire=H}
[2026-09-25T18:38:41.240+00:00][P1][INFO][DEBUG_RX][arduino line]{line="ACK H"}
[2026-09-25T18:38:41.394+00:00][P1][ERROR][GPS_FAIL][gps read failed; retrying] Traceback (most recent call last):
  File "/home/pi/robot/venv/lib/python3.11/site-packages/serial/serialposix.py", line 322, in open
    self.fd = os.open(self.portstr, os.O_RDWR | os.O_NOCTTY | os.O_NONBLOCK)
              ^^^^^^^^^^^^^^^^^^^^^^^^^^^^^^^^^^^^^^^^^^^^^^^^^^^^^^^^^^^^^^
FileNotFoundError: [Errno 2] No such file or directory: '/dev/serial0'

During handling of the above exception, another exception occurred:

Traceback (most recent call last):
  File "/home/pi/robot/pi/p1_control/gps_reader.py", line 83, in _run_serial
    with serial.Serial(
         ^^^^^^^^^^^^^^
  File "/home/pi/robot/venv/lib/python3.11/site-packages/serial/serialutil.py", line 244, in __init__
    self.open()
  File "/home/pi/robot/venv/lib/python3.11/site-packages/serial/serialposix.py", line 325, in open
    raise SerialException(msg.errno, "could not open port {}: {}".format(self._port, msg))
serial.serialutil.SerialException: [Errno 2] could not open port /dev/serial0: [Errno 2] No such file or directory: '/dev/serial0'
[2026-09-25T18:38:41.715+00:00][P1][INFO][DEBUG_TX][sending to arduino]{wire=H}
[2026-09-25T18:38:41.737+00:00][P1][INFO][DEBUG_RX][arduino line]{line="ACK H"}
[2026-09-25T18:38:42.010+00:00][P1][INFO][DEBUG_RX][arduino line]{line="HB READY 120065"}
[2026-09-25T18:38:42.226+00:00][P1][INFO][DEBUG_TX][sending to arduino]{wire=H}
[2026-09-25T18:38:42.242+00:00][P1][INFO][DEBUG_RX][arduino line]{line="ACK H"}
[2026-09-25T18:38:42.717+00:00][P1][INFO][DEBUG_TX][sending to arduino]{wire=H}
[2026-09-25T18:38:42.739+00:00][P1][INFO][DEBUG_RX][arduino line]{line="ACK H"}
[2026-09-25T18:38:43.010+00:00][P1][INFO][DEBUG_RX][arduino line]{line="HB READY 121063"}
[2026-09-25T18:38:43.221+00:00][P1][INFO][DEBUG_TX][sending to arduino]{wire=H}
[2026-09-25T18:38:43.244+00:00][P1][INFO][DEBUG_RX][arduino line]{line="ACK H"}
[2026-09-25T18:38:43.399+00:00][P1][ERROR][GPS_FAIL][gps read failed; retrying] Traceback (most recent call last):
  File "/home/pi/robot/venv/lib/python3.11/site-packages/serial/serialposix.py", line 322, in open
    self.fd = os.open(self.portstr, os.O_RDWR | os.O_NOCTTY | os.O_NONBLOCK)
              ^^^^^^^^^^^^^^^^^^^^^^^^^^^^^^^^^^^^^^^^^^^^^^^^^^^^^^^^^^^^^^
FileNotFoundError: [Errno 2] No such file or directory: '/dev/serial0'

During handling of the above exception, another exception occurred:

Traceback (most recent call last):
  File "/home/pi/robot/pi/p1_control/gps_reader.py", line 83, in _run_serial
    with serial.Serial(
         ^^^^^^^^^^^^^^
  File "/home/pi/robot/venv/lib/python3.11/site-packages/serial/serialutil.py", line 244, in __init__
    self.open()
  File "/home/pi/robot/venv/lib/python3.11/site-packages/serial/serialposix.py", line 325, in open
    raise SerialException(msg.errno, "could not open port {}: {}".format(self._port, msg))
serial.serialutil.SerialException: [Errno 2] could not open port /dev/serial0: [Errno 2] No such file or directory: '/dev/serial0'
[2026-09-25T18:38:43.720+00:00][P1][INFO][DEBUG_TX][sending to arduino]{wire=H}
[2026-09-25T18:38:43.743+00:00][P1][INFO][DEBUG_RX][arduino line]{line="ACK H"}
[2026-09-25T18:38:44.015+00:00][P1][INFO][DEBUG_RX][arduino line]{line="HB READY 122065"}
[2026-09-25T18:38:44.227+00:00][P1][INFO][DEBUG_TX][sending to arduino]{wire=H}
[2026-09-25T18:38:44.247+00:00][P1][INFO][DEBUG_RX][arduino line]{line="ACK H"}
[2026-09-25T18:38:44.735+00:00][P1][INFO][DEBUG_TX][sending to arduino]{wire=H}
[2026-09-25T18:38:44.748+00:00][P1][INFO][DEBUG_RX][arduino line]{line="ACK H"}
[2026-09-25T18:38:45.015+00:00][P1][INFO][DEBUG_RX][arduino line]{line="HB READY 123064"}
[2026-09-25T18:38:45.226+00:00][P1][INFO][DEBUG_TX][sending to arduino]{wire=H}
[2026-09-25T18:38:45.246+00:00][P1][INFO][DEBUG_RX][arduino line]{line="ACK H"}
[2026-09-25T18:38:45.408+00:00][P1][ERROR][GPS_FAIL][gps read failed; retrying] Traceback (most recent call last):
  File "/home/pi/robot/venv/lib/python3.11/site-packages/serial/serialposix.py", line 322, in open
    self.fd = os.open(self.portstr, os.O_RDWR | os.O_NOCTTY | os.O_NONBLOCK)
              ^^^^^^^^^^^^^^^^^^^^^^^^^^^^^^^^^^^^^^^^^^^^^^^^^^^^^^^^^^^^^^
FileNotFoundError: [Errno 2] No such file or directory: '/dev/serial0'

During handling of the above exception, another exception occurred:

Traceback (most recent call last):
  File "/home/pi/robot/pi/p1_control/gps_reader.py", line 83, in _run_serial
    with serial.Serial(
         ^^^^^^^^^^^^^^
  File "/home/pi/robot/venv/lib/python3.11/site-packages/serial/serialutil.py", line 244, in __init__
    self.open()
  File "/home/pi/robot/venv/lib/python3.11/site-packages/serial/serialposix.py", line 325, in open
    raise SerialException(msg.errno, "could not open port {}: {}".format(self._port, msg))
serial.serialutil.SerialException: [Errno 2] could not open port /dev/serial0: [Errno 2] No such file or directory: '/dev/serial0'
[2026-09-25T18:38:45.732+00:00][P1][INFO][DEBUG_TX][sending to arduino]{wire=H}
[2026-09-25T18:38:45.752+00:00][P1][INFO][DEBUG_RX][arduino line]{line="ACK H"}
[2026-09-25T18:38:46.021+00:00][P1][INFO][DEBUG_RX][arduino line]{line="HB READY 124067"}
[2026-09-25T18:38:46.231+00:00][P1][INFO][DEBUG_TX][sending to arduino]{wire=H}
[2026-09-25T18:38:46.254+00:00][P1][INFO][DEBUG_RX][arduino line]{line="ACK H"}
[2026-09-25T18:38:46.731+00:00][P1][INFO][DEBUG_TX][sending to arduino]{wire=H}
[2026-09-25T18:38:46.750+00:00][P1][INFO][DEBUG_RX][arduino line]{line="ACK H"}
[2026-09-25T18:38:47.021+00:00][P1][INFO][DEBUG_RX][arduino line]{line="HB READY 125066"}
[2026-09-25T18:38:47.230+00:00][P1][INFO][DEBUG_TX][sending to arduino]{wire=H}
[2026-09-25T18:38:47.250+00:00][P1][INFO][DEBUG_RX][arduino line]{line="ACK H"}
[2026-09-25T18:38:47.418+00:00][P1][ERROR][GPS_FAIL][gps read failed; retrying] Traceback (most recent call last):
  File "/home/pi/robot/venv/lib/python3.11/site-packages/serial/serialposix.py", line 322, in open
    self.fd = os.open(self.portstr, os.O_RDWR | os.O_NOCTTY | os.O_NONBLOCK)
              ^^^^^^^^^^^^^^^^^^^^^^^^^^^^^^^^^^^^^^^^^^^^^^^^^^^^^^^^^^^^^^
FileNotFoundError: [Errno 2] No such file or directory: '/dev/serial0'

During handling of the above exception, another exception occurred:

Traceback (most recent call last):
  File "/home/pi/robot/pi/p1_control/gps_reader.py", line 83, in _run_serial
    with serial.Serial(
         ^^^^^^^^^^^^^^
  File "/home/pi/robot/venv/lib/python3.11/site-packages/serial/serialutil.py", line 244, in __init__
    self.open()
  File "/home/pi/robot/venv/lib/python3.11/site-packages/serial/serialposix.py", line 325, in open
    raise SerialException(msg.errno, "could not open port {}: {}".format(self._port, msg))
serial.serialutil.SerialException: [Errno 2] could not open port /dev/serial0: [Errno 2] No such file or directory: '/dev/serial0'
[2026-09-25T18:38:47.729+00:00][P1][INFO][DEBUG_TX][sending to arduino]{wire=H}
[2026-09-25T18:38:47.750+00:00][P1][INFO][DEBUG_RX][arduino line]{line="ACK H"}
[2026-09-25T18:38:48.023+00:00][P1][INFO][DEBUG_RX][arduino line]{line="HB READY 126067"}
[2026-09-25T18:38:48.230+00:00][P1][INFO][DEBUG_TX][sending to arduino]{wire=H}
[2026-09-25T18:38:48.251+00:00][P1][INFO][DEBUG_RX][arduino line]{line="ACK H"}
[2026-09-25T18:38:48.729+00:00][P1][INFO][DEBUG_TX][sending to arduino]{wire=H}
[2026-09-25T18:38:48.751+00:00][P1][INFO][DEBUG_RX][arduino line]{line="ACK H"}
[2026-09-25T18:38:49.023+00:00][P1][INFO][DEBUG_RX][arduino line]{line="HB READY 127066"}
[2026-09-25T18:38:49.234+00:00][P1][INFO][DEBUG_TX][sending to arduino]{wire=H}
[2026-09-25T18:38:49.255+00:00][P1][INFO][DEBUG_RX][arduino line]{line="ACK H"}
[2026-09-25T18:38:49.425+00:00][P1][ERROR][GPS_FAIL][gps read failed; retrying] Traceback (most recent call last):
  File "/home/pi/robot/venv/lib/python3.11/site-packages/serial/serialposix.py", line 322, in open
    self.fd = os.open(self.portstr, os.O_RDWR | os.O_NOCTTY | os.O_NONBLOCK)
              ^^^^^^^^^^^^^^^^^^^^^^^^^^^^^^^^^^^^^^^^^^^^^^^^^^^^^^^^^^^^^^
FileNotFoundError: [Errno 2] No such file or directory: '/dev/serial0'

During handling of the above exception, another exception occurred:

Traceback (most recent call last):
  File "/home/pi/robot/pi/p1_control/gps_reader.py", line 83, in _run_serial
    with serial.Serial(
         ^^^^^^^^^^^^^^
  File "/home/pi/robot/venv/lib/python3.11/site-packages/serial/serialutil.py", line 244, in __init__
    self.open()
  File "/home/pi/robot/venv/lib/python3.11/site-packages/serial/serialposix.py", line 325, in open
    raise SerialException(msg.errno, "could not open port {}: {}".format(self._port, msg))
serial.serialutil.SerialException: [Errno 2] could not open port /dev/serial0: [Errno 2] No such file or directory: '/dev/serial0'
[2026-09-25T18:38:49.750+00:00][P1][INFO][DEBUG_TX][sending to arduino]{wire=H}
[2026-09-25T18:38:49.794+00:00][P1][INFO][DEBUG_RX][arduino line]{line="ACK H"}
[2026-09-25T18:38:50.046+00:00][P1][INFO][DEBUG_RX][arduino line]{line="HB READY 128069"}
[2026-09-25T18:38:50.151+00:00][P1][INFO][DEBUG_TX][sending to arduino]{wire=H}
[2026-09-25T18:38:50.158+00:00][P1][INFO][DEBUG_RX][arduino line]{line="ACK H"}
[2026-09-25T18:38:50.734+00:00][P1][INFO][DEBUG_TX][sending to arduino]{wire=H}
[2026-09-25T18:38:50.757+00:00][P1][INFO][DEBUG_RX][arduino line]{line="ACK H"}
[2026-09-25T18:38:51.030+00:00][P1][INFO][DEBUG_RX][arduino line]{line="HB READY 129068"}
[2026-09-25T18:38:51.136+00:00][P1][INFO][DEBUG_TX][sending to arduino]{wire=H}
[2026-09-25T18:38:51.157+00:00][P1][INFO][DEBUG_RX][arduino line]{line="ACK H"}
[2026-09-25T18:38:51.436+00:00][P1][ERROR][GPS_FAIL][gps read failed; retrying] Traceback (most recent call last):
  File "/home/pi/robot/venv/lib/python3.11/site-packages/serial/serialposix.py", line 322, in open
    self.fd = os.open(self.portstr, os.O_RDWR | os.O_NOCTTY | os.O_NONBLOCK)
              ^^^^^^^^^^^^^^^^^^^^^^^^^^^^^^^^^^^^^^^^^^^^^^^^^^^^^^^^^^^^^^
FileNotFoundError: [Errno 2] No such file or directory: '/dev/serial0'

During handling of the above exception, another exception occurred:

Traceback (most recent call last):
  File "/home/pi/robot/pi/p1_control/gps_reader.py", line 83, in _run_serial
    with serial.Serial(
         ^^^^^^^^^^^^^^
  File "/home/pi/robot/venv/lib/python3.11/site-packages/serial/serialutil.py", line 244, in __init__
    self.open()
  File "/home/pi/robot/venv/lib/python3.11/site-packages/serial/serialposix.py", line 325, in open
    raise SerialException(msg.errno, "could not open port {}: {}".format(self._port, msg))
serial.serialutil.SerialException: [Errno 2] could not open port /dev/serial0: [Errno 2] No such file or directory: '/dev/serial0'
[2026-09-25T18:38:51.637+00:00][P1][INFO][DEBUG_TX][sending to arduino]{wire=H}
[2026-09-25T18:38:51.659+00:00][P1][INFO][DEBUG_RX][arduino line]{line="ACK H"}
[2026-09-25T18:38:52.033+00:00][P1][INFO][DEBUG_RX][arduino line]{line="HB READY 130069"}
[2026-09-25T18:38:52.135+00:00][P1][INFO][DEBUG_TX][sending to arduino]{wire=H}
[2026-09-25T18:38:52.140+00:00][P1][INFO][DEBUG_RX][arduino line]{line="ACK H"}
[2026-09-25T18:38:52.635+00:00][P1][INFO][DEBUG_TX][sending to arduino]{wire=H}
[2026-09-25T18:38:52.638+00:00][P1][INFO][DEBUG_RX][arduino line]{line="ACK H"}
[2026-09-25T18:38:53.035+00:00][P1][INFO][DEBUG_RX][arduino line]{line="HB READY 131068"}
[2026-09-25T18:38:53.137+00:00][P1][INFO][DEBUG_TX][sending to arduino]{wire=H}
[2026-09-25T18:38:53.142+00:00][P1][INFO][DEBUG_RX][arduino line]{line="ACK H"}
[2026-09-25T18:38:53.450+00:00][P1][ERROR][GPS_FAIL][gps read failed; retrying] Traceback (most recent call last):
  File "/home/pi/robot/venv/lib/python3.11/site-packages/serial/serialposix.py", line 322, in open
    self.fd = os.open(self.portstr, os.O_RDWR | os.O_NOCTTY | os.O_NONBLOCK)
              ^^^^^^^^^^^^^^^^^^^^^^^^^^^^^^^^^^^^^^^^^^^^^^^^^^^^^^^^^^^^^^
FileNotFoundError: [Errno 2] No such file or directory: '/dev/serial0'

During handling of the above exception, another exception occurred:

Traceback (most recent call last):
  File "/home/pi/robot/pi/p1_control/gps_reader.py", line 83, in _run_serial
    with serial.Serial(
         ^^^^^^^^^^^^^^
  File "/home/pi/robot/venv/lib/python3.11/site-packages/serial/serialutil.py", line 244, in __init__
    self.open()
  File "/home/pi/robot/venv/lib/python3.11/site-packages/serial/serialposix.py", line 325, in open
    raise SerialException(msg.errno, "could not open port {}: {}".format(self._port, msg))
serial.serialutil.SerialException: [Errno 2] could not open port /dev/serial0: [Errno 2] No such file or directory: '/dev/serial0'
[2026-09-25T18:38:53.637+00:00][P1][INFO][DEBUG_TX][sending to arduino]{wire=H}
[2026-09-25T18:38:53.642+00:00][P1][INFO][DEBUG_RX][arduino line]{line="ACK H"}
[2026-09-25T18:38:54.038+00:00][P1][INFO][DEBUG_RX][arduino line]{line="HB READY 132070"}
[2026-09-25T18:38:54.140+00:00][P1][INFO][DEBUG_TX][sending to arduino]{wire=H}
[2026-09-25T18:38:54.146+00:00][P1][INFO][DEBUG_RX][arduino line]{line="ACK H"}
[2026-09-25T18:38:54.638+00:00][P1][INFO][DEBUG_TX][sending to arduino]{wire=H}
[2026-09-25T18:38:54.643+00:00][P1][INFO][DEBUG_RX][arduino line]{line="ACK H"}
[2026-09-25T18:38:55.039+00:00][P1][INFO][DEBUG_RX][arduino line]{line="HB READY 133069"}
[2026-09-25T18:38:55.142+00:00][P1][INFO][DEBUG_TX][sending to arduino]{wire=H}
[2026-09-25T18:38:55.146+00:00][P1][INFO][DEBUG_RX][arduino line]{line="ACK H"}
[2026-09-25T18:38:55.465+00:00][P1][ERROR][GPS_FAIL][gps read failed; retrying] Traceback (most recent call last):
  File "/home/pi/robot/venv/lib/python3.11/site-packages/serial/serialposix.py", line 322, in open
    self.fd = os.open(self.portstr, os.O_RDWR | os.O_NOCTTY | os.O_NONBLOCK)
              ^^^^^^^^^^^^^^^^^^^^^^^^^^^^^^^^^^^^^^^^^^^^^^^^^^^^^^^^^^^^^^
FileNotFoundError: [Errno 2] No such file or directory: '/dev/serial0'

During handling of the above exception, another exception occurred:

Traceback (most recent call last):
  File "/home/pi/robot/pi/p1_control/gps_reader.py", line 83, in _run_serial
    with serial.Serial(
         ^^^^^^^^^^^^^^
  File "/home/pi/robot/venv/lib/python3.11/site-packages/serial/serialutil.py", line 244, in __init__
    self.open()
  File "/home/pi/robot/venv/lib/python3.11/site-packages/serial/serialposix.py", line 325, in open
    raise SerialException(msg.errno, "could not open port {}: {}".format(self._port, msg))
serial.serialutil.SerialException: [Errno 2] could not open port /dev/serial0: [Errno 2] No such file or directory: '/dev/serial0'
[2026-09-25T18:38:55.641+00:00][P1][INFO][DEBUG_TX][sending to arduino]{wire=H}
[2026-09-25T18:38:55.645+00:00][P1][INFO][DEBUG_RX][arduino line]{line="ACK H"}
[2026-09-25T18:38:56.043+00:00][P1][INFO][DEBUG_RX][arduino line]{line="HB READY 134071"}
[2026-09-25T18:38:56.147+00:00][P1][INFO][DEBUG_TX][sending to arduino]{wire=H}
[2026-09-25T18:38:56.175+00:00][P1][INFO][DEBUG_RX][arduino line]{line="ACK H"}
[2026-09-25T18:38:56.651+00:00][P1][INFO][DEBUG_TX][sending to arduino]{wire=H}
[2026-09-25T18:38:56.670+00:00][P1][INFO][DEBUG_RX][arduino line]{line="ACK H"}
[2026-09-25T18:38:57.046+00:00][P1][INFO][DEBUG_RX][arduino line]{line="HB READY 135070"}
[2026-09-25T18:38:57.152+00:00][P1][INFO][DEBUG_TX][sending to arduino]{wire=H}
[2026-09-25T18:38:57.169+00:00][P1][INFO][DEBUG_RX][arduino line]{line="ACK H"}
[2026-09-25T18:38:57.477+00:00][P1][ERROR][GPS_FAIL][gps read failed; retrying] Traceback (most recent call last):
  File "/home/pi/robot/venv/lib/python3.11/site-packages/serial/serialposix.py", line 322, in open
    self.fd = os.open(self.portstr, os.O_RDWR | os.O_NOCTTY | os.O_NONBLOCK)
              ^^^^^^^^^^^^^^^^^^^^^^^^^^^^^^^^^^^^^^^^^^^^^^^^^^^^^^^^^^^^^^
FileNotFoundError: [Errno 2] No such file or directory: '/dev/serial0'

During handling of the above exception, another exception occurred:

Traceback (most recent call last):
  File "/home/pi/robot/pi/p1_control/gps_reader.py", line 83, in _run_serial
    with serial.Serial(
         ^^^^^^^^^^^^^^
  File "/home/pi/robot/venv/lib/python3.11/site-packages/serial/serialutil.py", line 244, in __init__
    self.open()
  File "/home/pi/robot/venv/lib/python3.11/site-packages/serial/serialposix.py", line 325, in open
    raise SerialException(msg.errno, "could not open port {}: {}".format(self._port, msg))
serial.serialutil.SerialException: [Errno 2] could not open port /dev/serial0: [Errno 2] No such file or directory: '/dev/serial0'
[2026-09-25T18:38:57.663+00:00][P1][INFO][DEBUG_TX][sending to arduino]{wire=H}
[2026-09-25T18:38:57.677+00:00][P1][INFO][DEBUG_RX][arduino line]{line="ACK H"}
[2026-09-25T18:38:58.049+00:00][P1][INFO][DEBUG_RX][arduino line]{line="HB READY 136072"}
[2026-09-25T18:38:58.154+00:00][P1][INFO][DEBUG_TX][sending to arduino]{wire=H}
[2026-09-25T18:38:58.179+00:00][P1][INFO][DEBUG_RX][arduino line]{line="ACK H"}
[2026-09-25T18:38:58.650+00:00][P1][INFO][DEBUG_TX][sending to arduino]{wire=H}
[2026-09-25T18:38:58.677+00:00][P1][INFO][DEBUG_RX][arduino line]{line="ACK H"}
[2026-09-25T18:38:59.053+00:00][P1][INFO][DEBUG_RX][arduino line]{line="HB READY 137071"}
[2026-09-25T18:38:59.162+00:00][P1][INFO][DEBUG_TX][sending to arduino]{wire=H}
[2026-09-25T18:38:59.178+00:00][P1][INFO][DEBUG_RX][arduino line]{line="ACK H"}
[2026-09-25T18:38:59.509+00:00][P1][ERROR][GPS_FAIL][gps read failed; retrying] Traceback (most recent call last):
  File "/home/pi/robot/venv/lib/python3.11/site-packages/serial/serialposix.py", line 322, in open
    self.fd = os.open(self.portstr, os.O_RDWR | os.O_NOCTTY | os.O_NONBLOCK)
              ^^^^^^^^^^^^^^^^^^^^^^^^^^^^^^^^^^^^^^^^^^^^^^^^^^^^^^^^^^^^^^
FileNotFoundError: [Errno 2] No such file or directory: '/dev/serial0'

During handling of the above exception, another exception occurred:

Traceback (most recent call last):
  File "/home/pi/robot/pi/p1_control/gps_reader.py", line 83, in _run_serial
    with serial.Serial(
         ^^^^^^^^^^^^^^
  File "/home/pi/robot/venv/lib/python3.11/site-packages/serial/serialutil.py", line 244, in __init__
    self.open()
  File "/home/pi/robot/venv/lib/python3.11/site-packages/serial/serialposix.py", line 325, in open
    raise SerialException(msg.errno, "could not open port {}: {}".format(self._port, msg))
serial.serialutil.SerialException: [Errno 2] could not open port /dev/serial0: [Errno 2] No such file or directory: '/dev/serial0'
[2026-09-25T18:38:59.668+00:00][P1][INFO][DEBUG_TX][sending to arduino]{wire=H}
[2026-09-25T18:38:59.676+00:00][P1][INFO][DEBUG_RX][arduino line]{line="ACK H"}
[2026-09-25T18:39:00.059+00:00][P1][INFO][DEBUG_RX][arduino line]{line="HB READY 138073"}
[2026-09-25T18:39:00.163+00:00][P1][INFO][DEBUG_TX][sending to arduino]{wire=H}
[2026-09-25T18:39:00.184+00:00][P1][INFO][DEBUG_RX][arduino line]{line="ACK H"}
[2026-09-25T18:39:00.658+00:00][P1][INFO][DEBUG_TX][sending to arduino]{wire=H}
[2026-09-25T18:39:00.681+00:00][P1][INFO][DEBUG_RX][arduino line]{line="ACK H"}
[2026-09-25T18:39:01.054+00:00][P1][INFO][DEBUG_RX][arduino line]{line="HB READY 139072"}
[2026-09-25T18:39:01.166+00:00][P1][INFO][DEBUG_TX][sending to arduino]{wire=H}
[2026-09-25T18:39:01.179+00:00][P1][INFO][DEBUG_RX][arduino line]{line="ACK H"}
[2026-09-25T18:39:01.564+00:00][P1][ERROR][GPS_FAIL][gps read failed; retrying] Traceback (most recent call last):
  File "/home/pi/robot/venv/lib/python3.11/site-packages/serial/serialposix.py", line 322, in open
    self.fd = os.open(self.portstr, os.O_RDWR | os.O_NOCTTY | os.O_NONBLOCK)
              ^^^^^^^^^^^^^^^^^^^^^^^^^^^^^^^^^^^^^^^^^^^^^^^^^^^^^^^^^^^^^^
FileNotFoundError: [Errno 2] No such file or directory: '/dev/serial0'

During handling of the above exception, another exception occurred:

Traceback (most recent call last):
  File "/home/pi/robot/pi/p1_control/gps_reader.py", line 83, in _run_serial
    with serial.Serial(
         ^^^^^^^^^^^^^^
  File "/home/pi/robot/venv/lib/python3.11/site-packages/serial/serialutil.py", line 244, in __init__
    self.open()
  File "/home/pi/robot/venv/lib/python3.11/site-packages/serial/serialposix.py", line 325, in open
    raise SerialException(msg.errno, "could not open port {}: {}".format(self._port, msg))
serial.serialutil.SerialException: [Errno 2] could not open port /dev/serial0: [Errno 2] No such file or directory: '/dev/serial0'
[2026-09-25T18:39:01.659+00:00][P1][INFO][DEBUG_TX][sending to arduino]{wire=H}
[2026-09-25T18:39:01.685+00:00][P1][INFO][DEBUG_RX][arduino line]{line="ACK H"}
[2026-09-25T18:39:02.059+00:00][P1][INFO][DEBUG_RX][arduino line]{line="HB READY 140073"}
[2026-09-25T18:39:02.174+00:00][P1][INFO][DEBUG_TX][sending to arduino]{wire=H}
[2026-09-25T18:39:02.183+00:00][P1][INFO][DEBUG_RX][arduino line]{line="ACK H"}
[2026-09-25T18:39:02.670+00:00][P1][INFO][DEBUG_TX][sending to arduino]{wire=H}
[2026-09-25T18:39:02.683+00:00][P1][INFO][DEBUG_RX][arduino line]{line="ACK H"}
[2026-09-25T18:39:03.061+00:00][P1][INFO][DEBUG_RX][arduino line]{line="HB READY 141072"}
[2026-09-25T18:39:03.167+00:00][P1][INFO][DEBUG_TX][sending to arduino]{wire=H}
[2026-09-25T18:39:03.187+00:00][P1][INFO][DEBUG_RX][arduino line]{line="ACK H"}
[2026-09-25T18:39:03.579+00:00][P1][ERROR][GPS_FAIL][gps read failed; retrying] Traceback (most recent call last):
  File "/home/pi/robot/venv/lib/python3.11/site-packages/serial/serialposix.py", line 322, in open
    self.fd = os.open(self.portstr, os.O_RDWR | os.O_NOCTTY | os.O_NONBLOCK)
              ^^^^^^^^^^^^^^^^^^^^^^^^^^^^^^^^^^^^^^^^^^^^^^^^^^^^^^^^^^^^^^
FileNotFoundError: [Errno 2] No such file or directory: '/dev/serial0'

During handling of the above exception, another exception occurred:

Traceback (most recent call last):
  File "/home/pi/robot/pi/p1_control/gps_reader.py", line 83, in _run_serial
    with serial.Serial(
         ^^^^^^^^^^^^^^
  File "/home/pi/robot/venv/lib/python3.11/site-packages/serial/serialutil.py", line 244, in __init__
    self.open()
  File "/home/pi/robot/venv/lib/python3.11/site-packages/serial/serialposix.py", line 325, in open
    raise SerialException(msg.errno, "could not open port {}: {}".format(self._port, msg))
serial.serialutil.SerialException: [Errno 2] could not open port /dev/serial0: [Errno 2] No such file or directory: '/dev/serial0'
[2026-09-25T18:39:03.668+00:00][P1][INFO][DEBUG_TX][sending to arduino]{wire=H}
[2026-09-25T18:39:03.689+00:00][P1][INFO][DEBUG_RX][arduino line]{line="ACK H"}
[2026-09-25T18:39:04.066+00:00][P1][INFO][DEBUG_RX][arduino line]{line="HB READY 142075"}
[2026-09-25T18:39:04.177+00:00][P1][INFO][DEBUG_TX][sending to arduino]{wire=H}
[2026-09-25T18:39:04.192+00:00][P1][INFO][DEBUG_RX][arduino line]{line="ACK H"}
[2026-09-25T18:39:04.668+00:00][P1][INFO][DEBUG_TX][sending to arduino]{wire=H}
[2026-09-25T18:39:04.689+00:00][P1][INFO][DEBUG_RX][arduino line]{line="ACK H"}
[2026-09-25T18:39:05.064+00:00][P1][INFO][DEBUG_RX][arduino line]{line="HB READY 143074"}
[2026-09-25T18:39:05.182+00:00][P1][INFO][DEBUG_TX][sending to arduino]{wire=H}
[2026-09-25T18:39:05.202+00:00][P1][INFO][DEBUG_RX][arduino line]{line="ACK H"}
[2026-09-25T18:39:05.613+00:00][P1][ERROR][GPS_FAIL][gps read failed; retrying] Traceback (most recent call last):
  File "/home/pi/robot/venv/lib/python3.11/site-packages/serial/serialposix.py", line 322, in open
    self.fd = os.open(self.portstr, os.O_RDWR | os.O_NOCTTY | os.O_NONBLOCK)
              ^^^^^^^^^^^^^^^^^^^^^^^^^^^^^^^^^^^^^^^^^^^^^^^^^^^^^^^^^^^^^^
FileNotFoundError: [Errno 2] No such file or directory: '/dev/serial0'

During handling of the above exception, another exception occurred:

Traceback (most recent call last):
  File "/home/pi/robot/pi/p1_control/gps_reader.py", line 83, in _run_serial
    with serial.Serial(
         ^^^^^^^^^^^^^^
  File "/home/pi/robot/venv/lib/python3.11/site-packages/serial/serialutil.py", line 244, in __init__
    self.open()
  File "/home/pi/robot/venv/lib/python3.11/site-packages/serial/serialposix.py", line 325, in open
    raise SerialException(msg.errno, "could not open port {}: {}".format(self._port, msg))
serial.serialutil.SerialException: [Errno 2] could not open port /dev/serial0: [Errno 2] No such file or directory: '/dev/serial0'
[2026-09-25T18:39:05.688+00:00][P1][INFO][DEBUG_TX][sending to arduino]{wire=H}
[2026-09-25T18:39:05.701+00:00][P1][INFO][DEBUG_RX][arduino line]{line="ACK H"}
[2026-09-25T18:39:06.078+00:00][P1][INFO][DEBUG_RX][arduino line]{line="HB READY 144076"}
[2026-09-25T18:39:06.187+00:00][P1][INFO][DEBUG_TX][sending to arduino]{wire=H}
[2026-09-25T18:39:06.194+00:00][P1][INFO][DEBUG_RX][arduino line]{line="ACK H"}
[2026-09-25T18:39:06.679+00:00][P1][INFO][DEBUG_TX][sending to arduino]{wire=H}
[2026-09-25T18:39:06.693+00:00][P1][INFO][DEBUG_RX][arduino line]{line="ACK H"}
[2026-09-25T18:39:07.092+00:00][P1][INFO][DEBUG_RX][arduino line]{line="HB READY 145075"}
[2026-09-25T18:39:07.443+00:00][P1][INFO][DEBUG_TX][sending to arduino]{wire=H}
[2026-09-25T18:39:07.479+00:00][P1][INFO][DEBUG_RX][arduino line]{line="ACK H"}
[2026-09-25T18:39:07.685+00:00][P1][ERROR][GPS_FAIL][gps read failed; retrying] Traceback (most recent call last):
  File "/home/pi/robot/venv/lib/python3.11/site-packages/serial/serialposix.py", line 322, in open
    self.fd = os.open(self.portstr, os.O_RDWR | os.O_NOCTTY | os.O_NONBLOCK)
              ^^^^^^^^^^^^^^^^^^^^^^^^^^^^^^^^^^^^^^^^^^^^^^^^^^^^^^^^^^^^^^
FileNotFoundError: [Errno 2] No such file or directory: '/dev/serial0'

During handling of the above exception, another exception occurred:

Traceback (most recent call last):
  File "/home/pi/robot/pi/p1_control/gps_reader.py", line 83, in _run_serial
    with serial.Serial(
         ^^^^^^^^^^^^^^
  File "/home/pi/robot/venv/lib/python3.11/site-packages/serial/serialutil.py", line 244, in __init__
    self.open()
  File "/home/pi/robot/venv/lib/python3.11/site-packages/serial/serialposix.py", line 325, in open
    raise SerialException(msg.errno, "could not open port {}: {}".format(self._port, msg))
serial.serialutil.SerialException: [Errno 2] could not open port /dev/serial0: [Errno 2] No such file or directory: '/dev/serial0'
[2026-09-25T18:39:07.791+00:00][P1][INFO][DEBUG_TX][sending to arduino]{wire=H}
[2026-09-25T18:39:07.825+00:00][P1][INFO][DEBUG_RX][arduino line]{line="ACK H"}
[2026-09-25T18:39:08.085+00:00][P1][INFO][DEBUG_RX][arduino line]{line="HB READY 146077"}
[2026-09-25T18:39:08.193+00:00][P1][INFO][DEBUG_TX][sending to arduino]{wire=H}
[2026-09-25T18:39:08.211+00:00][P1][INFO][DEBUG_RX][arduino line]{line="ACK H"}
[2026-09-25T18:39:08.699+00:00][P1][INFO][DEBUG_TX][sending to arduino]{wire=H}
[2026-09-25T18:39:08.723+00:00][P1][INFO][DEBUG_RX][arduino line]{line="ACK H"}
[2026-09-25T18:39:09.089+00:00][P1][INFO][DEBUG_RX][arduino line]{line="HB READY 147076"}
[2026-09-25T18:39:09.208+00:00][P1][INFO][DEBUG_TX][sending to arduino]{wire=H}
[2026-09-25T18:39:09.214+00:00][P1][INFO][DEBUG_RX][arduino line]{line="ACK H"}
[2026-09-25T18:39:09.690+00:00][P1][INFO][DEBUG_TX][sending to arduino]{wire=H}
[2026-09-25T18:39:09.699+00:00][P1][INFO][DEBUG_RX][arduino line]{line="ACK H"}
[2026-09-25T18:39:09.713+00:00][P1][ERROR][GPS_FAIL][gps read failed; retrying] Traceback (most recent call last):
  File "/home/pi/robot/venv/lib/python3.11/site-packages/serial/serialposix.py", line 322, in open
    self.fd = os.open(self.portstr, os.O_RDWR | os.O_NOCTTY | os.O_NONBLOCK)
              ^^^^^^^^^^^^^^^^^^^^^^^^^^^^^^^^^^^^^^^^^^^^^^^^^^^^^^^^^^^^^^
FileNotFoundError: [Errno 2] No such file or directory: '/dev/serial0'

During handling of the above exception, another exception occurred:

Traceback (most recent call last):
  File "/home/pi/robot/pi/p1_control/gps_reader.py", line 83, in _run_serial
    with serial.Serial(
         ^^^^^^^^^^^^^^
  File "/home/pi/robot/venv/lib/python3.11/site-packages/serial/serialutil.py", line 244, in __init__
    self.open()
  File "/home/pi/robot/venv/lib/python3.11/site-packages/serial/serialposix.py", line 325, in open
    raise SerialException(msg.errno, "could not open port {}: {}".format(self._port, msg))
serial.serialutil.SerialException: [Errno 2] could not open port /dev/serial0: [Errno 2] No such file or directory: '/dev/serial0'
[2026-09-25T18:39:10.081+00:00][P1][INFO][DEBUG_RX][arduino line]{line="HB READY 148077"}
[2026-09-25T18:39:10.185+00:00][P1][INFO][DEBUG_TX][sending to arduino]{wire=H}
[2026-09-25T18:39:10.203+00:00][P1][INFO][DEBUG_RX][arduino line]{line="ACK H"}
[2026-09-25T18:39:10.688+00:00][P1][INFO][DEBUG_TX][sending to arduino]{wire=H}
[2026-09-25T18:39:10.705+00:00][P1][INFO][DEBUG_RX][arduino line]{line="ACK H"}
[2026-09-25T18:39:11.083+00:00][P1][INFO][DEBUG_RX][arduino line]{line="HB READY 149076"}
[2026-09-25T18:39:11.701+00:00][P1][INFO][DEBUG_TX][sending to arduino]{wire=H}
[2026-09-25T18:39:11.712+00:00][P1][INFO][DEBUG_RX][arduino line]{line="ACK H"}
[2026-09-25T18:39:11.722+00:00][P1][ERROR][GPS_FAIL][gps read failed; retrying] Traceback (most recent call last):
  File "/home/pi/robot/venv/lib/python3.11/site-packages/serial/serialposix.py", line 322, in open
    self.fd = os.open(self.portstr, os.O_RDWR | os.O_NOCTTY | os.O_NONBLOCK)
              ^^^^^^^^^^^^^^^^^^^^^^^^^^^^^^^^^^^^^^^^^^^^^^^^^^^^^^^^^^^^^^
FileNotFoundError: [Errno 2] No such file or directory: '/dev/serial0'

During handling of the above exception, another exception occurred:

Traceback (most recent call last):
  File "/home/pi/robot/pi/p1_control/gps_reader.py", line 83, in _run_serial
    with serial.Serial(
         ^^^^^^^^^^^^^^
  File "/home/pi/robot/venv/lib/python3.11/site-packages/serial/serialutil.py", line 244, in __init__
    self.open()
  File "/home/pi/robot/venv/lib/python3.11/site-packages/serial/serialposix.py", line 325, in open
    raise SerialException(msg.errno, "could not open port {}: {}".format(self._port, msg))
serial.serialutil.SerialException: [Errno 2] could not open port /dev/serial0: [Errno 2] No such file or directory: '/dev/serial0'
[2026-09-25T18:39:12.082+00:00][P1][INFO][DEBUG_RX][arduino line]{line="HB READY 150079"}
[2026-09-25T18:39:12.692+00:00][P1][INFO][DEBUG_TX][sending to arduino]{wire=H}
[2026-09-25T18:39:12.710+00:00][P1][INFO][DEBUG_RX][arduino line]{line="ACK H"}
[2026-09-25T18:39:13.088+00:00][P1][INFO][DEBUG_RX][arduino line]{line="HB READY 151078"}
[2026-09-25T18:39:13.705+00:00][P1][INFO][DEBUG_TX][sending to arduino]{wire=H}
[2026-09-25T18:39:13.725+00:00][P1][INFO][DEBUG_RX][arduino line]{line="ACK H"}
[2026-09-25T18:39:13.757+00:00][P1][ERROR][GPS_FAIL][gps read failed; retrying] Traceback (most recent call last):
  File "/home/pi/robot/venv/lib/python3.11/site-packages/serial/serialposix.py", line 322, in open
    self.fd = os.open(self.portstr, os.O_RDWR | os.O_NOCTTY | os.O_NONBLOCK)
              ^^^^^^^^^^^^^^^^^^^^^^^^^^^^^^^^^^^^^^^^^^^^^^^^^^^^^^^^^^^^^^
FileNotFoundError: [Errno 2] No such file or directory: '/dev/serial0'

During handling of the above exception, another exception occurred:

Traceback (most recent call last):
  File "/home/pi/robot/pi/p1_control/gps_reader.py", line 83, in _run_serial
    with serial.Serial(
         ^^^^^^^^^^^^^^
  File "/home/pi/robot/venv/lib/python3.11/site-packages/serial/serialutil.py", line 244, in __init__
    self.open()
  File "/home/pi/robot/venv/lib/python3.11/site-packages/serial/serialposix.py", line 325, in open
    raise SerialException(msg.errno, "could not open port {}: {}".format(self._port, msg))
serial.serialutil.SerialException: [Errno 2] could not open port /dev/serial0: [Errno 2] No such file or directory: '/dev/serial0'
[2026-09-25T18:39:14.093+00:00][P1][INFO][DEBUG_RX][arduino line]{line="HB READY 152079"}
[2026-09-25T18:39:14.703+00:00][P1][INFO][DEBUG_TX][sending to arduino]{wire=H}
[2026-09-25T18:39:14.715+00:00][P1][INFO][DEBUG_RX][arduino line]{line="ACK H"}
[2026-09-25T18:39:15.095+00:00][P1][INFO][DEBUG_RX][arduino line]{line="HB READY 153078"}
[2026-09-25T18:39:15.721+00:00][P1][INFO][DEBUG_TX][sending to arduino]{wire=H}
[2026-09-25T18:39:15.733+00:00][P1][INFO][DEBUG_RX][arduino line]{line="ACK H"}
[2026-09-25T18:39:15.783+00:00][P1][ERROR][GPS_FAIL][gps read failed; retrying] Traceback (most recent call last):
  File "/home/pi/robot/venv/lib/python3.11/site-packages/serial/serialposix.py", line 322, in open
    self.fd = os.open(self.portstr, os.O_RDWR | os.O_NOCTTY | os.O_NONBLOCK)
              ^^^^^^^^^^^^^^^^^^^^^^^^^^^^^^^^^^^^^^^^^^^^^^^^^^^^^^^^^^^^^^
FileNotFoundError: [Errno 2] No such file or directory: '/dev/serial0'

During handling of the above exception, another exception occurred:

Traceback (most recent call last):
  File "/home/pi/robot/pi/p1_control/gps_reader.py", line 83, in _run_serial
    with serial.Serial(
         ^^^^^^^^^^^^^^
  File "/home/pi/robot/venv/lib/python3.11/site-packages/serial/serialutil.py", line 244, in __init__
    self.open()
  File "/home/pi/robot/venv/lib/python3.11/site-packages/serial/serialposix.py", line 325, in open
    raise SerialException(msg.errno, "could not open port {}: {}".format(self._port, msg))
serial.serialutil.SerialException: [Errno 2] could not open port /dev/serial0: [Errno 2] No such file or directory: '/dev/serial0'
[2026-09-25T18:39:16.092+00:00][P1][INFO][DEBUG_RX][arduino line]{line="HB READY 154081"}
[2026-09-25T18:39:16.720+00:00][P1][INFO][DEBUG_TX][sending to arduino]{wire=H}
[2026-09-25T18:39:16.739+00:00][P1][INFO][DEBUG_RX][arduino line]{line="ACK H"}
[2026-09-25T18:39:17.110+00:00][P1][INFO][DEBUG_RX][arduino line]{line="HB READY 155080"}
[2026-09-25T18:39:17.706+00:00][P1][INFO][DEBUG_TX][sending to arduino]{wire=H}
[2026-09-25T18:39:17.750+00:00][P1][INFO][DEBUG_RX][arduino line]{line="ACK H"}
[2026-09-25T18:39:17.824+00:00][P1][ERROR][GPS_FAIL][gps read failed; retrying] Traceback (most recent call last):
  File "/home/pi/robot/venv/lib/python3.11/site-packages/serial/serialposix.py", line 322, in open
    self.fd = os.open(self.portstr, os.O_RDWR | os.O_NOCTTY | os.O_NONBLOCK)
              ^^^^^^^^^^^^^^^^^^^^^^^^^^^^^^^^^^^^^^^^^^^^^^^^^^^^^^^^^^^^^^
FileNotFoundError: [Errno 2] No such file or directory: '/dev/serial0'

During handling of the above exception, another exception occurred:

Traceback (most recent call last):
  File "/home/pi/robot/pi/p1_control/gps_reader.py", line 83, in _run_serial
    with serial.Serial(
         ^^^^^^^^^^^^^^
  File "/home/pi/robot/venv/lib/python3.11/site-packages/serial/serialutil.py", line 244, in __init__
    self.open()
  File "/home/pi/robot/venv/lib/python3.11/site-packages/serial/serialposix.py", line 325, in open
    raise SerialException(msg.errno, "could not open port {}: {}".format(self._port, msg))
serial.serialutil.SerialException: [Errno 2] could not open port /dev/serial0: [Errno 2] No such file or directory: '/dev/serial0'
[2026-09-25T18:39:18.122+00:00][P1][INFO][DEBUG_RX][arduino line]{line="HB READY 156081"}
[2026-09-25T18:39:18.749+00:00][P1][INFO][DEBUG_TX][sending to arduino]{wire=H}
[2026-09-25T18:39:18.773+00:00][P1][INFO][DEBUG_RX][arduino line]{line="ACK H"}
[2026-09-25T18:39:19.110+00:00][P1][INFO][DEBUG_RX][arduino line]{line="HB READY 157080"}
[2026-09-25T18:39:19.823+00:00][P1][INFO][DEBUG_TX][sending to arduino]{wire=H}
[2026-09-25T18:39:19.844+00:00][P1][ERROR][GPS_FAIL][gps read failed; retrying] Traceback (most recent call last):
  File "/home/pi/robot/venv/lib/python3.11/site-packages/serial/serialposix.py", line 322, in open
    self.fd = os.open(self.portstr, os.O_RDWR | os.O_NOCTTY | os.O_NONBLOCK)
              ^^^^^^^^^^^^^^^^^^^^^^^^^^^^^^^^^^^^^^^^^^^^^^^^^^^^^^^^^^^^^^
FileNotFoundError: [Errno 2] No such file or directory: '/dev/serial0'

During handling of the above exception, another exception occurred:

Traceback (most recent call last):
  File "/home/pi/robot/pi/p1_control/gps_reader.py", line 83, in _run_serial
    with serial.Serial(
         ^^^^^^^^^^^^^^
  File "/home/pi/robot/venv/lib/python3.11/site-packages/serial/serialutil.py", line 244, in __init__
    self.open()
  File "/home/pi/robot/venv/lib/python3.11/site-packages/serial/serialposix.py", line 325, in open
    raise SerialException(msg.errno, "could not open port {}: {}".format(self._port, msg))
serial.serialutil.SerialException: [Errno 2] could not open port /dev/serial0: [Errno 2] No such file or directory: '/dev/serial0'
[2026-09-25T18:39:19.858+00:00][P1][INFO][DEBUG_RX][arduino line]{line="ACK H"}
[2026-09-25T18:39:20.107+00:00][P1][INFO][DEBUG_RX][arduino line]{line="HB READY 158082"}
[2026-09-25T18:39:20.709+00:00][P1][INFO][DEBUG_TX][sending to arduino]{wire=H}
[2026-09-25T18:39:20.729+00:00][P1][INFO][DEBUG_RX][arduino line]{line="ACK H"}
[2026-09-25T18:39:21.104+00:00][P1][INFO][DEBUG_RX][arduino line]{line="HB READY 159081"}
[2026-09-25T18:39:21.719+00:00][P1][INFO][DEBUG_TX][sending to arduino]{wire=H}
[2026-09-25T18:39:21.738+00:00][P1][INFO][DEBUG_RX][arduino line]{line="ACK H"}
[2026-09-25T18:39:21.909+00:00][P1][ERROR][GPS_FAIL][gps read failed; retrying] Traceback (most recent call last):
  File "/home/pi/robot/venv/lib/python3.11/site-packages/serial/serialposix.py", line 322, in open
    self.fd = os.open(self.portstr, os.O_RDWR | os.O_NOCTTY | os.O_NONBLOCK)
              ^^^^^^^^^^^^^^^^^^^^^^^^^^^^^^^^^^^^^^^^^^^^^^^^^^^^^^^^^^^^^^
FileNotFoundError: [Errno 2] No such file or directory: '/dev/serial0'

During handling of the above exception, another exception occurred:

Traceback (most recent call last):
  File "/home/pi/robot/pi/p1_control/gps_reader.py", line 83, in _run_serial
    with serial.Serial(
         ^^^^^^^^^^^^^^
  File "/home/pi/robot/venv/lib/python3.11/site-packages/serial/serialutil.py", line 244, in __init__
    self.open()
  File "/home/pi/robot/venv/lib/python3.11/site-packages/serial/serialposix.py", line 325, in open
    raise SerialException(msg.errno, "could not open port {}: {}".format(self._port, msg))
serial.serialutil.SerialException: [Errno 2] could not open port /dev/serial0: [Errno 2] No such file or directory: '/dev/serial0'
[2026-09-25T18:39:22.107+00:00][P1][INFO][DEBUG_RX][arduino line]{line="HB READY 160082"}
[2026-09-25T18:39:22.710+00:00][P1][INFO][DEBUG_TX][sending to arduino]{wire=H}
[2026-09-25T18:39:22.730+00:00][P1][INFO][DEBUG_RX][arduino line]{line="ACK H"}
[2026-09-25T18:39:23.113+00:00][P1][INFO][DEBUG_RX][arduino line]{line="HB READY 161081"}
[2026-09-25T18:39:23.715+00:00][P1][INFO][DEBUG_TX][sending to arduino]{wire=H}
[2026-09-25T18:39:23.733+00:00][P1][INFO][DEBUG_RX][arduino line]{line="ACK H"}
[2026-09-25T18:39:23.930+00:00][P1][ERROR][GPS_FAIL][gps read failed; retrying] Traceback (most recent call last):
  File "/home/pi/robot/venv/lib/python3.11/site-packages/serial/serialposix.py", line 322, in open
    self.fd = os.open(self.portstr, os.O_RDWR | os.O_NOCTTY | os.O_NONBLOCK)
              ^^^^^^^^^^^^^^^^^^^^^^^^^^^^^^^^^^^^^^^^^^^^^^^^^^^^^^^^^^^^^^
FileNotFoundError: [Errno 2] No such file or directory: '/dev/serial0'

During handling of the above exception, another exception occurred:

Traceback (most recent call last):
  File "/home/pi/robot/pi/p1_control/gps_reader.py", line 83, in _run_serial
    with serial.Serial(
         ^^^^^^^^^^^^^^
  File "/home/pi/robot/venv/lib/python3.11/site-packages/serial/serialutil.py", line 244, in __init__
    self.open()
  File "/home/pi/robot/venv/lib/python3.11/site-packages/serial/serialposix.py", line 325, in open
    raise SerialException(msg.errno, "could not open port {}: {}".format(self._port, msg))
serial.serialutil.SerialException: [Errno 2] could not open port /dev/serial0: [Errno 2] No such file or directory: '/dev/serial0'
[2026-09-25T18:39:24.111+00:00][P1][INFO][DEBUG_RX][arduino line]{line="HB READY 162084"}
[2026-09-25T18:39:24.720+00:00][P1][INFO][DEBUG_TX][sending to arduino]{wire=H}
[2026-09-25T18:39:24.739+00:00][P1][INFO][DEBUG_RX][arduino line]{line="ACK H"}
[2026-09-25T18:39:25.115+00:00][P1][INFO][DEBUG_RX][arduino line]{line="HB READY 163083"}
[2026-09-25T18:39:25.848+00:00][P1][INFO][DEBUG_TX][sending to arduino]{wire=H}
[2026-09-25T18:39:25.861+00:00][P1][INFO][DEBUG_RX][arduino line]{line="ACK H"}
[2026-09-25T18:39:25.973+00:00][P1][ERROR][GPS_FAIL][gps read failed; retrying] Traceback (most recent call last):
  File "/home/pi/robot/venv/lib/python3.11/site-packages/serial/serialposix.py", line 322, in open
    self.fd = os.open(self.portstr, os.O_RDWR | os.O_NOCTTY | os.O_NONBLOCK)
              ^^^^^^^^^^^^^^^^^^^^^^^^^^^^^^^^^^^^^^^^^^^^^^^^^^^^^^^^^^^^^^
FileNotFoundError: [Errno 2] No such file or directory: '/dev/serial0'

During handling of the above exception, another exception occurred:

Traceback (most recent call last):
  File "/home/pi/robot/pi/p1_control/gps_reader.py", line 83, in _run_serial
    with serial.Serial(
         ^^^^^^^^^^^^^^
  File "/home/pi/robot/venv/lib/python3.11/site-packages/serial/serialutil.py", line 244, in __init__
    self.open()
  File "/home/pi/robot/venv/lib/python3.11/site-packages/serial/serialposix.py", line 325, in open
    raise SerialException(msg.errno, "could not open port {}: {}".format(self._port, msg))
serial.serialutil.SerialException: [Errno 2] could not open port /dev/serial0: [Errno 2] No such file or directory: '/dev/serial0'
[2026-09-25T18:39:26.127+00:00][P1][INFO][DEBUG_RX][arduino line]{line="HB READY 164085"}
[2026-09-25T18:39:26.743+00:00][P1][INFO][DEBUG_TX][sending to arduino]{wire=H}
[2026-09-25T18:39:28.020+00:00][P1][ERROR][GPS_FAIL][gps read failed; retrying] Traceback (most recent call last):
  File "/home/pi/robot/venv/lib/python3.11/site-packages/serial/serialposix.py", line 322, in open
    self.fd = os.open(self.portstr, os.O_RDWR | os.O_NOCTTY | os.O_NONBLOCK)
              ^^^^^^^^^^^^^^^^^^^^^^^^^^^^^^^^^^^^^^^^^^^^^^^^^^^^^^^^^^^^^^
FileNotFoundError: [Errno 2] No such file or directory: '/dev/serial0'

During handling of the above exception, another exception occurred:

Traceback (most recent call last):
  File "/home/pi/robot/pi/p1_control/gps_reader.py", line 83, in _run_serial
    with serial.Serial(
         ^^^^^^^^^^^^^^
  File "/home/pi/robot/venv/lib/python3.11/site-packages/serial/serialutil.py", line 244, in __init__
    self.open()
  File "/home/pi/robot/venv/lib/python3.11/site-packages/serial/serialposix.py", line 325, in open
    raise SerialException(msg.errno, "could not open port {}: {}".format(self._port, msg))
serial.serialutil.SerialException: [Errno 2] could not open port /dev/serial0: [Errno 2] No such file or directory: '/dev/serial0'
[2026-09-25T18:39:29.969+00:00][P1][INFO][DEBUG_RX][arduino line]{line="HB READY 165084"}
[2026-09-25T18:39:29.977+00:00][P1][INFO][DEBUG_RX][arduino line]{line="PANIC DEADMAN"}
[2026-09-25T18:39:29.978+00:00][P1][CRITICAL][FW_PANIC][firmware panic]{detail="PANIC DEADMAN"}
[2026-09-25T18:39:29.984+00:00][P1][INFO][DEBUG_RX][arduino line]{line="HB PANIC 166086"}
[2026-09-25T18:39:29.997+00:00][P1][INFO][DEBUG_RX][arduino line]{line="HB PANIC 167085"}
[2026-09-25T18:39:30.007+00:00][P1][INFO][DEBUG_RX][arduino line]{line="ACK H"}
[2026-09-25T18:39:30.011+00:00][P1][INFO][DEBUG_RX][arduino line]{line="EVT DEADMAN_CLEARED"}
[2026-09-25T18:39:30.118+00:00][P1][INFO][DEBUG_TX][sending to arduino]{wire=H}
[2026-09-25T18:39:30.137+00:00][P1][INFO][DEBUG_TX][sending to arduino]{wire=H}
[2026-09-25T18:39:30.173+00:00][P1][INFO][DEBUG_TX][sending to arduino]{wire=H}
[2026-09-25T18:39:30.184+00:00][P1][INFO][DEBUG_RX][arduino line]{line="HB READY 168087"}
[2026-09-25T18:39:30.186+00:00][P1][INFO][DEBUG_RX][arduino line]{line="ACK H"}
[2026-09-25T18:39:30.193+00:00][P1][INFO][DEBUG_RX][arduino line]{line="ACK H"}
[2026-09-25T18:39:30.194+00:00][P1][INFO][DEBUG_RX][arduino line]{line="ACK H"}
[2026-09-25T18:39:30.732+00:00][P1][INFO][DEBUG_TX][sending to arduino]{wire=H}
[2026-09-25T18:39:30.760+00:00][P1][INFO][DEBUG_RX][arduino line]{line="ACK H"}
[2026-09-25T18:39:31.127+00:00][P1][INFO][DEBUG_RX][arduino line]{line="HB READY 169086"}
[2026-09-25T18:39:31.731+00:00][P1][INFO][DEBUG_TX][sending to arduino]{wire=H}
[2026-09-25T18:39:31.757+00:00][P1][INFO][DEBUG_RX][arduino line]{line="ACK H"}
[2026-09-25T18:39:31.964+00:00][P1][ERROR][GPS_FAIL][gps read failed; retrying] Traceback (most recent call last):
  File "/home/pi/robot/venv/lib/python3.11/site-packages/serial/serialposix.py", line 322, in open
    self.fd = os.open(self.portstr, os.O_RDWR | os.O_NOCTTY | os.O_NONBLOCK)
              ^^^^^^^^^^^^^^^^^^^^^^^^^^^^^^^^^^^^^^^^^^^^^^^^^^^^^^^^^^^^^^
FileNotFoundError: [Errno 2] No such file or directory: '/dev/serial0'

During handling of the above exception, another exception occurred:

Traceback (most recent call last):
  File "/home/pi/robot/pi/p1_control/gps_reader.py", line 83, in _run_serial
    with serial.Serial(
         ^^^^^^^^^^^^^^
  File "/home/pi/robot/venv/lib/python3.11/site-packages/serial/serialutil.py", line 244, in __init__
    self.open()
  File "/home/pi/robot/venv/lib/python3.11/site-packages/serial/serialposix.py", line 325, in open
    raise SerialException(msg.errno, "could not open port {}: {}".format(self._port, msg))
serial.serialutil.SerialException: [Errno 2] could not open port /dev/serial0: [Errno 2] No such file or directory: '/dev/serial0'
[2026-09-25T18:39:32.134+00:00][P1][INFO][DEBUG_RX][arduino line]{line="HB READY 170088"}
[2026-09-25T18:39:32.754+00:00][P1][INFO][DEBUG_TX][sending to arduino]{wire=H}
[2026-09-25T18:39:32.762+00:00][P1][INFO][DEBUG_RX][arduino line]{line="ACK H"}
[2026-09-25T18:39:33.135+00:00][P1][INFO][DEBUG_RX][arduino line]{line="HB READY 171087"}
[2026-09-25T18:39:33.793+00:00][P1][INFO][DEBUG_TX][sending to arduino]{wire=H}
[2026-09-25T18:39:33.814+00:00][P1][INFO][DEBUG_RX][arduino line]{line="ACK H"}
[2026-09-25T18:39:34.005+00:00][P1][ERROR][GPS_FAIL][gps read failed; retrying] Traceback (most recent call last):
  File "/home/pi/robot/venv/lib/python3.11/site-packages/serial/serialposix.py", line 322, in open
    self.fd = os.open(self.portstr, os.O_RDWR | os.O_NOCTTY | os.O_NONBLOCK)
              ^^^^^^^^^^^^^^^^^^^^^^^^^^^^^^^^^^^^^^^^^^^^^^^^^^^^^^^^^^^^^^
FileNotFoundError: [Errno 2] No such file or directory: '/dev/serial0'

During handling of the above exception, another exception occurred:

Traceback (most recent call last):
  File "/home/pi/robot/pi/p1_control/gps_reader.py", line 83, in _run_serial
    with serial.Serial(
         ^^^^^^^^^^^^^^
  File "/home/pi/robot/venv/lib/python3.11/site-packages/serial/serialutil.py", line 244, in __init__
    self.open()
  File "/home/pi/robot/venv/lib/python3.11/site-packages/serial/serialposix.py", line 325, in open
    raise SerialException(msg.errno, "could not open port {}: {}".format(self._port, msg))
serial.serialutil.SerialException: [Errno 2] could not open port /dev/serial0: [Errno 2] No such file or directory: '/dev/serial0'
[2026-09-25T18:39:34.134+00:00][P1][INFO][DEBUG_RX][arduino line]{line="HB READY 172089"}
[2026-09-25T18:39:34.846+00:00][P1][INFO][DEBUG_TX][sending to arduino]{wire=H}
[2026-09-25T18:39:34.869+00:00][P1][INFO][DEBUG_RX][arduino line]{line="ACK H"}
[2026-09-25T18:39:35.147+00:00][P1][INFO][DEBUG_RX][arduino line]{line="HB READY 173088"}
[2026-09-25T18:39:35.880+00:00][P1][INFO][DEBUG_TX][sending to arduino]{wire=H}
[2026-09-25T18:39:35.915+00:00][P1][INFO][DEBUG_RX][arduino line]{line="ACK H"}
[2026-09-25T18:39:36.039+00:00][P1][ERROR][GPS_FAIL][gps read failed; retrying] Traceback (most recent call last):
  File "/home/pi/robot/venv/lib/python3.11/site-packages/serial/serialposix.py", line 322, in open
    self.fd = os.open(self.portstr, os.O_RDWR | os.O_NOCTTY | os.O_NONBLOCK)
              ^^^^^^^^^^^^^^^^^^^^^^^^^^^^^^^^^^^^^^^^^^^^^^^^^^^^^^^^^^^^^^
FileNotFoundError: [Errno 2] No such file or directory: '/dev/serial0'

During handling of the above exception, another exception occurred:

Traceback (most recent call last):
  File "/home/pi/robot/pi/p1_control/gps_reader.py", line 83, in _run_serial
    with serial.Serial(
         ^^^^^^^^^^^^^^
  File "/home/pi/robot/venv/lib/python3.11/site-packages/serial/serialutil.py", line 244, in __init__
    self.open()
  File "/home/pi/robot/venv/lib/python3.11/site-packages/serial/serialposix.py", line 325, in open
    raise SerialException(msg.errno, "could not open port {}: {}".format(self._port, msg))
serial.serialutil.SerialException: [Errno 2] could not open port /dev/serial0: [Errno 2] No such file or directory: '/dev/serial0'
[2026-09-25T18:39:36.139+00:00][P1][INFO][DEBUG_RX][arduino line]{line="HB READY 174089"}
[2026-09-25T18:39:36.743+00:00][P1][INFO][DEBUG_TX][sending to arduino]{wire=H}
[2026-09-25T18:39:36.767+00:00][P1][INFO][DEBUG_RX][arduino line]{line="ACK H"}
[2026-09-25T18:39:37.143+00:00][P1][INFO][DEBUG_RX][arduino line]{line="HB READY 175088"}
[2026-09-25T18:39:37.750+00:00][P1][INFO][DEBUG_TX][sending to arduino]{wire=H}
[2026-09-25T18:39:37.787+00:00][P1][INFO][DEBUG_RX][arduino line]{line="ACK H"}
[2026-09-25T18:39:38.077+00:00][P1][ERROR][GPS_FAIL][gps read failed; retrying] Traceback (most recent call last):
  File "/home/pi/robot/venv/lib/python3.11/site-packages/serial/serialposix.py", line 322, in open
    self.fd = os.open(self.portstr, os.O_RDWR | os.O_NOCTTY | os.O_NONBLOCK)
              ^^^^^^^^^^^^^^^^^^^^^^^^^^^^^^^^^^^^^^^^^^^^^^^^^^^^^^^^^^^^^^
FileNotFoundError: [Errno 2] No such file or directory: '/dev/serial0'

During handling of the above exception, another exception occurred:

Traceback (most recent call last):
  File "/home/pi/robot/pi/p1_control/gps_reader.py", line 83, in _run_serial
    with serial.Serial(
         ^^^^^^^^^^^^^^
  File "/home/pi/robot/venv/lib/python3.11/site-packages/serial/serialutil.py", line 244, in __init__
    self.open()
  File "/home/pi/robot/venv/lib/python3.11/site-packages/serial/serialposix.py", line 325, in open
    raise SerialException(msg.errno, "could not open port {}: {}".format(self._port, msg))
serial.serialutil.SerialException: [Errno 2] could not open port /dev/serial0: [Errno 2] No such file or directory: '/dev/serial0'
[2026-09-25T18:39:38.169+00:00][P1][INFO][DEBUG_RX][arduino line]{line="HB READY 176091"}
[2026-09-25T18:39:38.759+00:00][P1][INFO][DEBUG_TX][sending to arduino]{wire=H}
[2026-09-25T18:39:38.780+00:00][P1][INFO][DEBUG_RX][arduino line]{line="ACK H"}
[2026-09-25T18:39:39.158+00:00][P1][INFO][DEBUG_RX][arduino line]{line="HB READY 177090"}
[2026-09-25T18:39:39.746+00:00][P1][INFO][DEBUG_TX][sending to arduino]{wire=H}
[2026-09-25T18:39:39.752+00:00][P1][INFO][DEBUG_RX][arduino line]{line="ACK H"}
[2026-09-25T18:39:40.112+00:00][P1][ERROR][GPS_FAIL][gps read failed; retrying] Traceback (most recent call last):
  File "/home/pi/robot/venv/lib/python3.11/site-packages/serial/serialposix.py", line 322, in open
    self.fd = os.open(self.portstr, os.O_RDWR | os.O_NOCTTY | os.O_NONBLOCK)
              ^^^^^^^^^^^^^^^^^^^^^^^^^^^^^^^^^^^^^^^^^^^^^^^^^^^^^^^^^^^^^^
FileNotFoundError: [Errno 2] No such file or directory: '/dev/serial0'

During handling of the above exception, another exception occurred:

Traceback (most recent call last):
  File "/home/pi/robot/pi/p1_control/gps_reader.py", line 83, in _run_serial
    with serial.Serial(
         ^^^^^^^^^^^^^^
  File "/home/pi/robot/venv/lib/python3.11/site-packages/serial/serialutil.py", line 244, in __init__
    self.open()
  File "/home/pi/robot/venv/lib/python3.11/site-packages/serial/serialposix.py", line 325, in open
    raise SerialException(msg.errno, "could not open port {}: {}".format(self._port, msg))
serial.serialutil.SerialException: [Errno 2] could not open port /dev/serial0: [Errno 2] No such file or directory: '/dev/serial0'
[2026-09-25T18:39:40.150+00:00][P1][INFO][DEBUG_RX][arduino line]{line="HB READY 178091"}
[2026-09-25T18:39:40.761+00:00][P1][INFO][DEBUG_TX][sending to arduino]{wire=H}
[2026-09-25T18:39:40.777+00:00][P1][INFO][DEBUG_RX][arduino line]{line="ACK H"}
[2026-09-25T18:39:40.892+00:00][P1][INFO][WS_CONTROLLER_RELEASED][controller slot free]{client=c1}
[2026-09-25T18:39:40.896+00:00][P1][INFO][WS_DISCONNECT][client disconnected]{client=c1 total=0}
[2026-09-25T18:39:40.903+00:00][P1][INFO][DEBUG_TX][sending to arduino]{wire=S}
[2026-09-25T18:39:40.924+00:00][P1][INFO][DEBUG_RX][arduino line]{line="ACK S"}
[2026-09-25T18:39:41.174+00:00][P1][INFO][DEBUG_RX][arduino line]{line="HB READY 179090"}
[2026-09-25T18:39:42.130+00:00][P1][ERROR][GPS_FAIL][gps read failed; retrying] Traceback (most recent call last):
  File "/home/pi/robot/venv/lib/python3.11/site-packages/serial/serialposix.py", line 322, in open
    self.fd = os.open(self.portstr, os.O_RDWR | os.O_NOCTTY | os.O_NONBLOCK)
              ^^^^^^^^^^^^^^^^^^^^^^^^^^^^^^^^^^^^^^^^^^^^^^^^^^^^^^^^^^^^^^
FileNotFoundError: [Errno 2] No such file or directory: '/dev/serial0'

During handling of the above exception, another exception occurred:

Traceback (most recent call last):
  File "/home/pi/robot/pi/p1_control/gps_reader.py", line 83, in _run_serial
    with serial.Serial(
         ^^^^^^^^^^^^^^
  File "/home/pi/robot/venv/lib/python3.11/site-packages/serial/serialutil.py", line 244, in __init__
    self.open()
  File "/home/pi/robot/venv/lib/python3.11/site-packages/serial/serialposix.py", line 325, in open
    raise SerialException(msg.errno, "could not open port {}: {}".format(self._port, msg))
serial.serialutil.SerialException: [Errno 2] could not open port /dev/serial0: [Errno 2] No such file or directory: '/dev/serial0'
[2026-09-25T18:39:42.154+00:00][P1][INFO][DEBUG_RX][arduino line]{line="HB READY 180092"}
[2026-09-25T18:39:42.934+00:00][P1][INFO][DEBUG_RX][arduino line]{line="PANIC DEADMAN"}
[2026-09-25T18:39:42.941+00:00][P1][CRITICAL][FW_PANIC][firmware panic]{detail="PANIC DEADMAN"}
[2026-09-25T18:39:43.154+00:00][P1][INFO][DEBUG_RX][arduino line]{line="HB PANIC 181091"}
[2026-09-25T18:39:44.160+00:00][P1][INFO][DEBUG_RX][arduino line]{line="HB PANIC 182093"}
[2026-09-25T18:39:44.165+00:00][P1][ERROR][GPS_FAIL][gps read failed; retrying] Traceback (most recent call last):
  File "/home/pi/robot/venv/lib/python3.11/site-packages/serial/serialposix.py", line 322, in open
    self.fd = os.open(self.portstr, os.O_RDWR | os.O_NOCTTY | os.O_NONBLOCK)
              ^^^^^^^^^^^^^^^^^^^^^^^^^^^^^^^^^^^^^^^^^^^^^^^^^^^^^^^^^^^^^^
FileNotFoundError: [Errno 2] No such file or directory: '/dev/serial0'

During handling of the above exception, another exception occurred:

Traceback (most recent call last):
  File "/home/pi/robot/pi/p1_control/gps_reader.py", line 83, in _run_serial
    with serial.Serial(
         ^^^^^^^^^^^^^^
  File "/home/pi/robot/venv/lib/python3.11/site-packages/serial/serialutil.py", line 244, in __init__
    self.open()
  File "/home/pi/robot/venv/lib/python3.11/site-packages/serial/serialposix.py", line 325, in open
    raise SerialException(msg.errno, "could not open port {}: {}".format(self._port, msg))
serial.serialutil.SerialException: [Errno 2] could not open port /dev/serial0: [Errno 2] No such file or directory: '/dev/serial0'
[2026-09-25T18:39:45.162+00:00][P1][INFO][DEBUG_RX][arduino line]{line="HB PANIC 183092"}
[2026-09-25T18:39:46.173+00:00][P1][INFO][DEBUG_RX][arduino line]{line="HB PANIC 184094"}
[2026-09-25T18:39:46.209+00:00][P1][ERROR][GPS_FAIL][gps read failed; retrying] Traceback (most recent call last):
  File "/home/pi/robot/venv/lib/python3.11/site-packages/serial/serialposix.py", line 322, in open
    self.fd = os.open(self.portstr, os.O_RDWR | os.O_NOCTTY | os.O_NONBLOCK)
              ^^^^^^^^^^^^^^^^^^^^^^^^^^^^^^^^^^^^^^^^^^^^^^^^^^^^^^^^^^^^^^
FileNotFoundError: [Errno 2] No such file or directory: '/dev/serial0'

During handling of the above exception, another exception occurred:

Traceback (most recent call last):
  File "/home/pi/robot/pi/p1_control/gps_reader.py", line 83, in _run_serial
    with serial.Serial(
         ^^^^^^^^^^^^^^
  File "/home/pi/robot/venv/lib/python3.11/site-packages/serial/serialutil.py", line 244, in __init__
    self.open()
  File "/home/pi/robot/venv/lib/python3.11/site-packages/serial/serialposix.py", line 325, in open
    raise SerialException(msg.errno, "could not open port {}: {}".format(self._port, msg))
serial.serialutil.SerialException: [Errno 2] could not open port /dev/serial0: [Errno 2] No such file or directory: '/dev/serial0'
[2026-09-25T18:39:47.165+00:00][P1][INFO][DEBUG_RX][arduino line]{line="HB PANIC 185093"}
[2026-09-25T18:39:48.174+00:00][P1][INFO][DEBUG_RX][arduino line]{line="HB PANIC 186095"}
[2026-09-25T18:39:48.249+00:00][P1][ERROR][GPS_FAIL][gps read failed; retrying] Traceback (most recent call last):
  File "/home/pi/robot/venv/lib/python3.11/site-packages/serial/serialposix.py", line 322, in open
    self.fd = os.open(self.portstr, os.O_RDWR | os.O_NOCTTY | os.O_NONBLOCK)
              ^^^^^^^^^^^^^^^^^^^^^^^^^^^^^^^^^^^^^^^^^^^^^^^^^^^^^^^^^^^^^^
FileNotFoundError: [Errno 2] No such file or directory: '/dev/serial0'

During handling of the above exception, another exception occurred:

Traceback (most recent call last):
  File "/home/pi/robot/pi/p1_control/gps_reader.py", line 83, in _run_serial
    with serial.Serial(
         ^^^^^^^^^^^^^^
  File "/home/pi/robot/venv/lib/python3.11/site-packages/serial/serialutil.py", line 244, in __init__
    self.open()
  File "/home/pi/robot/venv/lib/python3.11/site-packages/serial/serialposix.py", line 325, in open
    raise SerialException(msg.errno, "could not open port {}: {}".format(self._port, msg))
serial.serialutil.SerialException: [Errno 2] could not open port /dev/serial0: [Errno 2] No such file or directory: '/dev/serial0'
[2026-09-25T18:39:49.171+00:00][P1][INFO][DEBUG_RX][arduino line]{line="HB PANIC 187095"}
[2026-09-25T18:39:50.184+00:00][P1][INFO][DEBUG_RX][arduino line]{line="HB PANIC 188096"}
[2026-09-25T18:39:50.270+00:00][P1][ERROR][GPS_FAIL][gps read failed; retrying] Traceback (most recent call last):
  File "/home/pi/robot/venv/lib/python3.11/site-packages/serial/serialposix.py", line 322, in open
    self.fd = os.open(self.portstr, os.O_RDWR | os.O_NOCTTY | os.O_NONBLOCK)
              ^^^^^^^^^^^^^^^^^^^^^^^^^^^^^^^^^^^^^^^^^^^^^^^^^^^^^^^^^^^^^^
FileNotFoundError: [Errno 2] No such file or directory: '/dev/serial0'

During handling of the above exception, another exception occurred:

Traceback (most recent call last):
  File "/home/pi/robot/pi/p1_control/gps_reader.py", line 83, in _run_serial
    with serial.Serial(
         ^^^^^^^^^^^^^^
  File "/home/pi/robot/venv/lib/python3.11/site-packages/serial/serialutil.py", line 244, in __init__
    self.open()
  File "/home/pi/robot/venv/lib/python3.11/site-packages/serial/serialposix.py", line 325, in open
    raise SerialException(msg.errno, "could not open port {}: {}".format(self._port, msg))
serial.serialutil.SerialException: [Errno 2] could not open port /dev/serial0: [Errno 2] No such file or directory: '/dev/serial0'
[2026-09-25T18:39:51.190+00:00][P1][INFO][DEBUG_RX][arduino line]{line="HB PANIC 189095"}
[2026-09-25T18:39:52.184+00:00][P1][INFO][DEBUG_RX][arduino line]{line="HB PANIC 190097"}
[2026-09-25T18:39:52.313+00:00][P1][ERROR][GPS_FAIL][gps read failed; retrying] Traceback (most recent call last):
  File "/home/pi/robot/venv/lib/python3.11/site-packages/serial/serialposix.py", line 322, in open
    self.fd = os.open(self.portstr, os.O_RDWR | os.O_NOCTTY | os.O_NONBLOCK)
              ^^^^^^^^^^^^^^^^^^^^^^^^^^^^^^^^^^^^^^^^^^^^^^^^^^^^^^^^^^^^^^
FileNotFoundError: [Errno 2] No such file or directory: '/dev/serial0'

During handling of the above exception, another exception occurred:

Traceback (most recent call last):
  File "/home/pi/robot/pi/p1_control/gps_reader.py", line 83, in _run_serial
    with serial.Serial(
         ^^^^^^^^^^^^^^
  File "/home/pi/robot/venv/lib/python3.11/site-packages/serial/serialutil.py", line 244, in __init__
    self.open()
  File "/home/pi/robot/venv/lib/python3.11/site-packages/serial/serialposix.py", line 325, in open
    raise SerialException(msg.errno, "could not open port {}: {}".format(self._port, msg))
serial.serialutil.SerialException: [Errno 2] could not open port /dev/serial0: [Errno 2] No such file or directory: '/dev/serial0'
[2026-09-25T18:39:53.180+00:00][P1][INFO][DEBUG_RX][arduino line]{line="HB PANIC 191096"}
[2026-09-25T18:39:54.188+00:00][P1][INFO][DEBUG_RX][arduino line]{line="HB PANIC 192098"}
[2026-09-25T18:39:54.375+00:00][P1][ERROR][GPS_FAIL][gps read failed; retrying] Traceback (most recent call last):
  File "/home/pi/robot/venv/lib/python3.11/site-packages/serial/serialposix.py", line 322, in open
    self.fd = os.open(self.portstr, os.O_RDWR | os.O_NOCTTY | os.O_NONBLOCK)
              ^^^^^^^^^^^^^^^^^^^^^^^^^^^^^^^^^^^^^^^^^^^^^^^^^^^^^^^^^^^^^^
FileNotFoundError: [Errno 2] No such file or directory: '/dev/serial0'

During handling of the above exception, another exception occurred:

Traceback (most recent call last):
  File "/home/pi/robot/pi/p1_control/gps_reader.py", line 83, in _run_serial
    with serial.Serial(
         ^^^^^^^^^^^^^^
  File "/home/pi/robot/venv/lib/python3.11/site-packages/serial/serialutil.py", line 244, in __init__
    self.open()
  File "/home/pi/robot/venv/lib/python3.11/site-packages/serial/serialposix.py", line 325, in open
    raise SerialException(msg.errno, "could not open port {}: {}".format(self._port, msg))
serial.serialutil.SerialException: [Errno 2] could not open port /dev/serial0: [Errno 2] No such file or directory: '/dev/serial0'
[2026-09-25T18:39:55.187+00:00][P1][INFO][DEBUG_RX][arduino line]{line="HB PANIC 193097"}
[2026-09-25T18:39:56.187+00:00][P1][INFO][DEBUG_RX][arduino line]{line="HB PANIC 194099"}
[2026-09-25T18:39:56.425+00:00][P1][ERROR][GPS_FAIL][gps read failed; retrying] Traceback (most recent call last):
  File "/home/pi/robot/venv/lib/python3.11/site-packages/serial/serialposix.py", line 322, in open
    self.fd = os.open(self.portstr, os.O_RDWR | os.O_NOCTTY | os.O_NONBLOCK)
              ^^^^^^^^^^^^^^^^^^^^^^^^^^^^^^^^^^^^^^^^^^^^^^^^^^^^^^^^^^^^^^
FileNotFoundError: [Errno 2] No such file or directory: '/dev/serial0'

During handling of the above exception, another exception occurred:

Traceback (most recent call last):
  File "/home/pi/robot/pi/p1_control/gps_reader.py", line 83, in _run_serial
    with serial.Serial(
         ^^^^^^^^^^^^^^
  File "/home/pi/robot/venv/lib/python3.11/site-packages/serial/serialutil.py", line 244, in __init__
    self.open()
  File "/home/pi/robot/venv/lib/python3.11/site-packages/serial/serialposix.py", line 325, in open
    raise SerialException(msg.errno, "could not open port {}: {}".format(self._port, msg))
serial.serialutil.SerialException: [Errno 2] could not open port /dev/serial0: [Errno 2] No such file or directory: '/dev/serial0'
[2026-09-25T18:39:57.188+00:00][P1][INFO][DEBUG_RX][arduino line]{line="HB PANIC 195098"}
[2026-09-25T18:39:58.191+00:00][P1][INFO][DEBUG_RX][arduino line]{line="HB PANIC 196100"}
[2026-09-25T18:39:58.452+00:00][P1][ERROR][GPS_FAIL][gps read failed; retrying] Traceback (most recent call last):
  File "/home/pi/robot/venv/lib/python3.11/site-packages/serial/serialposix.py", line 322, in open
    self.fd = os.open(self.portstr, os.O_RDWR | os.O_NOCTTY | os.O_NONBLOCK)
              ^^^^^^^^^^^^^^^^^^^^^^^^^^^^^^^^^^^^^^^^^^^^^^^^^^^^^^^^^^^^^^
FileNotFoundError: [Errno 2] No such file or directory: '/dev/serial0'

During handling of the above exception, another exception occurred:

Traceback (most recent call last):
  File "/home/pi/robot/pi/p1_control/gps_reader.py", line 83, in _run_serial
    with serial.Serial(
         ^^^^^^^^^^^^^^
  File "/home/pi/robot/venv/lib/python3.11/site-packages/serial/serialutil.py", line 244, in __init__
    self.open()
  File "/home/pi/robot/venv/lib/python3.11/site-packages/serial/serialposix.py", line 325, in open
    raise SerialException(msg.errno, "could not open port {}: {}".format(self._port, msg))
serial.serialutil.SerialException: [Errno 2] could not open port /dev/serial0: [Errno 2] No such file or directory: '/dev/serial0'
[2026-09-25T18:39:59.193+00:00][P1][INFO][DEBUG_RX][arduino line]{line="HB PANIC 197099"}
[2026-09-25T18:40:00.197+00:00][P1][INFO][DEBUG_RX][arduino line]{line="HB PANIC 198100"}
[2026-09-25T18:40:00.490+00:00][P1][ERROR][GPS_FAIL][gps read failed; retrying] Traceback (most recent call last):
  File "/home/pi/robot/venv/lib/python3.11/site-packages/serial/serialposix.py", line 322, in open
    self.fd = os.open(self.portstr, os.O_RDWR | os.O_NOCTTY | os.O_NONBLOCK)
              ^^^^^^^^^^^^^^^^^^^^^^^^^^^^^^^^^^^^^^^^^^^^^^^^^^^^^^^^^^^^^^
FileNotFoundError: [Errno 2] No such file or directory: '/dev/serial0'

During handling of the above exception, another exception occurred:

Traceback (most recent call last):
  File "/home/pi/robot/pi/p1_control/gps_reader.py", line 83, in _run_serial
    with serial.Serial(
         ^^^^^^^^^^^^^^
  File "/home/pi/robot/venv/lib/python3.11/site-packages/serial/serialutil.py", line 244, in __init__
    self.open()
  File "/home/pi/robot/venv/lib/python3.11/site-packages/serial/serialposix.py", line 325, in open
    raise SerialException(msg.errno, "could not open port {}: {}".format(self._port, msg))
serial.serialutil.SerialException: [Errno 2] could not open port /dev/serial0: [Errno 2] No such file or directory: '/dev/serial0'
[2026-09-25T18:40:01.196+00:00][P1][INFO][DEBUG_RX][arduino line]{line="HB PANIC 199099"}
[2026-09-25T18:40:02.203+00:00][P1][INFO][DEBUG_RX][arduino line]{line="HB PANIC 200101"}
[2026-09-25T18:40:02.510+00:00][P1][ERROR][GPS_FAIL][gps read failed; retrying] Traceback (most recent call last):
  File "/home/pi/robot/venv/lib/python3.11/site-packages/serial/serialposix.py", line 322, in open
    self.fd = os.open(self.portstr, os.O_RDWR | os.O_NOCTTY | os.O_NONBLOCK)
              ^^^^^^^^^^^^^^^^^^^^^^^^^^^^^^^^^^^^^^^^^^^^^^^^^^^^^^^^^^^^^^
FileNotFoundError: [Errno 2] No such file or directory: '/dev/serial0'

During handling of the above exception, another exception occurred:

Traceback (most recent call last):
  File "/home/pi/robot/pi/p1_control/gps_reader.py", line 83, in _run_serial
    with serial.Serial(
         ^^^^^^^^^^^^^^
  File "/home/pi/robot/venv/lib/python3.11/site-packages/serial/serialutil.py", line 244, in __init__
    self.open()
  File "/home/pi/robot/venv/lib/python3.11/site-packages/serial/serialposix.py", line 325, in open
    raise SerialException(msg.errno, "could not open port {}: {}".format(self._port, msg))
serial.serialutil.SerialException: [Errno 2] could not open port /dev/serial0: [Errno 2] No such file or directory: '/dev/serial0'
[2026-09-25T18:40:03.204+00:00][P1][INFO][DEBUG_RX][arduino line]{line="HB PANIC 201100"}
[2026-09-25T18:40:04.208+00:00][P1][INFO][DEBUG_RX][arduino line]{line="HB PANIC 202103"}
[2026-09-25T18:40:04.544+00:00][P1][ERROR][GPS_FAIL][gps read failed; retrying] Traceback (most recent call last):
  File "/home/pi/robot/venv/lib/python3.11/site-packages/serial/serialposix.py", line 322, in open
    self.fd = os.open(self.portstr, os.O_RDWR | os.O_NOCTTY | os.O_NONBLOCK)
              ^^^^^^^^^^^^^^^^^^^^^^^^^^^^^^^^^^^^^^^^^^^^^^^^^^^^^^^^^^^^^^
FileNotFoundError: [Errno 2] No such file or directory: '/dev/serial0'

During handling of the above exception, another exception occurred:

Traceback (most recent call last):
  File "/home/pi/robot/pi/p1_control/gps_reader.py", line 83, in _run_serial
    with serial.Serial(
         ^^^^^^^^^^^^^^
  File "/home/pi/robot/venv/lib/python3.11/site-packages/serial/serialutil.py", line 244, in __init__
    self.open()
  File "/home/pi/robot/venv/lib/python3.11/site-packages/serial/serialposix.py", line 325, in open
    raise SerialException(msg.errno, "could not open port {}: {}".format(self._port, msg))
serial.serialutil.SerialException: [Errno 2] could not open port /dev/serial0: [Errno 2] No such file or directory: '/dev/serial0'
[2026-09-25T18:40:05.207+00:00][P1][INFO][DEBUG_RX][arduino line]{line="HB PANIC 203102"}
[2026-09-25T18:40:06.214+00:00][P1][INFO][DEBUG_RX][arduino line]{line="HB PANIC 204103"}
[2026-09-25T18:40:06.559+00:00][P1][ERROR][GPS_FAIL][gps read failed; retrying] Traceback (most recent call last):
  File "/home/pi/robot/venv/lib/python3.11/site-packages/serial/serialposix.py", line 322, in open
    self.fd = os.open(self.portstr, os.O_RDWR | os.O_NOCTTY | os.O_NONBLOCK)
              ^^^^^^^^^^^^^^^^^^^^^^^^^^^^^^^^^^^^^^^^^^^^^^^^^^^^^^^^^^^^^^
FileNotFoundError: [Errno 2] No such file or directory: '/dev/serial0'

During handling of the above exception, another exception occurred:

Traceback (most recent call last):
  File "/home/pi/robot/pi/p1_control/gps_reader.py", line 83, in _run_serial
    with serial.Serial(
         ^^^^^^^^^^^^^^
  File "/home/pi/robot/venv/lib/python3.11/site-packages/serial/serialutil.py", line 244, in __init__
    self.open()
  File "/home/pi/robot/venv/lib/python3.11/site-packages/serial/serialposix.py", line 325, in open
    raise SerialException(msg.errno, "could not open port {}: {}".format(self._port, msg))
serial.serialutil.SerialException: [Errno 2] could not open port /dev/serial0: [Errno 2] No such file or directory: '/dev/serial0'
[2026-09-25T18:40:07.212+00:00][P1][INFO][DEBUG_RX][arduino line]{line="HB PANIC 205102"}
[2026-09-25T18:40:08.219+00:00][P1][INFO][DEBUG_RX][arduino line]{line="HB PANIC 206104"}
[2026-09-25T18:40:08.592+00:00][P1][ERROR][GPS_FAIL][gps read failed; retrying] Traceback (most recent call last):
  File "/home/pi/robot/venv/lib/python3.11/site-packages/serial/serialposix.py", line 322, in open
    self.fd = os.open(self.portstr, os.O_RDWR | os.O_NOCTTY | os.O_NONBLOCK)
              ^^^^^^^^^^^^^^^^^^^^^^^^^^^^^^^^^^^^^^^^^^^^^^^^^^^^^^^^^^^^^^
FileNotFoundError: [Errno 2] No such file or directory: '/dev/serial0'

During handling of the above exception, another exception occurred:

Traceback (most recent call last):
  File "/home/pi/robot/pi/p1_control/gps_reader.py", line 83, in _run_serial
    with serial.Serial(
         ^^^^^^^^^^^^^^
  File "/home/pi/robot/venv/lib/python3.11/site-packages/serial/serialutil.py", line 244, in __init__
    self.open()
  File "/home/pi/robot/venv/lib/python3.11/site-packages/serial/serialposix.py", line 325, in open
    raise SerialException(msg.errno, "could not open port {}: {}".format(self._port, msg))
serial.serialutil.SerialException: [Errno 2] could not open port /dev/serial0: [Errno 2] No such file or directory: '/dev/serial0'
[2026-09-25T18:40:09.217+00:00][P1][INFO][DEBUG_RX][arduino line]{line="HB PANIC 207104"}
[2026-09-25T18:40:10.221+00:00][P1][INFO][DEBUG_RX][arduino line]{line="HB PANIC 208105"}
[2026-09-25T18:40:10.600+00:00][P1][ERROR][GPS_FAIL][gps read failed; retrying] Traceback (most recent call last):
  File "/home/pi/robot/venv/lib/python3.11/site-packages/serial/serialposix.py", line 322, in open
    self.fd = os.open(self.portstr, os.O_RDWR | os.O_NOCTTY | os.O_NONBLOCK)
              ^^^^^^^^^^^^^^^^^^^^^^^^^^^^^^^^^^^^^^^^^^^^^^^^^^^^^^^^^^^^^^
FileNotFoundError: [Errno 2] No such file or directory: '/dev/serial0'

During handling of the above exception, another exception occurred:

Traceback (most recent call last):
  File "/home/pi/robot/pi/p1_control/gps_reader.py", line 83, in _run_serial
    with serial.Serial(
         ^^^^^^^^^^^^^^
  File "/home/pi/robot/venv/lib/python3.11/site-packages/serial/serialutil.py", line 244, in __init__
    self.open()
  File "/home/pi/robot/venv/lib/python3.11/site-packages/serial/serialposix.py", line 325, in open
    raise SerialException(msg.errno, "could not open port {}: {}".format(self._port, msg))
serial.serialutil.SerialException: [Errno 2] could not open port /dev/serial0: [Errno 2] No such file or directory: '/dev/serial0'
[2026-09-25T18:40:11.221+00:00][P1][INFO][DEBUG_RX][arduino line]{line="HB PANIC 209104"}
[2026-09-25T18:40:12.226+00:00][P1][INFO][DEBUG_RX][arduino line]{line="HB PANIC 210106"}
[2026-09-25T18:40:12.629+00:00][P1][ERROR][GPS_FAIL][gps read failed; retrying] Traceback (most recent call last):
  File "/home/pi/robot/venv/lib/python3.11/site-packages/serial/serialposix.py", line 322, in open
    self.fd = os.open(self.portstr, os.O_RDWR | os.O_NOCTTY | os.O_NONBLOCK)
              ^^^^^^^^^^^^^^^^^^^^^^^^^^^^^^^^^^^^^^^^^^^^^^^^^^^^^^^^^^^^^^
FileNotFoundError: [Errno 2] No such file or directory: '/dev/serial0'

During handling of the above exception, another exception occurred:

Traceback (most recent call last):
  File "/home/pi/robot/pi/p1_control/gps_reader.py", line 83, in _run_serial
    with serial.Serial(
         ^^^^^^^^^^^^^^
  File "/home/pi/robot/venv/lib/python3.11/site-packages/serial/serialutil.py", line 244, in __init__
    self.open()
  File "/home/pi/robot/venv/lib/python3.11/site-packages/serial/serialposix.py", line 325, in open
    raise SerialException(msg.errno, "could not open port {}: {}".format(self._port, msg))
serial.serialutil.SerialException: [Errno 2] could not open port /dev/serial0: [Errno 2] No such file or directory: '/dev/serial0'
[2026-09-25T18:40:13.226+00:00][P1][INFO][DEBUG_RX][arduino line]{line="HB PANIC 211105"}
[2026-09-25T18:40:14.230+00:00][P1][INFO][DEBUG_RX][arduino line]{line="HB PANIC 212107"}
[2026-09-25T18:40:14.649+00:00][P1][ERROR][GPS_FAIL][gps read failed; retrying] Traceback (most recent call last):
  File "/home/pi/robot/venv/lib/python3.11/site-packages/serial/serialposix.py", line 322, in open
    self.fd = os.open(self.portstr, os.O_RDWR | os.O_NOCTTY | os.O_NONBLOCK)
              ^^^^^^^^^^^^^^^^^^^^^^^^^^^^^^^^^^^^^^^^^^^^^^^^^^^^^^^^^^^^^^
FileNotFoundError: [Errno 2] No such file or directory: '/dev/serial0'

During handling of the above exception, another exception occurred:

Traceback (most recent call last):
  File "/home/pi/robot/pi/p1_control/gps_reader.py", line 83, in _run_serial
    with serial.Serial(
         ^^^^^^^^^^^^^^
  File "/home/pi/robot/venv/lib/python3.11/site-packages/serial/serialutil.py", line 244, in __init__
    self.open()
  File "/home/pi/robot/venv/lib/python3.11/site-packages/serial/serialposix.py", line 325, in open
    raise SerialException(msg.errno, "could not open port {}: {}".format(self._port, msg))
serial.serialutil.SerialException: [Errno 2] could not open port /dev/serial0: [Errno 2] No such file or directory: '/dev/serial0'
[2026-09-25T18:40:15.232+00:00][P1][INFO][DEBUG_RX][arduino line]{line="HB PANIC 213106"}
[2026-09-25T18:40:16.234+00:00][P1][INFO][DEBUG_RX][arduino line]{line="HB PANIC 214108"}
[2026-09-25T18:40:16.665+00:00][P1][ERROR][GPS_FAIL][gps read failed; retrying] Traceback (most recent call last):
  File "/home/pi/robot/venv/lib/python3.11/site-packages/serial/serialposix.py", line 322, in open
    self.fd = os.open(self.portstr, os.O_RDWR | os.O_NOCTTY | os.O_NONBLOCK)
              ^^^^^^^^^^^^^^^^^^^^^^^^^^^^^^^^^^^^^^^^^^^^^^^^^^^^^^^^^^^^^^
FileNotFoundError: [Errno 2] No such file or directory: '/dev/serial0'

During handling of the above exception, another exception occurred:

Traceback (most recent call last):
  File "/home/pi/robot/pi/p1_control/gps_reader.py", line 83, in _run_serial
    with serial.Serial(
         ^^^^^^^^^^^^^^
  File "/home/pi/robot/venv/lib/python3.11/site-packages/serial/serialutil.py", line 244, in __init__
    self.open()
  File "/home/pi/robot/venv/lib/python3.11/site-packages/serial/serialposix.py", line 325, in open
    raise SerialException(msg.errno, "could not open port {}: {}".format(self._port, msg))
serial.serialutil.SerialException: [Errno 2] could not open port /dev/serial0: [Errno 2] No such file or directory: '/dev/serial0'
[2026-09-25T18:40:17.236+00:00][P1][INFO][DEBUG_RX][arduino line]{line="HB PANIC 215107"}
[2026-09-25T18:40:18.241+00:00][P1][INFO][DEBUG_RX][arduino line]{line="HB PANIC 216109"}
[2026-09-25T18:40:18.691+00:00][P1][ERROR][GPS_FAIL][gps read failed; retrying] Traceback (most recent call last):
  File "/home/pi/robot/venv/lib/python3.11/site-packages/serial/serialposix.py", line 322, in open
    self.fd = os.open(self.portstr, os.O_RDWR | os.O_NOCTTY | os.O_NONBLOCK)
              ^^^^^^^^^^^^^^^^^^^^^^^^^^^^^^^^^^^^^^^^^^^^^^^^^^^^^^^^^^^^^^
FileNotFoundError: [Errno 2] No such file or directory: '/dev/serial0'

During handling of the above exception, another exception occurred:

Traceback (most recent call last):
  File "/home/pi/robot/pi/p1_control/gps_reader.py", line 83, in _run_serial
    with serial.Serial(
         ^^^^^^^^^^^^^^
  File "/home/pi/robot/venv/lib/python3.11/site-packages/serial/serialutil.py", line 244, in __init__
    self.open()
  File "/home/pi/robot/venv/lib/python3.11/site-packages/serial/serialposix.py", line 325, in open
    raise SerialException(msg.errno, "could not open port {}: {}".format(self._port, msg))
serial.serialutil.SerialException: [Errno 2] could not open port /dev/serial0: [Errno 2] No such file or directory: '/dev/serial0'
[2026-09-25T18:40:19.240+00:00][P1][INFO][DEBUG_RX][arduino line]{line="HB PANIC 217108"}
[2026-09-25T18:40:20.245+00:00][P1][INFO][DEBUG_RX][arduino line]{line="HB PANIC 218109"}
[2026-09-25T18:40:20.717+00:00][P1][ERROR][GPS_FAIL][gps read failed; retrying] Traceback (most recent call last):
  File "/home/pi/robot/venv/lib/python3.11/site-packages/serial/serialposix.py", line 322, in open
    self.fd = os.open(self.portstr, os.O_RDWR | os.O_NOCTTY | os.O_NONBLOCK)
              ^^^^^^^^^^^^^^^^^^^^^^^^^^^^^^^^^^^^^^^^^^^^^^^^^^^^^^^^^^^^^^
FileNotFoundError: [Errno 2] No such file or directory: '/dev/serial0'

During handling of the above exception, another exception occurred:

Traceback (most recent call last):
  File "/home/pi/robot/pi/p1_control/gps_reader.py", line 83, in _run_serial
    with serial.Serial(
         ^^^^^^^^^^^^^^
  File "/home/pi/robot/venv/lib/python3.11/site-packages/serial/serialutil.py", line 244, in __init__
    self.open()
  File "/home/pi/robot/venv/lib/python3.11/site-packages/serial/serialposix.py", line 325, in open
    raise SerialException(msg.errno, "could not open port {}: {}".format(self._port, msg))
serial.serialutil.SerialException: [Errno 2] could not open port /dev/serial0: [Errno 2] No such file or directory: '/dev/serial0'
[2026-09-25T18:40:21.244+00:00][P1][INFO][DEBUG_RX][arduino line]{line="HB PANIC 219108"}
[2026-09-25T18:40:22.250+00:00][P1][INFO][DEBUG_RX][arduino line]{line="HB PANIC 220111"}
[2026-09-25T18:40:22.742+00:00][P1][ERROR][GPS_FAIL][gps read failed; retrying] Traceback (most recent call last):
  File "/home/pi/robot/venv/lib/python3.11/site-packages/serial/serialposix.py", line 322, in open
    self.fd = os.open(self.portstr, os.O_RDWR | os.O_NOCTTY | os.O_NONBLOCK)
              ^^^^^^^^^^^^^^^^^^^^^^^^^^^^^^^^^^^^^^^^^^^^^^^^^^^^^^^^^^^^^^
FileNotFoundError: [Errno 2] No such file or directory: '/dev/serial0'

During handling of the above exception, another exception occurred:

Traceback (most recent call last):
  File "/home/pi/robot/pi/p1_control/gps_reader.py", line 83, in _run_serial
    with serial.Serial(
         ^^^^^^^^^^^^^^
  File "/home/pi/robot/venv/lib/python3.11/site-packages/serial/serialutil.py", line 244, in __init__
    self.open()
  File "/home/pi/robot/venv/lib/python3.11/site-packages/serial/serialposix.py", line 325, in open
    raise SerialException(msg.errno, "could not open port {}: {}".format(self._port, msg))
serial.serialutil.SerialException: [Errno 2] could not open port /dev/serial0: [Errno 2] No such file or directory: '/dev/serial0'
[2026-09-25T18:40:23.251+00:00][P1][INFO][DEBUG_RX][arduino line]{line="HB PANIC 221110"}
[2026-09-25T18:40:24.254+00:00][P1][INFO][DEBUG_RX][arduino line]{line="HB PANIC 222111"}
[2026-09-25T18:40:24.759+00:00][P1][ERROR][GPS_FAIL][gps read failed; retrying] Traceback (most recent call last):
  File "/home/pi/robot/venv/lib/python3.11/site-packages/serial/serialposix.py", line 322, in open
    self.fd = os.open(self.portstr, os.O_RDWR | os.O_NOCTTY | os.O_NONBLOCK)
              ^^^^^^^^^^^^^^^^^^^^^^^^^^^^^^^^^^^^^^^^^^^^^^^^^^^^^^^^^^^^^^
FileNotFoundError: [Errno 2] No such file or directory: '/dev/serial0'

During handling of the above exception, another exception occurred:

Traceback (most recent call last):
  File "/home/pi/robot/pi/p1_control/gps_reader.py", line 83, in _run_serial
    with serial.Serial(
         ^^^^^^^^^^^^^^
  File "/home/pi/robot/venv/lib/python3.11/site-packages/serial/serialutil.py", line 244, in __init__
    self.open()
  File "/home/pi/robot/venv/lib/python3.11/site-packages/serial/serialposix.py", line 325, in open
    raise SerialException(msg.errno, "could not open port {}: {}".format(self._port, msg))
serial.serialutil.SerialException: [Errno 2] could not open port /dev/serial0: [Errno 2] No such file or directory: '/dev/serial0'
[2026-09-25T18:40:25.253+00:00][P1][INFO][DEBUG_RX][arduino line]{line="HB PANIC 223110"}
[2026-09-25T18:40:26.259+00:00][P1][INFO][DEBUG_RX][arduino line]{line="HB PANIC 224113"}
[2026-09-25T18:40:26.778+00:00][P1][ERROR][GPS_FAIL][gps read failed; retrying] Traceback (most recent call last):
  File "/home/pi/robot/venv/lib/python3.11/site-packages/serial/serialposix.py", line 322, in open
    self.fd = os.open(self.portstr, os.O_RDWR | os.O_NOCTTY | os.O_NONBLOCK)
              ^^^^^^^^^^^^^^^^^^^^^^^^^^^^^^^^^^^^^^^^^^^^^^^^^^^^^^^^^^^^^^
FileNotFoundError: [Errno 2] No such file or directory: '/dev/serial0'

During handling of the above exception, another exception occurred:

Traceback (most recent call last):
  File "/home/pi/robot/pi/p1_control/gps_reader.py", line 83, in _run_serial
    with serial.Serial(
         ^^^^^^^^^^^^^^
  File "/home/pi/robot/venv/lib/python3.11/site-packages/serial/serialutil.py", line 244, in __init__
    self.open()
  File "/home/pi/robot/venv/lib/python3.11/site-packages/serial/serialposix.py", line 325, in open
    raise SerialException(msg.errno, "could not open port {}: {}".format(self._port, msg))
serial.serialutil.SerialException: [Errno 2] could not open port /dev/serial0: [Errno 2] No such file or directory: '/dev/serial0'
[2026-09-25T18:40:27.262+00:00][P1][INFO][DEBUG_RX][arduino line]{line="HB PANIC 225112"}
[2026-09-25T18:40:28.265+00:00][P1][INFO][DEBUG_RX][arduino line]{line="HB PANIC 226113"}
[2026-09-25T18:40:28.823+00:00][P1][ERROR][GPS_FAIL][gps read failed; retrying] Traceback (most recent call last):
  File "/home/pi/robot/venv/lib/python3.11/site-packages/serial/serialposix.py", line 322, in open
    self.fd = os.open(self.portstr, os.O_RDWR | os.O_NOCTTY | os.O_NONBLOCK)
              ^^^^^^^^^^^^^^^^^^^^^^^^^^^^^^^^^^^^^^^^^^^^^^^^^^^^^^^^^^^^^^
FileNotFoundError: [Errno 2] No such file or directory: '/dev/serial0'

During handling of the above exception, another exception occurred:

Traceback (most recent call last):
  File "/home/pi/robot/pi/p1_control/gps_reader.py", line 83, in _run_serial
    with serial.Serial(
         ^^^^^^^^^^^^^^
  File "/home/pi/robot/venv/lib/python3.11/site-packages/serial/serialutil.py", line 244, in __init__
    self.open()
  File "/home/pi/robot/venv/lib/python3.11/site-packages/serial/serialposix.py", line 325, in open
    raise SerialException(msg.errno, "could not open port {}: {}".format(self._port, msg))
serial.serialutil.SerialException: [Errno 2] could not open port /dev/serial0: [Errno 2] No such file or directory: '/dev/serial0'
[2026-09-25T18:40:29.264+00:00][P1][INFO][DEBUG_RX][arduino line]{line="HB PANIC 227112"}
[2026-09-25T18:40:30.271+00:00][P1][INFO][DEBUG_RX][arduino line]{line="HB PANIC 228115"}
[2026-09-25T18:40:30.832+00:00][P1][ERROR][GPS_FAIL][gps read failed; retrying] Traceback (most recent call last):
  File "/home/pi/robot/venv/lib/python3.11/site-packages/serial/serialposix.py", line 322, in open
    self.fd = os.open(self.portstr, os.O_RDWR | os.O_NOCTTY | os.O_NONBLOCK)
              ^^^^^^^^^^^^^^^^^^^^^^^^^^^^^^^^^^^^^^^^^^^^^^^^^^^^^^^^^^^^^^
FileNotFoundError: [Errno 2] No such file or directory: '/dev/serial0'

During handling of the above exception, another exception occurred:

Traceback (most recent call last):
  File "/home/pi/robot/pi/p1_control/gps_reader.py", line 83, in _run_serial
    with serial.Serial(
         ^^^^^^^^^^^^^^
  File "/home/pi/robot/venv/lib/python3.11/site-packages/serial/serialutil.py", line 244, in __init__
    self.open()
  File "/home/pi/robot/venv/lib/python3.11/site-packages/serial/serialposix.py", line 325, in open
    raise SerialException(msg.errno, "could not open port {}: {}".format(self._port, msg))
serial.serialutil.SerialException: [Errno 2] could not open port /dev/serial0: [Errno 2] No such file or directory: '/dev/serial0'
[2026-09-25T18:40:31.270+00:00][P1][INFO][DEBUG_RX][arduino line]{line="HB PANIC 229114"}
[2026-09-25T18:40:32.273+00:00][P1][INFO][DEBUG_RX][arduino line]{line="HB PANIC 230115"}
[2026-09-25T18:40:32.849+00:00][P1][ERROR][GPS_FAIL][gps read failed; retrying] Traceback (most recent call last):
  File "/home/pi/robot/venv/lib/python3.11/site-packages/serial/serialposix.py", line 322, in open
    self.fd = os.open(self.portstr, os.O_RDWR | os.O_NOCTTY | os.O_NONBLOCK)
              ^^^^^^^^^^^^^^^^^^^^^^^^^^^^^^^^^^^^^^^^^^^^^^^^^^^^^^^^^^^^^^
FileNotFoundError: [Errno 2] No such file or directory: '/dev/serial0'

During handling of the above exception, another exception occurred:

Traceback (most recent call last):
  File "/home/pi/robot/pi/p1_control/gps_reader.py", line 83, in _run_serial
    with serial.Serial(
         ^^^^^^^^^^^^^^
  File "/home/pi/robot/venv/lib/python3.11/site-packages/serial/serialutil.py", line 244, in __init__
    self.open()
  File "/home/pi/robot/venv/lib/python3.11/site-packages/serial/serialposix.py", line 325, in open
    raise SerialException(msg.errno, "could not open port {}: {}".format(self._port, msg))
serial.serialutil.SerialException: [Errno 2] could not open port /dev/serial0: [Errno 2] No such file or directory: '/dev/serial0'
[2026-09-25T18:40:33.274+00:00][P1][INFO][DEBUG_RX][arduino line]{line="HB PANIC 231113"}
[2026-09-25T18:40:34.288+00:00][P1][INFO][DEBUG_RX][arduino line]{line="HB PANIC 232116"}
[2026-09-25T18:40:34.897+00:00][P1][ERROR][GPS_FAIL][gps read failed; retrying] Traceback (most recent call last):
  File "/home/pi/robot/venv/lib/python3.11/site-packages/serial/serialposix.py", line 322, in open
    self.fd = os.open(self.portstr, os.O_RDWR | os.O_NOCTTY | os.O_NONBLOCK)
              ^^^^^^^^^^^^^^^^^^^^^^^^^^^^^^^^^^^^^^^^^^^^^^^^^^^^^^^^^^^^^^
FileNotFoundError: [Errno 2] No such file or directory: '/dev/serial0'

During handling of the above exception, another exception occurred:

Traceback (most recent call last):
  File "/home/pi/robot/pi/p1_control/gps_reader.py", line 83, in _run_serial
    with serial.Serial(
         ^^^^^^^^^^^^^^
  File "/home/pi/robot/venv/lib/python3.11/site-packages/serial/serialutil.py", line 244, in __init__
    self.open()
  File "/home/pi/robot/venv/lib/python3.11/site-packages/serial/serialposix.py", line 325, in open
    raise SerialException(msg.errno, "could not open port {}: {}".format(self._port, msg))
serial.serialutil.SerialException: [Errno 2] could not open port /dev/serial0: [Errno 2] No such file or directory: '/dev/serial0'
[2026-09-25T18:40:35.282+00:00][P1][INFO][DEBUG_RX][arduino line]{line="HB PANIC 233115"}
[2026-09-25T18:40:36.282+00:00][P1][INFO][DEBUG_RX][arduino line]{line="HB PANIC 234117"}
[2026-09-25T18:40:36.944+00:00][P1][ERROR][GPS_FAIL][gps read failed; retrying] Traceback (most recent call last):
  File "/home/pi/robot/venv/lib/python3.11/site-packages/serial/serialposix.py", line 322, in open
    self.fd = os.open(self.portstr, os.O_RDWR | os.O_NOCTTY | os.O_NONBLOCK)
              ^^^^^^^^^^^^^^^^^^^^^^^^^^^^^^^^^^^^^^^^^^^^^^^^^^^^^^^^^^^^^^
FileNotFoundError: [Errno 2] No such file or directory: '/dev/serial0'

During handling of the above exception, another exception occurred:

Traceback (most recent call last):
  File "/home/pi/robot/pi/p1_control/gps_reader.py", line 83, in _run_serial
    with serial.Serial(
         ^^^^^^^^^^^^^^
  File "/home/pi/robot/venv/lib/python3.11/site-packages/serial/serialutil.py", line 244, in __init__
    self.open()
  File "/home/pi/robot/venv/lib/python3.11/site-packages/serial/serialposix.py", line 325, in open
    raise SerialException(msg.errno, "could not open port {}: {}".format(self._port, msg))
serial.serialutil.SerialException: [Errno 2] could not open port /dev/serial0: [Errno 2] No such file or directory: '/dev/serial0'
[2026-09-25T18:40:37.300+00:00][P1][INFO][DEBUG_RX][arduino line]{line="HB PANIC 235116"}
[2026-09-25T18:40:38.286+00:00][P1][INFO][DEBUG_RX][arduino line]{line="HB PANIC 236118"}
[2026-09-25T18:40:38.952+00:00][P1][ERROR][GPS_FAIL][gps read failed; retrying] Traceback (most recent call last):
  File "/home/pi/robot/venv/lib/python3.11/site-packages/serial/serialposix.py", line 322, in open
    self.fd = os.open(self.portstr, os.O_RDWR | os.O_NOCTTY | os.O_NONBLOCK)
              ^^^^^^^^^^^^^^^^^^^^^^^^^^^^^^^^^^^^^^^^^^^^^^^^^^^^^^^^^^^^^^
FileNotFoundError: [Errno 2] No such file or directory: '/dev/serial0'

During handling of the above exception, another exception occurred:

Traceback (most recent call last):
  File "/home/pi/robot/pi/p1_control/gps_reader.py", line 83, in _run_serial
    with serial.Serial(
         ^^^^^^^^^^^^^^
  File "/home/pi/robot/venv/lib/python3.11/site-packages/serial/serialutil.py", line 244, in __init__
    self.open()
  File "/home/pi/robot/venv/lib/python3.11/site-packages/serial/serialposix.py", line 325, in open
    raise SerialException(msg.errno, "could not open port {}: {}".format(self._port, msg))
serial.serialutil.SerialException: [Errno 2] could not open port /dev/serial0: [Errno 2] No such file or directory: '/dev/serial0'
[2026-09-25T18:40:39.287+00:00][P1][INFO][DEBUG_RX][arduino line]{line="HB PANIC 237116"}
[2026-09-25T18:40:40.291+00:00][P1][INFO][DEBUG_RX][arduino line]{line="HB PANIC 238118"}
[2026-09-25T18:40:40.958+00:00][P1][ERROR][GPS_FAIL][gps read failed; retrying] Traceback (most recent call last):
  File "/home/pi/robot/venv/lib/python3.11/site-packages/serial/serialposix.py", line 322, in open
    self.fd = os.open(self.portstr, os.O_RDWR | os.O_NOCTTY | os.O_NONBLOCK)
              ^^^^^^^^^^^^^^^^^^^^^^^^^^^^^^^^^^^^^^^^^^^^^^^^^^^^^^^^^^^^^^
FileNotFoundError: [Errno 2] No such file or directory: '/dev/serial0'

During handling of the above exception, another exception occurred:

Traceback (most recent call last):
  File "/home/pi/robot/pi/p1_control/gps_reader.py", line 83, in _run_serial
    with serial.Serial(
         ^^^^^^^^^^^^^^
  File "/home/pi/robot/venv/lib/python3.11/site-packages/serial/serialutil.py", line 244, in __init__
    self.open()
  File "/home/pi/robot/venv/lib/python3.11/site-packages/serial/serialposix.py", line 325, in open
    raise SerialException(msg.errno, "could not open port {}: {}".format(self._port, msg))
serial.serialutil.SerialException: [Errno 2] could not open port /dev/serial0: [Errno 2] No such file or directory: '/dev/serial0'
[2026-09-25T18:40:41.291+00:00][P1][INFO][DEBUG_RX][arduino line]{line="HB PANIC 239117"}
[2026-09-25T18:40:42.297+00:00][P1][INFO][DEBUG_RX][arduino line]{line="HB PANIC 240120"}
[2026-09-25T18:40:42.965+00:00][P1][ERROR][GPS_FAIL][gps read failed; retrying] Traceback (most recent call last):
  File "/home/pi/robot/venv/lib/python3.11/site-packages/serial/serialposix.py", line 322, in open
    self.fd = os.open(self.portstr, os.O_RDWR | os.O_NOCTTY | os.O_NONBLOCK)
              ^^^^^^^^^^^^^^^^^^^^^^^^^^^^^^^^^^^^^^^^^^^^^^^^^^^^^^^^^^^^^^
FileNotFoundError: [Errno 2] No such file or directory: '/dev/serial0'

During handling of the above exception, another exception occurred:

Traceback (most recent call last):
  File "/home/pi/robot/pi/p1_control/gps_reader.py", line 83, in _run_serial
    with serial.Serial(
         ^^^^^^^^^^^^^^
  File "/home/pi/robot/venv/lib/python3.11/site-packages/serial/serialutil.py", line 244, in __init__
    self.open()
  File "/home/pi/robot/venv/lib/python3.11/site-packages/serial/serialposix.py", line 325, in open
    raise SerialException(msg.errno, "could not open port {}: {}".format(self._port, msg))
serial.serialutil.SerialException: [Errno 2] could not open port /dev/serial0: [Errno 2] No such file or directory: '/dev/serial0'
[2026-09-25T18:40:43.296+00:00][P1][INFO][DEBUG_RX][arduino line]{line="HB PANIC 241119"}
[2026-09-25T18:40:44.301+00:00][P1][INFO][DEBUG_RX][arduino line]{line="HB PANIC 242121"}
[2026-09-25T18:40:44.973+00:00][P1][ERROR][GPS_FAIL][gps read failed; retrying] Traceback (most recent call last):
  File "/home/pi/robot/venv/lib/python3.11/site-packages/serial/serialposix.py", line 322, in open
    self.fd = os.open(self.portstr, os.O_RDWR | os.O_NOCTTY | os.O_NONBLOCK)
              ^^^^^^^^^^^^^^^^^^^^^^^^^^^^^^^^^^^^^^^^^^^^^^^^^^^^^^^^^^^^^^
FileNotFoundError: [Errno 2] No such file or directory: '/dev/serial0'

During handling of the above exception, another exception occurred:

Traceback (most recent call last):
  File "/home/pi/robot/pi/p1_control/gps_reader.py", line 83, in _run_serial
    with serial.Serial(
         ^^^^^^^^^^^^^^
  File "/home/pi/robot/venv/lib/python3.11/site-packages/serial/serialutil.py", line 244, in __init__
    self.open()
  File "/home/pi/robot/venv/lib/python3.11/site-packages/serial/serialposix.py", line 325, in open
    raise SerialException(msg.errno, "could not open port {}: {}".format(self._port, msg))
serial.serialutil.SerialException: [Errno 2] could not open port /dev/serial0: [Errno 2] No such file or directory: '/dev/serial0'
[2026-09-25T18:40:45.303+00:00][P1][INFO][DEBUG_RX][arduino line]{line="HB PANIC 243120"}
[2026-09-25T18:40:46.307+00:00][P1][INFO][DEBUG_RX][arduino line]{line="HB PANIC 244122"}
[2026-09-25T18:40:46.983+00:00][P1][ERROR][GPS_FAIL][gps read failed; retrying] Traceback (most recent call last):
  File "/home/pi/robot/venv/lib/python3.11/site-packages/serial/serialposix.py", line 322, in open
    self.fd = os.open(self.portstr, os.O_RDWR | os.O_NOCTTY | os.O_NONBLOCK)
              ^^^^^^^^^^^^^^^^^^^^^^^^^^^^^^^^^^^^^^^^^^^^^^^^^^^^^^^^^^^^^^
FileNotFoundError: [Errno 2] No such file or directory: '/dev/serial0'

During handling of the above exception, another exception occurred:

Traceback (most recent call last):
  File "/home/pi/robot/pi/p1_control/gps_reader.py", line 83, in _run_serial
    with serial.Serial(
         ^^^^^^^^^^^^^^
  File "/home/pi/robot/venv/lib/python3.11/site-packages/serial/serialutil.py", line 244, in __init__
    self.open()
  File "/home/pi/robot/venv/lib/python3.11/site-packages/serial/serialposix.py", line 325, in open
    raise SerialException(msg.errno, "could not open port {}: {}".format(self._port, msg))
serial.serialutil.SerialException: [Errno 2] could not open port /dev/serial0: [Errno 2] No such file or directory: '/dev/serial0'
[2026-09-25T18:40:47.307+00:00][P1][INFO][DEBUG_RX][arduino line]{line="HB PANIC 245121"}
[2026-09-25T18:40:48.311+00:00][P1][INFO][DEBUG_RX][arduino line]{line="HB PANIC 246123"}
[2026-09-25T18:40:48.994+00:00][P1][ERROR][GPS_FAIL][gps read failed; retrying] Traceback (most recent call last):
  File "/home/pi/robot/venv/lib/python3.11/site-packages/serial/serialposix.py", line 322, in open
    self.fd = os.open(self.portstr, os.O_RDWR | os.O_NOCTTY | os.O_NONBLOCK)
              ^^^^^^^^^^^^^^^^^^^^^^^^^^^^^^^^^^^^^^^^^^^^^^^^^^^^^^^^^^^^^^
FileNotFoundError: [Errno 2] No such file or directory: '/dev/serial0'

During handling of the above exception, another exception occurred:

Traceback (most recent call last):
  File "/home/pi/robot/pi/p1_control/gps_reader.py", line 83, in _run_serial
    with serial.Serial(
         ^^^^^^^^^^^^^^
  File "/home/pi/robot/venv/lib/python3.11/site-packages/serial/serialutil.py", line 244, in __init__
    self.open()
  File "/home/pi/robot/venv/lib/python3.11/site-packages/serial/serialposix.py", line 325, in open
    raise SerialException(msg.errno, "could not open port {}: {}".format(self._port, msg))
serial.serialutil.SerialException: [Errno 2] could not open port /dev/serial0: [Errno 2] No such file or directory: '/dev/serial0'
[2026-09-25T18:40:49.313+00:00][P1][INFO][DEBUG_RX][arduino line]{line="HB PANIC 247122"}
[2026-09-25T18:40:50.316+00:00][P1][INFO][DEBUG_RX][arduino line]{line="HB PANIC 248124"}
[2026-09-25T18:40:51.005+00:00][P1][ERROR][GPS_FAIL][gps read failed; retrying] Traceback (most recent call last):
  File "/home/pi/robot/venv/lib/python3.11/site-packages/serial/serialposix.py", line 322, in open
    self.fd = os.open(self.portstr, os.O_RDWR | os.O_NOCTTY | os.O_NONBLOCK)
              ^^^^^^^^^^^^^^^^^^^^^^^^^^^^^^^^^^^^^^^^^^^^^^^^^^^^^^^^^^^^^^
FileNotFoundError: [Errno 2] No such file or directory: '/dev/serial0'

During handling of the above exception, another exception occurred:

Traceback (most recent call last):
  File "/home/pi/robot/pi/p1_control/gps_reader.py", line 83, in _run_serial
    with serial.Serial(
         ^^^^^^^^^^^^^^
  File "/home/pi/robot/venv/lib/python3.11/site-packages/serial/serialutil.py", line 244, in __init__
    self.open()
  File "/home/pi/robot/venv/lib/python3.11/site-packages/serial/serialposix.py", line 325, in open
    raise SerialException(msg.errno, "could not open port {}: {}".format(self._port, msg))
serial.serialutil.SerialException: [Errno 2] could not open port /dev/serial0: [Errno 2] No such file or directory: '/dev/serial0'
[2026-09-25T18:40:51.318+00:00][P1][INFO][DEBUG_RX][arduino line]{line="HB PANIC 249123"}
[2026-09-25T18:40:52.348+00:00][P1][INFO][DEBUG_RX][arduino line]{line="HB PANIC 250125"}
[2026-09-25T18:40:53.021+00:00][P1][ERROR][GPS_FAIL][gps read failed; retrying] Traceback (most recent call last):
  File "/home/pi/robot/venv/lib/python3.11/site-packages/serial/serialposix.py", line 322, in open
    self.fd = os.open(self.portstr, os.O_RDWR | os.O_NOCTTY | os.O_NONBLOCK)
              ^^^^^^^^^^^^^^^^^^^^^^^^^^^^^^^^^^^^^^^^^^^^^^^^^^^^^^^^^^^^^^
FileNotFoundError: [Errno 2] No such file or directory: '/dev/serial0'

During handling of the above exception, another exception occurred:

Traceback (most recent call last):
  File "/home/pi/robot/pi/p1_control/gps_reader.py", line 83, in _run_serial
    with serial.Serial(
         ^^^^^^^^^^^^^^
  File "/home/pi/robot/venv/lib/python3.11/site-packages/serial/serialutil.py", line 244, in __init__
    self.open()
  File "/home/pi/robot/venv/lib/python3.11/site-packages/serial/serialposix.py", line 325, in open
    raise SerialException(msg.errno, "could not open port {}: {}".format(self._port, msg))
serial.serialutil.SerialException: [Errno 2] could not open port /dev/serial0: [Errno 2] No such file or directory: '/dev/serial0'
[2026-09-25T18:40:53.322+00:00][P1][INFO][DEBUG_RX][arduino line]{line="HB PANIC 251123"}
[2026-09-25T18:40:54.320+00:00][P1][INFO][DEBUG_RX][arduino line]{line="HB PANIC 252124"}
[2026-09-25T18:40:55.045+00:00][P1][ERROR][GPS_FAIL][gps read failed; retrying] Traceback (most recent call last):
  File "/home/pi/robot/venv/lib/python3.11/site-packages/serial/serialposix.py", line 322, in open
    self.fd = os.open(self.portstr, os.O_RDWR | os.O_NOCTTY | os.O_NONBLOCK)
              ^^^^^^^^^^^^^^^^^^^^^^^^^^^^^^^^^^^^^^^^^^^^^^^^^^^^^^^^^^^^^^
FileNotFoundError: [Errno 2] No such file or directory: '/dev/serial0'

During handling of the above exception, another exception occurred:

Traceback (most recent call last):
  File "/home/pi/robot/pi/p1_control/gps_reader.py", line 83, in _run_serial
    with serial.Serial(
         ^^^^^^^^^^^^^^
  File "/home/pi/robot/venv/lib/python3.11/site-packages/serial/serialutil.py", line 244, in __init__
    self.open()
  File "/home/pi/robot/venv/lib/python3.11/site-packages/serial/serialposix.py", line 325, in open
    raise SerialException(msg.errno, "could not open port {}: {}".format(self._port, msg))
serial.serialutil.SerialException: [Errno 2] could not open port /dev/serial0: [Errno 2] No such file or directory: '/dev/serial0'
[2026-09-25T18:40:55.327+00:00][P1][INFO][DEBUG_RX][arduino line]{line="HB PANIC 253123"}
[2026-09-25T18:40:56.334+00:00][P1][INFO][DEBUG_RX][arduino line]{line="HB PANIC 254127"}
[2026-09-25T18:40:57.056+00:00][P1][ERROR][GPS_FAIL][gps read failed; retrying] Traceback (most recent call last):
  File "/home/pi/robot/venv/lib/python3.11/site-packages/serial/serialposix.py", line 322, in open
    self.fd = os.open(self.portstr, os.O_RDWR | os.O_NOCTTY | os.O_NONBLOCK)
              ^^^^^^^^^^^^^^^^^^^^^^^^^^^^^^^^^^^^^^^^^^^^^^^^^^^^^^^^^^^^^^
FileNotFoundError: [Errno 2] No such file or directory: '/dev/serial0'

During handling of the above exception, another exception occurred:

Traceback (most recent call last):
  File "/home/pi/robot/pi/p1_control/gps_reader.py", line 83, in _run_serial
    with serial.Serial(
         ^^^^^^^^^^^^^^
  File "/home/pi/robot/venv/lib/python3.11/site-packages/serial/serialutil.py", line 244, in __init__
    self.open()
  File "/home/pi/robot/venv/lib/python3.11/site-packages/serial/serialposix.py", line 325, in open
    raise SerialException(msg.errno, "could not open port {}: {}".format(self._port, msg))
serial.serialutil.SerialException: [Errno 2] could not open port /dev/serial0: [Errno 2] No such file or directory: '/dev/serial0'
[2026-09-25T18:40:57.334+00:00][P1][INFO][DEBUG_RX][arduino line]{line="HB PANIC 255126"}
[2026-09-25T18:40:58.341+00:00][P1][INFO][DEBUG_RX][arduino line]{line="HB PANIC 256126"}
[2026-09-25T18:40:59.075+00:00][P1][ERROR][GPS_FAIL][gps read failed; retrying] Traceback (most recent call last):
  File "/home/pi/robot/venv/lib/python3.11/site-packages/serial/serialposix.py", line 322, in open
    self.fd = os.open(self.portstr, os.O_RDWR | os.O_NOCTTY | os.O_NONBLOCK)
              ^^^^^^^^^^^^^^^^^^^^^^^^^^^^^^^^^^^^^^^^^^^^^^^^^^^^^^^^^^^^^^
FileNotFoundError: [Errno 2] No such file or directory: '/dev/serial0'

During handling of the above exception, another exception occurred:

Traceback (most recent call last):
  File "/home/pi/robot/pi/p1_control/gps_reader.py", line 83, in _run_serial
    with serial.Serial(
         ^^^^^^^^^^^^^^
  File "/home/pi/robot/venv/lib/python3.11/site-packages/serial/serialutil.py", line 244, in __init__
    self.open()
  File "/home/pi/robot/venv/lib/python3.11/site-packages/serial/serialposix.py", line 325, in open
    raise SerialException(msg.errno, "could not open port {}: {}".format(self._port, msg))
serial.serialutil.SerialException: [Errno 2] could not open port /dev/serial0: [Errno 2] No such file or directory: '/dev/serial0'
[2026-09-25T18:40:59.338+00:00][P1][INFO][DEBUG_RX][arduino line]{line="HB PANIC 257126"}
[2026-09-25T18:41:00.341+00:00][P1][INFO][DEBUG_RX][arduino line]{line="HB PANIC 258128"}
[2026-09-25T18:41:01.100+00:00][P1][ERROR][GPS_FAIL][gps read failed; retrying] Traceback (most recent call last):
  File "/home/pi/robot/venv/lib/python3.11/site-packages/serial/serialposix.py", line 322, in open
    self.fd = os.open(self.portstr, os.O_RDWR | os.O_NOCTTY | os.O_NONBLOCK)
              ^^^^^^^^^^^^^^^^^^^^^^^^^^^^^^^^^^^^^^^^^^^^^^^^^^^^^^^^^^^^^^
FileNotFoundError: [Errno 2] No such file or directory: '/dev/serial0'

During handling of the above exception, another exception occurred:

Traceback (most recent call last):
  File "/home/pi/robot/pi/p1_control/gps_reader.py", line 83, in _run_serial
    with serial.Serial(
         ^^^^^^^^^^^^^^
  File "/home/pi/robot/venv/lib/python3.11/site-packages/serial/serialutil.py", line 244, in __init__
    self.open()
  File "/home/pi/robot/venv/lib/python3.11/site-packages/serial/serialposix.py", line 325, in open
    raise SerialException(msg.errno, "could not open port {}: {}".format(self._port, msg))
serial.serialutil.SerialException: [Errno 2] could not open port /dev/serial0: [Errno 2] No such file or directory: '/dev/serial0'
[2026-09-25T18:41:01.340+00:00][P1][INFO][DEBUG_RX][arduino line]{line="HB PANIC 259127"}
[2026-09-25T18:41:02.344+00:00][P1][INFO][DEBUG_RX][arduino line]{line="HB PANIC 260129"}
[2026-09-25T18:41:03.103+00:00][P1][ERROR][GPS_FAIL][gps read failed; retrying] Traceback (most recent call last):
  File "/home/pi/robot/venv/lib/python3.11/site-packages/serial/serialposix.py", line 322, in open
    self.fd = os.open(self.portstr, os.O_RDWR | os.O_NOCTTY | os.O_NONBLOCK)
              ^^^^^^^^^^^^^^^^^^^^^^^^^^^^^^^^^^^^^^^^^^^^^^^^^^^^^^^^^^^^^^
FileNotFoundError: [Errno 2] No such file or directory: '/dev/serial0'

During handling of the above exception, another exception occurred:

Traceback (most recent call last):
  File "/home/pi/robot/pi/p1_control/gps_reader.py", line 83, in _run_serial
    with serial.Serial(
         ^^^^^^^^^^^^^^
  File "/home/pi/robot/venv/lib/python3.11/site-packages/serial/serialutil.py", line 244, in __init__
    self.open()
  File "/home/pi/robot/venv/lib/python3.11/site-packages/serial/serialposix.py", line 325, in open
    raise SerialException(msg.errno, "could not open port {}: {}".format(self._port, msg))
serial.serialutil.SerialException: [Errno 2] could not open port /dev/serial0: [Errno 2] No such file or directory: '/dev/serial0'
[2026-09-25T18:41:03.345+00:00][P1][INFO][DEBUG_RX][arduino line]{line="HB PANIC 261128"}
[2026-09-25T18:41:04.350+00:00][P1][INFO][DEBUG_RX][arduino line]{line="HB PANIC 262130"}
[2026-09-25T18:41:05.111+00:00][P1][ERROR][GPS_FAIL][gps read failed; retrying] Traceback (most recent call last):
  File "/home/pi/robot/venv/lib/python3.11/site-packages/serial/serialposix.py", line 322, in open
    self.fd = os.open(self.portstr, os.O_RDWR | os.O_NOCTTY | os.O_NONBLOCK)
              ^^^^^^^^^^^^^^^^^^^^^^^^^^^^^^^^^^^^^^^^^^^^^^^^^^^^^^^^^^^^^^
FileNotFoundError: [Errno 2] No such file or directory: '/dev/serial0'

During handling of the above exception, another exception occurred:

Traceback (most recent call last):
  File "/home/pi/robot/pi/p1_control/gps_reader.py", line 83, in _run_serial
    with serial.Serial(
         ^^^^^^^^^^^^^^
  File "/home/pi/robot/venv/lib/python3.11/site-packages/serial/serialutil.py", line 244, in __init__
    self.open()
  File "/home/pi/robot/venv/lib/python3.11/site-packages/serial/serialposix.py", line 325, in open
    raise SerialException(msg.errno, "could not open port {}: {}".format(self._port, msg))
serial.serialutil.SerialException: [Errno 2] could not open port /dev/serial0: [Errno 2] No such file or directory: '/dev/serial0'
[2026-09-25T18:41:05.352+00:00][P1][INFO][DEBUG_RX][arduino line]{line="HB PANIC 263129"}
[2026-09-25T18:41:06.355+00:00][P1][INFO][DEBUG_RX][arduino line]{line="HB PANIC 264131"}
[2026-09-25T18:41:07.120+00:00][P1][ERROR][GPS_FAIL][gps read failed; retrying] Traceback (most recent call last):
  File "/home/pi/robot/venv/lib/python3.11/site-packages/serial/serialposix.py", line 322, in open
    self.fd = os.open(self.portstr, os.O_RDWR | os.O_NOCTTY | os.O_NONBLOCK)
              ^^^^^^^^^^^^^^^^^^^^^^^^^^^^^^^^^^^^^^^^^^^^^^^^^^^^^^^^^^^^^^
FileNotFoundError: [Errno 2] No such file or directory: '/dev/serial0'

During handling of the above exception, another exception occurred:

Traceback (most recent call last):
  File "/home/pi/robot/pi/p1_control/gps_reader.py", line 83, in _run_serial
    with serial.Serial(
         ^^^^^^^^^^^^^^
  File "/home/pi/robot/venv/lib/python3.11/site-packages/serial/serialutil.py", line 244, in __init__
    self.open()
  File "/home/pi/robot/venv/lib/python3.11/site-packages/serial/serialposix.py", line 325, in open
    raise SerialException(msg.errno, "could not open port {}: {}".format(self._port, msg))
serial.serialutil.SerialException: [Errno 2] could not open port /dev/serial0: [Errno 2] No such file or directory: '/dev/serial0'
[2026-09-25T18:41:07.358+00:00][P1][INFO][DEBUG_RX][arduino line]{line="HB PANIC 265131"}
[2026-09-25T18:41:08.359+00:00][P1][INFO][DEBUG_RX][arduino line]{line="HB PANIC 266132"}
[2026-09-25T18:41:09.137+00:00][P1][ERROR][GPS_FAIL][gps read failed; retrying] Traceback (most recent call last):
  File "/home/pi/robot/venv/lib/python3.11/site-packages/serial/serialposix.py", line 322, in open
    self.fd = os.open(self.portstr, os.O_RDWR | os.O_NOCTTY | os.O_NONBLOCK)
              ^^^^^^^^^^^^^^^^^^^^^^^^^^^^^^^^^^^^^^^^^^^^^^^^^^^^^^^^^^^^^^
FileNotFoundError: [Errno 2] No such file or directory: '/dev/serial0'

During handling of the above exception, another exception occurred:

Traceback (most recent call last):
  File "/home/pi/robot/pi/p1_control/gps_reader.py", line 83, in _run_serial
    with serial.Serial(
         ^^^^^^^^^^^^^^
  File "/home/pi/robot/venv/lib/python3.11/site-packages/serial/serialutil.py", line 244, in __init__
    self.open()
  File "/home/pi/robot/venv/lib/python3.11/site-packages/serial/serialposix.py", line 325, in open
    raise SerialException(msg.errno, "could not open port {}: {}".format(self._port, msg))
serial.serialutil.SerialException: [Errno 2] could not open port /dev/serial0: [Errno 2] No such file or directory: '/dev/serial0'
[2026-09-25T18:41:09.362+00:00][P1][INFO][DEBUG_RX][arduino line]{line="HB PANIC 267131"}
[2026-09-25T18:41:10.365+00:00][P1][INFO][DEBUG_RX][arduino line]{line="HB PANIC 268133"}
[2026-09-25T18:41:11.169+00:00][P1][ERROR][GPS_FAIL][gps read failed; retrying] Traceback (most recent call last):
  File "/home/pi/robot/venv/lib/python3.11/site-packages/serial/serialposix.py", line 322, in open
    self.fd = os.open(self.portstr, os.O_RDWR | os.O_NOCTTY | os.O_NONBLOCK)
              ^^^^^^^^^^^^^^^^^^^^^^^^^^^^^^^^^^^^^^^^^^^^^^^^^^^^^^^^^^^^^^
FileNotFoundError: [Errno 2] No such file or directory: '/dev/serial0'

During handling of the above exception, another exception occurred:

Traceback (most recent call last):
  File "/home/pi/robot/pi/p1_control/gps_reader.py", line 83, in _run_serial
    with serial.Serial(
         ^^^^^^^^^^^^^^
  File "/home/pi/robot/venv/lib/python3.11/site-packages/serial/serialutil.py", line 244, in __init__
    self.open()
  File "/home/pi/robot/venv/lib/python3.11/site-packages/serial/serialposix.py", line 325, in open
    raise SerialException(msg.errno, "could not open port {}: {}".format(self._port, msg))
serial.serialutil.SerialException: [Errno 2] could not open port /dev/serial0: [Errno 2] No such file or directory: '/dev/serial0'
[2026-09-25T18:41:11.370+00:00][P1][INFO][DEBUG_RX][arduino line]{line="HB PANIC 269132"}
[2026-09-25T18:41:12.375+00:00][P1][INFO][DEBUG_RX][arduino line]{line="HB PANIC 270134"}
[2026-09-25T18:41:13.197+00:00][P1][ERROR][GPS_FAIL][gps read failed; retrying] Traceback (most recent call last):
  File "/home/pi/robot/venv/lib/python3.11/site-packages/serial/serialposix.py", line 322, in open
    self.fd = os.open(self.portstr, os.O_RDWR | os.O_NOCTTY | os.O_NONBLOCK)
              ^^^^^^^^^^^^^^^^^^^^^^^^^^^^^^^^^^^^^^^^^^^^^^^^^^^^^^^^^^^^^^
FileNotFoundError: [Errno 2] No such file or directory: '/dev/serial0'

During handling of the above exception, another exception occurred:

Traceback (most recent call last):
  File "/home/pi/robot/pi/p1_control/gps_reader.py", line 83, in _run_serial
    with serial.Serial(
         ^^^^^^^^^^^^^^
  File "/home/pi/robot/venv/lib/python3.11/site-packages/serial/serialutil.py", line 244, in __init__
    self.open()
  File "/home/pi/robot/venv/lib/python3.11/site-packages/serial/serialposix.py", line 325, in open
    raise SerialException(msg.errno, "could not open port {}: {}".format(self._port, msg))
serial.serialutil.SerialException: [Errno 2] could not open port /dev/serial0: [Errno 2] No such file or directory: '/dev/serial0'
[2026-09-25T18:41:13.370+00:00][P1][INFO][DEBUG_RX][arduino line]{line="HB PANIC 271133"}
[2026-09-25T18:41:14.376+00:00][P1][INFO][DEBUG_RX][arduino line]{line="HB PANIC 272135"}
[2026-09-25T18:41:15.244+00:00][P1][ERROR][GPS_FAIL][gps read failed; retrying] Traceback (most recent call last):
  File "/home/pi/robot/venv/lib/python3.11/site-packages/serial/serialposix.py", line 322, in open
    self.fd = os.open(self.portstr, os.O_RDWR | os.O_NOCTTY | os.O_NONBLOCK)
              ^^^^^^^^^^^^^^^^^^^^^^^^^^^^^^^^^^^^^^^^^^^^^^^^^^^^^^^^^^^^^^
FileNotFoundError: [Errno 2] No such file or directory: '/dev/serial0'

During handling of the above exception, another exception occurred:

Traceback (most recent call last):
  File "/home/pi/robot/pi/p1_control/gps_reader.py", line 83, in _run_serial
    with serial.Serial(
         ^^^^^^^^^^^^^^
  File "/home/pi/robot/venv/lib/python3.11/site-packages/serial/serialutil.py", line 244, in __init__
    self.open()
  File "/home/pi/robot/venv/lib/python3.11/site-packages/serial/serialposix.py", line 325, in open
    raise SerialException(msg.errno, "could not open port {}: {}".format(self._port, msg))
serial.serialutil.SerialException: [Errno 2] could not open port /dev/serial0: [Errno 2] No such file or directory: '/dev/serial0'
[2026-09-25T18:41:15.377+00:00][P1][INFO][DEBUG_RX][arduino line]{line="HB PANIC 273134"}
[2026-09-25T18:41:16.389+00:00][P1][INFO][DEBUG_RX][arduino line]{line="HB PANIC 274135"}
[2026-09-25T18:41:17.280+00:00][P1][ERROR][GPS_FAIL][gps read failed; retrying] Traceback (most recent call last):
  File "/home/pi/robot/venv/lib/python3.11/site-packages/serial/serialposix.py", line 322, in open
    self.fd = os.open(self.portstr, os.O_RDWR | os.O_NOCTTY | os.O_NONBLOCK)
              ^^^^^^^^^^^^^^^^^^^^^^^^^^^^^^^^^^^^^^^^^^^^^^^^^^^^^^^^^^^^^^
FileNotFoundError: [Errno 2] No such file or directory: '/dev/serial0'

During handling of the above exception, another exception occurred:

Traceback (most recent call last):
  File "/home/pi/robot/pi/p1_control/gps_reader.py", line 83, in _run_serial
    with serial.Serial(
         ^^^^^^^^^^^^^^
  File "/home/pi/robot/venv/lib/python3.11/site-packages/serial/serialutil.py", line 244, in __init__
    self.open()
  File "/home/pi/robot/venv/lib/python3.11/site-packages/serial/serialposix.py", line 325, in open
    raise SerialException(msg.errno, "could not open port {}: {}".format(self._port, msg))
serial.serialutil.SerialException: [Errno 2] could not open port /dev/serial0: [Errno 2] No such file or directory: '/dev/serial0'
[2026-09-25T18:41:17.386+00:00][P1][INFO][DEBUG_RX][arduino line]{line="HB PANIC 275135"}
[2026-09-25T18:41:18.384+00:00][P1][INFO][DEBUG_RX][arduino line]{line="HB PANIC 276136"}
[2026-09-25T18:41:19.313+00:00][P1][ERROR][GPS_FAIL][gps read failed; retrying] Traceback (most recent call last):
  File "/home/pi/robot/venv/lib/python3.11/site-packages/serial/serialposix.py", line 322, in open
    self.fd = os.open(self.portstr, os.O_RDWR | os.O_NOCTTY | os.O_NONBLOCK)
              ^^^^^^^^^^^^^^^^^^^^^^^^^^^^^^^^^^^^^^^^^^^^^^^^^^^^^^^^^^^^^^
FileNotFoundError: [Errno 2] No such file or directory: '/dev/serial0'

During handling of the above exception, another exception occurred:

Traceback (most recent call last):
  File "/home/pi/robot/pi/p1_control/gps_reader.py", line 83, in _run_serial
    with serial.Serial(
         ^^^^^^^^^^^^^^
  File "/home/pi/robot/venv/lib/python3.11/site-packages/serial/serialutil.py", line 244, in __init__
    self.open()
  File "/home/pi/robot/venv/lib/python3.11/site-packages/serial/serialposix.py", line 325, in open
    raise SerialException(msg.errno, "could not open port {}: {}".format(self._port, msg))
serial.serialutil.SerialException: [Errno 2] could not open port /dev/serial0: [Errno 2] No such file or directory: '/dev/serial0'
[2026-09-25T18:41:19.389+00:00][P1][INFO][DEBUG_RX][arduino line]{line="HB PANIC 277135"}
[2026-09-25T18:41:20.395+00:00][P1][INFO][DEBUG_RX][arduino line]{line="HB PANIC 278137"}
[2026-09-25T18:41:21.369+00:00][P1][ERROR][GPS_FAIL][gps read failed; retrying] Traceback (most recent call last):
  File "/home/pi/robot/venv/lib/python3.11/site-packages/serial/serialposix.py", line 322, in open
    self.fd = os.open(self.portstr, os.O_RDWR | os.O_NOCTTY | os.O_NONBLOCK)
              ^^^^^^^^^^^^^^^^^^^^^^^^^^^^^^^^^^^^^^^^^^^^^^^^^^^^^^^^^^^^^^
FileNotFoundError: [Errno 2] No such file or directory: '/dev/serial0'

During handling of the above exception, another exception occurred:

Traceback (most recent call last):
  File "/home/pi/robot/pi/p1_control/gps_reader.py", line 83, in _run_serial
    with serial.Serial(
         ^^^^^^^^^^^^^^
  File "/home/pi/robot/venv/lib/python3.11/site-packages/serial/serialutil.py", line 244, in __init__
    self.open()
  File "/home/pi/robot/venv/lib/python3.11/site-packages/serial/serialposix.py", line 325, in open
    raise SerialException(msg.errno, "could not open port {}: {}".format(self._port, msg))
serial.serialutil.SerialException: [Errno 2] could not open port /dev/serial0: [Errno 2] No such file or directory: '/dev/serial0'
[2026-09-25T18:41:21.404+00:00][P1][INFO][DEBUG_RX][arduino line]{line="HB PANIC 279136"}
[2026-09-25T18:41:22.399+00:00][P1][INFO][DEBUG_RX][arduino line]{line="HB PANIC 280138"}
[2026-09-25T18:41:23.394+00:00][P1][ERROR][GPS_FAIL][gps read failed; retrying] Traceback (most recent call last):
  File "/home/pi/robot/venv/lib/python3.11/site-packages/serial/serialposix.py", line 322, in open
    self.fd = os.open(self.portstr, os.O_RDWR | os.O_NOCTTY | os.O_NONBLOCK)
              ^^^^^^^^^^^^^^^^^^^^^^^^^^^^^^^^^^^^^^^^^^^^^^^^^^^^^^^^^^^^^^
FileNotFoundError: [Errno 2] No such file or directory: '/dev/serial0'

During handling of the above exception, another exception occurred:

Traceback (most recent call last):
  File "/home/pi/robot/pi/p1_control/gps_reader.py", line 83, in _run_serial
    with serial.Serial(
         ^^^^^^^^^^^^^^
  File "/home/pi/robot/venv/lib/python3.11/site-packages/serial/serialutil.py", line 244, in __init__
    self.open()
  File "/home/pi/robot/venv/lib/python3.11/site-packages/serial/serialposix.py", line 325, in open
    raise SerialException(msg.errno, "could not open port {}: {}".format(self._port, msg))
serial.serialutil.SerialException: [Errno 2] could not open port /dev/serial0: [Errno 2] No such file or directory: '/dev/serial0'
[2026-09-25T18:41:23.402+00:00][P1][INFO][DEBUG_RX][arduino line]{line="HB PANIC 281137"}
[2026-09-25T18:41:24.402+00:00][P1][INFO][DEBUG_RX][arduino line]{line="HB PANIC 282139"}
[2026-09-25T18:41:25.398+00:00][P1][INFO][DEBUG_RX][arduino line]{line="HB PANIC 283138"}
[2026-09-25T18:41:25.433+00:00][P1][ERROR][GPS_FAIL][gps read failed; retrying] Traceback (most recent call last):
  File "/home/pi/robot/venv/lib/python3.11/site-packages/serial/serialposix.py", line 322, in open
    self.fd = os.open(self.portstr, os.O_RDWR | os.O_NOCTTY | os.O_NONBLOCK)
              ^^^^^^^^^^^^^^^^^^^^^^^^^^^^^^^^^^^^^^^^^^^^^^^^^^^^^^^^^^^^^^
FileNotFoundError: [Errno 2] No such file or directory: '/dev/serial0'

During handling of the above exception, another exception occurred:

Traceback (most recent call last):
  File "/home/pi/robot/pi/p1_control/gps_reader.py", line 83, in _run_serial
    with serial.Serial(
         ^^^^^^^^^^^^^^
  File "/home/pi/robot/venv/lib/python3.11/site-packages/serial/serialutil.py", line 244, in __init__
    self.open()
  File "/home/pi/robot/venv/lib/python3.11/site-packages/serial/serialposix.py", line 325, in open
    raise SerialException(msg.errno, "could not open port {}: {}".format(self._port, msg))
serial.serialutil.SerialException: [Errno 2] could not open port /dev/serial0: [Errno 2] No such file or directory: '/dev/serial0'
[2026-09-25T18:41:26.405+00:00][P1][INFO][DEBUG_RX][arduino line]{line="HB PANIC 284140"}
[2026-09-25T18:41:27.407+00:00][P1][INFO][DEBUG_RX][arduino line]{line="HB PANIC 285139"}
[2026-09-25T18:41:27.459+00:00][P1][ERROR][GPS_FAIL][gps read failed; retrying] Traceback (most recent call last):
  File "/home/pi/robot/venv/lib/python3.11/site-packages/serial/serialposix.py", line 322, in open
    self.fd = os.open(self.portstr, os.O_RDWR | os.O_NOCTTY | os.O_NONBLOCK)
              ^^^^^^^^^^^^^^^^^^^^^^^^^^^^^^^^^^^^^^^^^^^^^^^^^^^^^^^^^^^^^^
FileNotFoundError: [Errno 2] No such file or directory: '/dev/serial0'

During handling of the above exception, another exception occurred:

Traceback (most recent call last):
  File "/home/pi/robot/pi/p1_control/gps_reader.py", line 83, in _run_serial
    with serial.Serial(
         ^^^^^^^^^^^^^^
  File "/home/pi/robot/venv/lib/python3.11/site-packages/serial/serialutil.py", line 244, in __init__
    self.open()
  File "/home/pi/robot/venv/lib/python3.11/site-packages/serial/serialposix.py", line 325, in open
    raise SerialException(msg.errno, "could not open port {}: {}".format(self._port, msg))
serial.serialutil.SerialException: [Errno 2] could not open port /dev/serial0: [Errno 2] No such file or directory: '/dev/serial0'
[2026-09-25T18:41:28.429+00:00][P1][INFO][DEBUG_RX][arduino line]{line="HB PANIC 286141"}
[2026-09-25T18:41:29.417+00:00][P1][INFO][DEBUG_RX][arduino line]{line="HB PANIC 287140"}
[2026-09-25T18:41:29.486+00:00][P1][ERROR][GPS_FAIL][gps read failed; retrying] Traceback (most recent call last):
  File "/home/pi/robot/venv/lib/python3.11/site-packages/serial/serialposix.py", line 322, in open
    self.fd = os.open(self.portstr, os.O_RDWR | os.O_NOCTTY | os.O_NONBLOCK)
              ^^^^^^^^^^^^^^^^^^^^^^^^^^^^^^^^^^^^^^^^^^^^^^^^^^^^^^^^^^^^^^
FileNotFoundError: [Errno 2] No such file or directory: '/dev/serial0'

During handling of the above exception, another exception occurred:

Traceback (most recent call last):
  File "/home/pi/robot/pi/p1_control/gps_reader.py", line 83, in _run_serial
    with serial.Serial(
         ^^^^^^^^^^^^^^
  File "/home/pi/robot/venv/lib/python3.11/site-packages/serial/serialutil.py", line 244, in __init__
    self.open()
  File "/home/pi/robot/venv/lib/python3.11/site-packages/serial/serialposix.py", line 325, in open
    raise SerialException(msg.errno, "could not open port {}: {}".format(self._port, msg))
serial.serialutil.SerialException: [Errno 2] could not open port /dev/serial0: [Errno 2] No such file or directory: '/dev/serial0'
[2026-09-25T18:41:30.411+00:00][P1][INFO][DEBUG_RX][arduino line]{line="HB PANIC 288142"}
[2026-09-25T18:41:31.425+00:00][P1][INFO][DEBUG_RX][arduino line]{line="HB PANIC 289141"}
[2026-09-25T18:41:31.537+00:00][P1][ERROR][GPS_FAIL][gps read failed; retrying] Traceback (most recent call last):
  File "/home/pi/robot/venv/lib/python3.11/site-packages/serial/serialposix.py", line 322, in open
    self.fd = os.open(self.portstr, os.O_RDWR | os.O_NOCTTY | os.O_NONBLOCK)
              ^^^^^^^^^^^^^^^^^^^^^^^^^^^^^^^^^^^^^^^^^^^^^^^^^^^^^^^^^^^^^^
FileNotFoundError: [Errno 2] No such file or directory: '/dev/serial0'

During handling of the above exception, another exception occurred:

Traceback (most recent call last):
  File "/home/pi/robot/pi/p1_control/gps_reader.py", line 83, in _run_serial
    with serial.Serial(
         ^^^^^^^^^^^^^^
  File "/home/pi/robot/venv/lib/python3.11/site-packages/serial/serialutil.py", line 244, in __init__
    self.open()
  File "/home/pi/robot/venv/lib/python3.11/site-packages/serial/serialposix.py", line 325, in open
    raise SerialException(msg.errno, "could not open port {}: {}".format(self._port, msg))
serial.serialutil.SerialException: [Errno 2] could not open port /dev/serial0: [Errno 2] No such file or directory: '/dev/serial0'
[2026-09-25T18:41:32.421+00:00][P1][INFO][DEBUG_RX][arduino line]{line="HB PANIC 290143"}
[2026-09-25T18:41:33.419+00:00][P1][INFO][DEBUG_RX][arduino line]{line="HB PANIC 291142"}
[2026-09-25T18:41:33.551+00:00][P1][ERROR][GPS_FAIL][gps read failed; retrying] Traceback (most recent call last):
  File "/home/pi/robot/venv/lib/python3.11/site-packages/serial/serialposix.py", line 322, in open
    self.fd = os.open(self.portstr, os.O_RDWR | os.O_NOCTTY | os.O_NONBLOCK)
              ^^^^^^^^^^^^^^^^^^^^^^^^^^^^^^^^^^^^^^^^^^^^^^^^^^^^^^^^^^^^^^
FileNotFoundError: [Errno 2] No such file or directory: '/dev/serial0'

During handling of the above exception, another exception occurred:

Traceback (most recent call last):
  File "/home/pi/robot/pi/p1_control/gps_reader.py", line 83, in _run_serial
    with serial.Serial(
         ^^^^^^^^^^^^^^
  File "/home/pi/robot/venv/lib/python3.11/site-packages/serial/serialutil.py", line 244, in __init__
    self.open()
  File "/home/pi/robot/venv/lib/python3.11/site-packages/serial/serialposix.py", line 325, in open
    raise SerialException(msg.errno, "could not open port {}: {}".format(self._port, msg))
serial.serialutil.SerialException: [Errno 2] could not open port /dev/serial0: [Errno 2] No such file or directory: '/dev/serial0'
[2026-09-25T18:41:34.424+00:00][P1][INFO][DEBUG_RX][arduino line]{line="HB PANIC 292144"}
[2026-09-25T18:41:35.430+00:00][P1][INFO][DEBUG_RX][arduino line]{line="HB PANIC 293143"}
[2026-09-25T18:41:35.570+00:00][P1][ERROR][GPS_FAIL][gps read failed; retrying] Traceback (most recent call last):
  File "/home/pi/robot/venv/lib/python3.11/site-packages/serial/serialposix.py", line 322, in open
    self.fd = os.open(self.portstr, os.O_RDWR | os.O_NOCTTY | os.O_NONBLOCK)
              ^^^^^^^^^^^^^^^^^^^^^^^^^^^^^^^^^^^^^^^^^^^^^^^^^^^^^^^^^^^^^^
FileNotFoundError: [Errno 2] No such file or directory: '/dev/serial0'

During handling of the above exception, another exception occurred:

Traceback (most recent call last):
  File "/home/pi/robot/pi/p1_control/gps_reader.py", line 83, in _run_serial
    with serial.Serial(
         ^^^^^^^^^^^^^^
  File "/home/pi/robot/venv/lib/python3.11/site-packages/serial/serialutil.py", line 244, in __init__
    self.open()
  File "/home/pi/robot/venv/lib/python3.11/site-packages/serial/serialposix.py", line 325, in open
    raise SerialException(msg.errno, "could not open port {}: {}".format(self._port, msg))
serial.serialutil.SerialException: [Errno 2] could not open port /dev/serial0: [Errno 2] No such file or directory: '/dev/serial0'
[2026-09-25T18:41:36.427+00:00][P1][INFO][DEBUG_RX][arduino line]{line="HB PANIC 294145"}
[2026-09-25T18:41:37.429+00:00][P1][INFO][DEBUG_RX][arduino line]{line="HB PANIC 295143"}
[2026-09-25T18:41:37.602+00:00][P1][ERROR][GPS_FAIL][gps read failed; retrying] Traceback (most recent call last):
  File "/home/pi/robot/venv/lib/python3.11/site-packages/serial/serialposix.py", line 322, in open
    self.fd = os.open(self.portstr, os.O_RDWR | os.O_NOCTTY | os.O_NONBLOCK)
              ^^^^^^^^^^^^^^^^^^^^^^^^^^^^^^^^^^^^^^^^^^^^^^^^^^^^^^^^^^^^^^
FileNotFoundError: [Errno 2] No such file or directory: '/dev/serial0'

During handling of the above exception, another exception occurred:

Traceback (most recent call last):
  File "/home/pi/robot/pi/p1_control/gps_reader.py", line 83, in _run_serial
    with serial.Serial(
         ^^^^^^^^^^^^^^
  File "/home/pi/robot/venv/lib/python3.11/site-packages/serial/serialutil.py", line 244, in __init__
    self.open()
  File "/home/pi/robot/venv/lib/python3.11/site-packages/serial/serialposix.py", line 325, in open
    raise SerialException(msg.errno, "could not open port {}: {}".format(self._port, msg))
serial.serialutil.SerialException: [Errno 2] could not open port /dev/serial0: [Errno 2] No such file or directory: '/dev/serial0'
[2026-09-25T18:41:38.431+00:00][P1][INFO][DEBUG_RX][arduino line]{line="HB PANIC 296145"}
[2026-09-25T18:41:39.432+00:00][P1][INFO][DEBUG_RX][arduino line]{line="HB PANIC 297144"}
[2026-09-25T18:41:39.631+00:00][P1][ERROR][GPS_FAIL][gps read failed; retrying] Traceback (most recent call last):
  File "/home/pi/robot/venv/lib/python3.11/site-packages/serial/serialposix.py", line 322, in open
    self.fd = os.open(self.portstr, os.O_RDWR | os.O_NOCTTY | os.O_NONBLOCK)
              ^^^^^^^^^^^^^^^^^^^^^^^^^^^^^^^^^^^^^^^^^^^^^^^^^^^^^^^^^^^^^^
FileNotFoundError: [Errno 2] No such file or directory: '/dev/serial0'

During handling of the above exception, another exception occurred:

Traceback (most recent call last):
  File "/home/pi/robot/pi/p1_control/gps_reader.py", line 83, in _run_serial
    with serial.Serial(
         ^^^^^^^^^^^^^^
  File "/home/pi/robot/venv/lib/python3.11/site-packages/serial/serialutil.py", line 244, in __init__
    self.open()
  File "/home/pi/robot/venv/lib/python3.11/site-packages/serial/serialposix.py", line 325, in open
    raise SerialException(msg.errno, "could not open port {}: {}".format(self._port, msg))
serial.serialutil.SerialException: [Errno 2] could not open port /dev/serial0: [Errno 2] No such file or directory: '/dev/serial0'
[2026-09-25T18:41:40.442+00:00][P1][INFO][DEBUG_RX][arduino line]{line="HB PANIC 298147"}
[2026-09-25T18:41:41.437+00:00][P1][INFO][DEBUG_RX][arduino line]{line="HB PANIC 299146"}
[2026-09-25T18:41:41.660+00:00][P1][ERROR][GPS_FAIL][gps read failed; retrying] Traceback (most recent call last):
  File "/home/pi/robot/venv/lib/python3.11/site-packages/serial/serialposix.py", line 322, in open
    self.fd = os.open(self.portstr, os.O_RDWR | os.O_NOCTTY | os.O_NONBLOCK)
              ^^^^^^^^^^^^^^^^^^^^^^^^^^^^^^^^^^^^^^^^^^^^^^^^^^^^^^^^^^^^^^
FileNotFoundError: [Errno 2] No such file or directory: '/dev/serial0'

During handling of the above exception, another exception occurred:

Traceback (most recent call last):
  File "/home/pi/robot/pi/p1_control/gps_reader.py", line 83, in _run_serial
    with serial.Serial(
         ^^^^^^^^^^^^^^
  File "/home/pi/robot/venv/lib/python3.11/site-packages/serial/serialutil.py", line 244, in __init__
    self.open()
  File "/home/pi/robot/venv/lib/python3.11/site-packages/serial/serialposix.py", line 325, in open
    raise SerialException(msg.errno, "could not open port {}: {}".format(self._port, msg))
serial.serialutil.SerialException: [Errno 2] could not open port /dev/serial0: [Errno 2] No such file or directory: '/dev/serial0'
[2026-09-25T18:41:42.441+00:00][P1][INFO][DEBUG_RX][arduino line]{line="HB PANIC 300147"}
[2026-09-25T18:41:43.443+00:00][P1][INFO][DEBUG_RX][arduino line]{line="HB PANIC 301146"}
[2026-09-25T18:41:43.685+00:00][P1][ERROR][GPS_FAIL][gps read failed; retrying] Traceback (most recent call last):
  File "/home/pi/robot/venv/lib/python3.11/site-packages/serial/serialposix.py", line 322, in open
    self.fd = os.open(self.portstr, os.O_RDWR | os.O_NOCTTY | os.O_NONBLOCK)
              ^^^^^^^^^^^^^^^^^^^^^^^^^^^^^^^^^^^^^^^^^^^^^^^^^^^^^^^^^^^^^^
FileNotFoundError: [Errno 2] No such file or directory: '/dev/serial0'

During handling of the above exception, another exception occurred:

Traceback (most recent call last):
  File "/home/pi/robot/pi/p1_control/gps_reader.py", line 83, in _run_serial
    with serial.Serial(
         ^^^^^^^^^^^^^^
  File "/home/pi/robot/venv/lib/python3.11/site-packages/serial/serialutil.py", line 244, in __init__
    self.open()
  File "/home/pi/robot/venv/lib/python3.11/site-packages/serial/serialposix.py", line 325, in open
    raise SerialException(msg.errno, "could not open port {}: {}".format(self._port, msg))
serial.serialutil.SerialException: [Errno 2] could not open port /dev/serial0: [Errno 2] No such file or directory: '/dev/serial0'
[2026-09-25T18:41:44.446+00:00][P1][INFO][DEBUG_RX][arduino line]{line="HB PANIC 302149"}
[2026-09-25T18:41:45.447+00:00][P1][INFO][DEBUG_RX][arduino line]{line="HB PANIC 303148"}
[2026-09-25T18:41:45.689+00:00][P1][ERROR][GPS_FAIL][gps read failed; retrying] Traceback (most recent call last):
  File "/home/pi/robot/venv/lib/python3.11/site-packages/serial/serialposix.py", line 322, in open
    self.fd = os.open(self.portstr, os.O_RDWR | os.O_NOCTTY | os.O_NONBLOCK)
              ^^^^^^^^^^^^^^^^^^^^^^^^^^^^^^^^^^^^^^^^^^^^^^^^^^^^^^^^^^^^^^
FileNotFoundError: [Errno 2] No such file or directory: '/dev/serial0'

During handling of the above exception, another exception occurred:

Traceback (most recent call last):
  File "/home/pi/robot/pi/p1_control/gps_reader.py", line 83, in _run_serial
    with serial.Serial(
         ^^^^^^^^^^^^^^
  File "/home/pi/robot/venv/lib/python3.11/site-packages/serial/serialutil.py", line 244, in __init__
    self.open()
  File "/home/pi/robot/venv/lib/python3.11/site-packages/serial/serialposix.py", line 325, in open
    raise SerialException(msg.errno, "could not open port {}: {}".format(self._port, msg))
serial.serialutil.SerialException: [Errno 2] could not open port /dev/serial0: [Errno 2] No such file or directory: '/dev/serial0'
[2026-09-25T18:41:46.453+00:00][P1][INFO][DEBUG_RX][arduino line]{line="HB PANIC 304149"}
[2026-09-25T18:41:47.452+00:00][P1][INFO][DEBUG_RX][arduino line]{line="HB PANIC 305148"}
[2026-09-25T18:41:47.727+00:00][P1][ERROR][GPS_FAIL][gps read failed; retrying] Traceback (most recent call last):
  File "/home/pi/robot/venv/lib/python3.11/site-packages/serial/serialposix.py", line 322, in open
    self.fd = os.open(self.portstr, os.O_RDWR | os.O_NOCTTY | os.O_NONBLOCK)
              ^^^^^^^^^^^^^^^^^^^^^^^^^^^^^^^^^^^^^^^^^^^^^^^^^^^^^^^^^^^^^^
FileNotFoundError: [Errno 2] No such file or directory: '/dev/serial0'

During handling of the above exception, another exception occurred:

Traceback (most recent call last):
  File "/home/pi/robot/pi/p1_control/gps_reader.py", line 83, in _run_serial
    with serial.Serial(
         ^^^^^^^^^^^^^^
  File "/home/pi/robot/venv/lib/python3.11/site-packages/serial/serialutil.py", line 244, in __init__
    self.open()
  File "/home/pi/robot/venv/lib/python3.11/site-packages/serial/serialposix.py", line 325, in open
    raise SerialException(msg.errno, "could not open port {}: {}".format(self._port, msg))
serial.serialutil.SerialException: [Errno 2] could not open port /dev/serial0: [Errno 2] No such file or directory: '/dev/serial0'
[2026-09-25T18:41:48.460+00:00][P1][INFO][DEBUG_RX][arduino line]{line="HB PANIC 306150"}
[2026-09-25T18:41:49.457+00:00][P1][INFO][DEBUG_RX][arduino line]{line="HB PANIC 307149"}
[2026-09-25T18:41:49.773+00:00][P1][ERROR][GPS_FAIL][gps read failed; retrying] Traceback (most recent call last):
  File "/home/pi/robot/venv/lib/python3.11/site-packages/serial/serialposix.py", line 322, in open
    self.fd = os.open(self.portstr, os.O_RDWR | os.O_NOCTTY | os.O_NONBLOCK)
              ^^^^^^^^^^^^^^^^^^^^^^^^^^^^^^^^^^^^^^^^^^^^^^^^^^^^^^^^^^^^^^
FileNotFoundError: [Errno 2] No such file or directory: '/dev/serial0'

During handling of the above exception, another exception occurred:

Traceback (most recent call last):
  File "/home/pi/robot/pi/p1_control/gps_reader.py", line 83, in _run_serial
    with serial.Serial(
         ^^^^^^^^^^^^^^
  File "/home/pi/robot/venv/lib/python3.11/site-packages/serial/serialutil.py", line 244, in __init__
    self.open()
  File "/home/pi/robot/venv/lib/python3.11/site-packages/serial/serialposix.py", line 325, in open
    raise SerialException(msg.errno, "could not open port {}: {}".format(self._port, msg))
serial.serialutil.SerialException: [Errno 2] could not open port /dev/serial0: [Errno 2] No such file or directory: '/dev/serial0'
[2026-09-25T18:41:50.459+00:00][P1][INFO][DEBUG_RX][arduino line]{line="HB PANIC 308151"}
[2026-09-25T18:41:51.472+00:00][P1][INFO][DEBUG_RX][arduino line]{line="HB PANIC 309150"}
[2026-09-25T18:41:51.780+00:00][P1][ERROR][GPS_FAIL][gps read failed; retrying] Traceback (most recent call last):
  File "/home/pi/robot/venv/lib/python3.11/site-packages/serial/serialposix.py", line 322, in open
    self.fd = os.open(self.portstr, os.O_RDWR | os.O_NOCTTY | os.O_NONBLOCK)
              ^^^^^^^^^^^^^^^^^^^^^^^^^^^^^^^^^^^^^^^^^^^^^^^^^^^^^^^^^^^^^^
FileNotFoundError: [Errno 2] No such file or directory: '/dev/serial0'

During handling of the above exception, another exception occurred:

Traceback (most recent call last):
  File "/home/pi/robot/pi/p1_control/gps_reader.py", line 83, in _run_serial
    with serial.Serial(
         ^^^^^^^^^^^^^^
  File "/home/pi/robot/venv/lib/python3.11/site-packages/serial/serialutil.py", line 244, in __init__
    self.open()
  File "/home/pi/robot/venv/lib/python3.11/site-packages/serial/serialposix.py", line 325, in open
    raise SerialException(msg.errno, "could not open port {}: {}".format(self._port, msg))
serial.serialutil.SerialException: [Errno 2] could not open port /dev/serial0: [Errno 2] No such file or directory: '/dev/serial0'
[2026-09-25T18:41:52.465+00:00][P1][INFO][DEBUG_RX][arduino line]{line="HB PANIC 310152"}
[2026-09-25T18:41:53.466+00:00][P1][INFO][DEBUG_RX][arduino line]{line="HB PANIC 311151"}
[2026-09-25T18:41:53.808+00:00][P1][ERROR][GPS_FAIL][gps read failed; retrying] Traceback (most recent call last):
  File "/home/pi/robot/venv/lib/python3.11/site-packages/serial/serialposix.py", line 322, in open
    self.fd = os.open(self.portstr, os.O_RDWR | os.O_NOCTTY | os.O_NONBLOCK)
              ^^^^^^^^^^^^^^^^^^^^^^^^^^^^^^^^^^^^^^^^^^^^^^^^^^^^^^^^^^^^^^
FileNotFoundError: [Errno 2] No such file or directory: '/dev/serial0'

During handling of the above exception, another exception occurred:

Traceback (most recent call last):
  File "/home/pi/robot/pi/p1_control/gps_reader.py", line 83, in _run_serial
    with serial.Serial(
         ^^^^^^^^^^^^^^
  File "/home/pi/robot/venv/lib/python3.11/site-packages/serial/serialutil.py", line 244, in __init__
    self.open()
  File "/home/pi/robot/venv/lib/python3.11/site-packages/serial/serialposix.py", line 325, in open
    raise SerialException(msg.errno, "could not open port {}: {}".format(self._port, msg))
serial.serialutil.SerialException: [Errno 2] could not open port /dev/serial0: [Errno 2] No such file or directory: '/dev/serial0'
[2026-09-25T18:41:54.472+00:00][P1][INFO][DEBUG_RX][arduino line]{line="HB PANIC 312153"}
[2026-09-25T18:41:55.470+00:00][P1][INFO][DEBUG_RX][arduino line]{line="HB PANIC 313152"}
[2026-09-25T18:41:55.816+00:00][P1][ERROR][GPS_FAIL][gps read failed; retrying] Traceback (most recent call last):
  File "/home/pi/robot/venv/lib/python3.11/site-packages/serial/serialposix.py", line 322, in open
    self.fd = os.open(self.portstr, os.O_RDWR | os.O_NOCTTY | os.O_NONBLOCK)
              ^^^^^^^^^^^^^^^^^^^^^^^^^^^^^^^^^^^^^^^^^^^^^^^^^^^^^^^^^^^^^^
FileNotFoundError: [Errno 2] No such file or directory: '/dev/serial0'

During handling of the above exception, another exception occurred:

Traceback (most recent call last):
  File "/home/pi/robot/pi/p1_control/gps_reader.py", line 83, in _run_serial
    with serial.Serial(
         ^^^^^^^^^^^^^^
  File "/home/pi/robot/venv/lib/python3.11/site-packages/serial/serialutil.py", line 244, in __init__
    self.open()
  File "/home/pi/robot/venv/lib/python3.11/site-packages/serial/serialposix.py", line 325, in open
    raise SerialException(msg.errno, "could not open port {}: {}".format(self._port, msg))
serial.serialutil.SerialException: [Errno 2] could not open port /dev/serial0: [Errno 2] No such file or directory: '/dev/serial0'
[2026-09-25T18:41:56.474+00:00][P1][INFO][DEBUG_RX][arduino line]{line="HB PANIC 314153"}
[2026-09-25T18:41:57.474+00:00][P1][INFO][DEBUG_RX][arduino line]{line="HB PANIC 315152"}
[2026-09-25T18:41:57.830+00:00][P1][ERROR][GPS_FAIL][gps read failed; retrying] Traceback (most recent call last):
  File "/home/pi/robot/venv/lib/python3.11/site-packages/serial/serialposix.py", line 322, in open
    self.fd = os.open(self.portstr, os.O_RDWR | os.O_NOCTTY | os.O_NONBLOCK)
              ^^^^^^^^^^^^^^^^^^^^^^^^^^^^^^^^^^^^^^^^^^^^^^^^^^^^^^^^^^^^^^
FileNotFoundError: [Errno 2] No such file or directory: '/dev/serial0'

During handling of the above exception, another exception occurred:

Traceback (most recent call last):
  File "/home/pi/robot/pi/p1_control/gps_reader.py", line 83, in _run_serial
    with serial.Serial(
         ^^^^^^^^^^^^^^
  File "/home/pi/robot/venv/lib/python3.11/site-packages/serial/serialutil.py", line 244, in __init__
    self.open()
  File "/home/pi/robot/venv/lib/python3.11/site-packages/serial/serialposix.py", line 325, in open
    raise SerialException(msg.errno, "could not open port {}: {}".format(self._port, msg))
serial.serialutil.SerialException: [Errno 2] could not open port /dev/serial0: [Errno 2] No such file or directory: '/dev/serial0'
[2026-09-25T18:41:58.479+00:00][P1][INFO][DEBUG_RX][arduino line]{line="HB PANIC 316155"}
[2026-09-25T18:41:59.487+00:00][P1][INFO][DEBUG_RX][arduino line]{line="HB PANIC 317154"}
[2026-09-25T18:41:59.841+00:00][P1][ERROR][GPS_FAIL][gps read failed; retrying] Traceback (most recent call last):
  File "/home/pi/robot/venv/lib/python3.11/site-packages/serial/serialposix.py", line 322, in open
    self.fd = os.open(self.portstr, os.O_RDWR | os.O_NOCTTY | os.O_NONBLOCK)
              ^^^^^^^^^^^^^^^^^^^^^^^^^^^^^^^^^^^^^^^^^^^^^^^^^^^^^^^^^^^^^^
FileNotFoundError: [Errno 2] No such file or directory: '/dev/serial0'

During handling of the above exception, another exception occurred:

Traceback (most recent call last):
  File "/home/pi/robot/pi/p1_control/gps_reader.py", line 83, in _run_serial
    with serial.Serial(
         ^^^^^^^^^^^^^^
  File "/home/pi/robot/venv/lib/python3.11/site-packages/serial/serialutil.py", line 244, in __init__
    self.open()
  File "/home/pi/robot/venv/lib/python3.11/site-packages/serial/serialposix.py", line 325, in open
    raise SerialException(msg.errno, "could not open port {}: {}".format(self._port, msg))
serial.serialutil.SerialException: [Errno 2] could not open port /dev/serial0: [Errno 2] No such file or directory: '/dev/serial0'
[2026-09-25T18:42:00.485+00:00][P1][INFO][DEBUG_RX][arduino line]{line="HB PANIC 318156"}
[2026-09-25T18:42:01.494+00:00][P1][INFO][DEBUG_RX][arduino line]{line="HB PANIC 319155"}
[2026-09-25T18:42:01.879+00:00][P1][ERROR][GPS_FAIL][gps read failed; retrying] Traceback (most recent call last):
  File "/home/pi/robot/venv/lib/python3.11/site-packages/serial/serialposix.py", line 322, in open
    self.fd = os.open(self.portstr, os.O_RDWR | os.O_NOCTTY | os.O_NONBLOCK)
              ^^^^^^^^^^^^^^^^^^^^^^^^^^^^^^^^^^^^^^^^^^^^^^^^^^^^^^^^^^^^^^
FileNotFoundError: [Errno 2] No such file or directory: '/dev/serial0'

During handling of the above exception, another exception occurred:

Traceback (most recent call last):
  File "/home/pi/robot/pi/p1_control/gps_reader.py", line 83, in _run_serial
    with serial.Serial(
         ^^^^^^^^^^^^^^
  File "/home/pi/robot/venv/lib/python3.11/site-packages/serial/serialutil.py", line 244, in __init__
    self.open()
  File "/home/pi/robot/venv/lib/python3.11/site-packages/serial/serialposix.py", line 325, in open
    raise SerialException(msg.errno, "could not open port {}: {}".format(self._port, msg))
serial.serialutil.SerialException: [Errno 2] could not open port /dev/serial0: [Errno 2] No such file or directory: '/dev/serial0'
[2026-09-25T18:42:02.493+00:00][P1][INFO][DEBUG_RX][arduino line]{line="HB PANIC 320157"}
[2026-09-25T18:42:03.487+00:00][P1][INFO][DEBUG_RX][arduino line]{line="HB PANIC 321156"}
[2026-09-25T18:42:03.889+00:00][P1][ERROR][GPS_FAIL][gps read failed; retrying] Traceback (most recent call last):
  File "/home/pi/robot/venv/lib/python3.11/site-packages/serial/serialposix.py", line 322, in open
    self.fd = os.open(self.portstr, os.O_RDWR | os.O_NOCTTY | os.O_NONBLOCK)
              ^^^^^^^^^^^^^^^^^^^^^^^^^^^^^^^^^^^^^^^^^^^^^^^^^^^^^^^^^^^^^^
FileNotFoundError: [Errno 2] No such file or directory: '/dev/serial0'

During handling of the above exception, another exception occurred:

Traceback (most recent call last):
  File "/home/pi/robot/pi/p1_control/gps_reader.py", line 83, in _run_serial
    with serial.Serial(
         ^^^^^^^^^^^^^^
  File "/home/pi/robot/venv/lib/python3.11/site-packages/serial/serialutil.py", line 244, in __init__
    self.open()
  File "/home/pi/robot/venv/lib/python3.11/site-packages/serial/serialposix.py", line 325, in open
    raise SerialException(msg.errno, "could not open port {}: {}".format(self._port, msg))
serial.serialutil.SerialException: [Errno 2] could not open port /dev/serial0: [Errno 2] No such file or directory: '/dev/serial0'
[2026-09-25T18:42:04.505+00:00][P1][INFO][DEBUG_RX][arduino line]{line="HB PANIC 322157"}
[2026-09-25T18:42:05.494+00:00][P1][INFO][DEBUG_RX][arduino line]{line="HB PANIC 323156"}
[2026-09-25T18:42:05.907+00:00][P1][ERROR][GPS_FAIL][gps read failed; retrying] Traceback (most recent call last):
  File "/home/pi/robot/venv/lib/python3.11/site-packages/serial/serialposix.py", line 322, in open
    self.fd = os.open(self.portstr, os.O_RDWR | os.O_NOCTTY | os.O_NONBLOCK)
              ^^^^^^^^^^^^^^^^^^^^^^^^^^^^^^^^^^^^^^^^^^^^^^^^^^^^^^^^^^^^^^
FileNotFoundError: [Errno 2] No such file or directory: '/dev/serial0'

During handling of the above exception, another exception occurred:

Traceback (most recent call last):
  File "/home/pi/robot/pi/p1_control/gps_reader.py", line 83, in _run_serial
    with serial.Serial(
         ^^^^^^^^^^^^^^
  File "/home/pi/robot/venv/lib/python3.11/site-packages/serial/serialutil.py", line 244, in __init__
    self.open()
  File "/home/pi/robot/venv/lib/python3.11/site-packages/serial/serialposix.py", line 325, in open
    raise SerialException(msg.errno, "could not open port {}: {}".format(self._port, msg))
serial.serialutil.SerialException: [Errno 2] could not open port /dev/serial0: [Errno 2] No such file or directory: '/dev/serial0'
[2026-09-25T18:42:06.505+00:00][P1][INFO][DEBUG_RX][arduino line]{line="HB PANIC 324159"}
[2026-09-25T18:42:07.505+00:00][P1][INFO][DEBUG_RX][arduino line]{line="HB PANIC 325158"}
[2026-09-25T18:42:07.916+00:00][P1][ERROR][GPS_FAIL][gps read failed; retrying] Traceback (most recent call last):
  File "/home/pi/robot/venv/lib/python3.11/site-packages/serial/serialposix.py", line 322, in open
    self.fd = os.open(self.portstr, os.O_RDWR | os.O_NOCTTY | os.O_NONBLOCK)
              ^^^^^^^^^^^^^^^^^^^^^^^^^^^^^^^^^^^^^^^^^^^^^^^^^^^^^^^^^^^^^^
FileNotFoundError: [Errno 2] No such file or directory: '/dev/serial0'

During handling of the above exception, another exception occurred:

Traceback (most recent call last):
  File "/home/pi/robot/pi/p1_control/gps_reader.py", line 83, in _run_serial
    with serial.Serial(
         ^^^^^^^^^^^^^^
  File "/home/pi/robot/venv/lib/python3.11/site-packages/serial/serialutil.py", line 244, in __init__
    self.open()
  File "/home/pi/robot/venv/lib/python3.11/site-packages/serial/serialposix.py", line 325, in open
    raise SerialException(msg.errno, "could not open port {}: {}".format(self._port, msg))
serial.serialutil.SerialException: [Errno 2] could not open port /dev/serial0: [Errno 2] No such file or directory: '/dev/serial0'
[2026-09-25T18:42:08.502+00:00][P1][INFO][DEBUG_RX][arduino line]{line="HB PANIC 326159"}
[2026-09-25T18:42:09.504+00:00][P1][INFO][DEBUG_RX][arduino line]{line="HB PANIC 327158"}
[2026-09-25T18:42:09.940+00:00][P1][ERROR][GPS_FAIL][gps read failed; retrying] Traceback (most recent call last):
  File "/home/pi/robot/venv/lib/python3.11/site-packages/serial/serialposix.py", line 322, in open
    self.fd = os.open(self.portstr, os.O_RDWR | os.O_NOCTTY | os.O_NONBLOCK)
              ^^^^^^^^^^^^^^^^^^^^^^^^^^^^^^^^^^^^^^^^^^^^^^^^^^^^^^^^^^^^^^
FileNotFoundError: [Errno 2] No such file or directory: '/dev/serial0'

During handling of the above exception, another exception occurred:

Traceback (most recent call last):
  File "/home/pi/robot/pi/p1_control/gps_reader.py", line 83, in _run_serial
    with serial.Serial(
         ^^^^^^^^^^^^^^
  File "/home/pi/robot/venv/lib/python3.11/site-packages/serial/serialutil.py", line 244, in __init__
    self.open()
  File "/home/pi/robot/venv/lib/python3.11/site-packages/serial/serialposix.py", line 325, in open
    raise SerialException(msg.errno, "could not open port {}: {}".format(self._port, msg))
serial.serialutil.SerialException: [Errno 2] could not open port /dev/serial0: [Errno 2] No such file or directory: '/dev/serial0'
[2026-09-25T18:42:10.508+00:00][P1][INFO][DEBUG_RX][arduino line]{line="HB PANIC 328161"}
[2026-09-25T18:42:11.509+00:00][P1][INFO][DEBUG_RX][arduino line]{line="HB PANIC 329160"}
[2026-09-25T18:42:11.946+00:00][P1][ERROR][GPS_FAIL][gps read failed; retrying] Traceback (most recent call last):
  File "/home/pi/robot/venv/lib/python3.11/site-packages/serial/serialposix.py", line 322, in open
    self.fd = os.open(self.portstr, os.O_RDWR | os.O_NOCTTY | os.O_NONBLOCK)
              ^^^^^^^^^^^^^^^^^^^^^^^^^^^^^^^^^^^^^^^^^^^^^^^^^^^^^^^^^^^^^^
FileNotFoundError: [Errno 2] No such file or directory: '/dev/serial0'

During handling of the above exception, another exception occurred:

Traceback (most recent call last):
  File "/home/pi/robot/pi/p1_control/gps_reader.py", line 83, in _run_serial
    with serial.Serial(
         ^^^^^^^^^^^^^^
  File "/home/pi/robot/venv/lib/python3.11/site-packages/serial/serialutil.py", line 244, in __init__
    self.open()
  File "/home/pi/robot/venv/lib/python3.11/site-packages/serial/serialposix.py", line 325, in open
    raise SerialException(msg.errno, "could not open port {}: {}".format(self._port, msg))
serial.serialutil.SerialException: [Errno 2] could not open port /dev/serial0: [Errno 2] No such file or directory: '/dev/serial0'
[2026-09-25T18:42:12.511+00:00][P1][INFO][DEBUG_RX][arduino line]{line="HB PANIC 330161"}
[2026-09-25T18:42:13.513+00:00][P1][INFO][DEBUG_RX][arduino line]{line="HB PANIC 331160"}
[2026-09-25T18:42:13.952+00:00][P1][ERROR][GPS_FAIL][gps read failed; retrying] Traceback (most recent call last):
  File "/home/pi/robot/venv/lib/python3.11/site-packages/serial/serialposix.py", line 322, in open
    self.fd = os.open(self.portstr, os.O_RDWR | os.O_NOCTTY | os.O_NONBLOCK)
              ^^^^^^^^^^^^^^^^^^^^^^^^^^^^^^^^^^^^^^^^^^^^^^^^^^^^^^^^^^^^^^
FileNotFoundError: [Errno 2] No such file or directory: '/dev/serial0'

During handling of the above exception, another exception occurred:

Traceback (most recent call last):
  File "/home/pi/robot/pi/p1_control/gps_reader.py", line 83, in _run_serial
    with serial.Serial(
         ^^^^^^^^^^^^^^
  File "/home/pi/robot/venv/lib/python3.11/site-packages/serial/serialutil.py", line 244, in __init__
    self.open()
  File "/home/pi/robot/venv/lib/python3.11/site-packages/serial/serialposix.py", line 325, in open
    raise SerialException(msg.errno, "could not open port {}: {}".format(self._port, msg))
serial.serialutil.SerialException: [Errno 2] could not open port /dev/serial0: [Errno 2] No such file or directory: '/dev/serial0'
[2026-09-25T18:42:14.517+00:00][P1][INFO][DEBUG_RX][arduino line]{line="HB PANIC 332162"}
[2026-09-25T18:42:15.518+00:00][P1][INFO][DEBUG_RX][arduino line]{line="HB PANIC 333161"}
[2026-09-25T18:42:15.958+00:00][P1][ERROR][GPS_FAIL][gps read failed; retrying] Traceback (most recent call last):
  File "/home/pi/robot/venv/lib/python3.11/site-packages/serial/serialposix.py", line 322, in open
    self.fd = os.open(self.portstr, os.O_RDWR | os.O_NOCTTY | os.O_NONBLOCK)
              ^^^^^^^^^^^^^^^^^^^^^^^^^^^^^^^^^^^^^^^^^^^^^^^^^^^^^^^^^^^^^^
FileNotFoundError: [Errno 2] No such file or directory: '/dev/serial0'

During handling of the above exception, another exception occurred:

Traceback (most recent call last):
  File "/home/pi/robot/pi/p1_control/gps_reader.py", line 83, in _run_serial
    with serial.Serial(
         ^^^^^^^^^^^^^^
  File "/home/pi/robot/venv/lib/python3.11/site-packages/serial/serialutil.py", line 244, in __init__
    self.open()
  File "/home/pi/robot/venv/lib/python3.11/site-packages/serial/serialposix.py", line 325, in open
    raise SerialException(msg.errno, "could not open port {}: {}".format(self._port, msg))
serial.serialutil.SerialException: [Errno 2] could not open port /dev/serial0: [Errno 2] No such file or directory: '/dev/serial0'
[2026-09-25T18:42:16.521+00:00][P1][INFO][DEBUG_RX][arduino line]{line="HB PANIC 334162"}
[2026-09-25T18:42:17.521+00:00][P1][INFO][DEBUG_RX][arduino line]{line="HB PANIC 335161"}
[2026-09-25T18:42:17.963+00:00][P1][ERROR][GPS_FAIL][gps read failed; retrying] Traceback (most recent call last):
  File "/home/pi/robot/venv/lib/python3.11/site-packages/serial/serialposix.py", line 322, in open
    self.fd = os.open(self.portstr, os.O_RDWR | os.O_NOCTTY | os.O_NONBLOCK)
              ^^^^^^^^^^^^^^^^^^^^^^^^^^^^^^^^^^^^^^^^^^^^^^^^^^^^^^^^^^^^^^
FileNotFoundError: [Errno 2] No such file or directory: '/dev/serial0'

During handling of the above exception, another exception occurred:

Traceback (most recent call last):
  File "/home/pi/robot/pi/p1_control/gps_reader.py", line 83, in _run_serial
    with serial.Serial(
         ^^^^^^^^^^^^^^
  File "/home/pi/robot/venv/lib/python3.11/site-packages/serial/serialutil.py", line 244, in __init__
    self.open()
  File "/home/pi/robot/venv/lib/python3.11/site-packages/serial/serialposix.py", line 325, in open
    raise SerialException(msg.errno, "could not open port {}: {}".format(self._port, msg))
serial.serialutil.SerialException: [Errno 2] could not open port /dev/serial0: [Errno 2] No such file or directory: '/dev/serial0'
[2026-09-25T18:42:18.527+00:00][P1][INFO][DEBUG_RX][arduino line]{line="HB PANIC 336164"}
[2026-09-25T18:42:19.527+00:00][P1][INFO][DEBUG_RX][arduino line]{line="HB PANIC 337163"}
[2026-09-25T18:42:19.969+00:00][P1][ERROR][GPS_FAIL][gps read failed; retrying] Traceback (most recent call last):
  File "/home/pi/robot/venv/lib/python3.11/site-packages/serial/serialposix.py", line 322, in open
    self.fd = os.open(self.portstr, os.O_RDWR | os.O_NOCTTY | os.O_NONBLOCK)
              ^^^^^^^^^^^^^^^^^^^^^^^^^^^^^^^^^^^^^^^^^^^^^^^^^^^^^^^^^^^^^^
FileNotFoundError: [Errno 2] No such file or directory: '/dev/serial0'

During handling of the above exception, another exception occurred:

Traceback (most recent call last):
  File "/home/pi/robot/pi/p1_control/gps_reader.py", line 83, in _run_serial
    with serial.Serial(
         ^^^^^^^^^^^^^^
  File "/home/pi/robot/venv/lib/python3.11/site-packages/serial/serialutil.py", line 244, in __init__
    self.open()
  File "/home/pi/robot/venv/lib/python3.11/site-packages/serial/serialposix.py", line 325, in open
    raise SerialException(msg.errno, "could not open port {}: {}".format(self._port, msg))
serial.serialutil.SerialException: [Errno 2] could not open port /dev/serial0: [Errno 2] No such file or directory: '/dev/serial0'
[2026-09-25T18:42:20.532+00:00][P1][INFO][DEBUG_RX][arduino line]{line="HB PANIC 338165"}
[2026-09-25T18:42:21.531+00:00][P1][INFO][DEBUG_RX][arduino line]{line="HB PANIC 339164"}
[2026-09-25T18:42:21.975+00:00][P1][ERROR][GPS_FAIL][gps read failed; retrying] Traceback (most recent call last):
  File "/home/pi/robot/venv/lib/python3.11/site-packages/serial/serialposix.py", line 322, in open
    self.fd = os.open(self.portstr, os.O_RDWR | os.O_NOCTTY | os.O_NONBLOCK)
              ^^^^^^^^^^^^^^^^^^^^^^^^^^^^^^^^^^^^^^^^^^^^^^^^^^^^^^^^^^^^^^
FileNotFoundError: [Errno 2] No such file or directory: '/dev/serial0'

During handling of the above exception, another exception occurred:

Traceback (most recent call last):
  File "/home/pi/robot/pi/p1_control/gps_reader.py", line 83, in _run_serial
    with serial.Serial(
         ^^^^^^^^^^^^^^
  File "/home/pi/robot/venv/lib/python3.11/site-packages/serial/serialutil.py", line 244, in __init__
    self.open()
  File "/home/pi/robot/venv/lib/python3.11/site-packages/serial/serialposix.py", line 325, in open
    raise SerialException(msg.errno, "could not open port {}: {}".format(self._port, msg))
serial.serialutil.SerialException: [Errno 2] could not open port /dev/serial0: [Errno 2] No such file or directory: '/dev/serial0'
[2026-09-25T18:42:22.535+00:00][P1][INFO][DEBUG_RX][arduino line]{line="HB PANIC 340166"}
[2026-09-25T18:42:23.537+00:00][P1][INFO][DEBUG_RX][arduino line]{line="HB PANIC 341165"}
[2026-09-25T18:42:23.980+00:00][P1][ERROR][GPS_FAIL][gps read failed; retrying] Traceback (most recent call last):
  File "/home/pi/robot/venv/lib/python3.11/site-packages/serial/serialposix.py", line 322, in open
    self.fd = os.open(self.portstr, os.O_RDWR | os.O_NOCTTY | os.O_NONBLOCK)
              ^^^^^^^^^^^^^^^^^^^^^^^^^^^^^^^^^^^^^^^^^^^^^^^^^^^^^^^^^^^^^^
FileNotFoundError: [Errno 2] No such file or directory: '/dev/serial0'

During handling of the above exception, another exception occurred:

Traceback (most recent call last):
  File "/home/pi/robot/pi/p1_control/gps_reader.py", line 83, in _run_serial
    with serial.Serial(
         ^^^^^^^^^^^^^^
  File "/home/pi/robot/venv/lib/python3.11/site-packages/serial/serialutil.py", line 244, in __init__
    self.open()
  File "/home/pi/robot/venv/lib/python3.11/site-packages/serial/serialposix.py", line 325, in open
    raise SerialException(msg.errno, "could not open port {}: {}".format(self._port, msg))
serial.serialutil.SerialException: [Errno 2] could not open port /dev/serial0: [Errno 2] No such file or directory: '/dev/serial0'
[2026-09-25T18:42:24.541+00:00][P1][INFO][DEBUG_RX][arduino line]{line="HB PANIC 342167"}
[2026-09-25T18:42:25.541+00:00][P1][INFO][DEBUG_RX][arduino line]{line="HB PANIC 343166"}
[2026-09-25T18:42:25.984+00:00][P1][ERROR][GPS_FAIL][gps read failed; retrying] Traceback (most recent call last):
  File "/home/pi/robot/venv/lib/python3.11/site-packages/serial/serialposix.py", line 322, in open
    self.fd = os.open(self.portstr, os.O_RDWR | os.O_NOCTTY | os.O_NONBLOCK)
              ^^^^^^^^^^^^^^^^^^^^^^^^^^^^^^^^^^^^^^^^^^^^^^^^^^^^^^^^^^^^^^
FileNotFoundError: [Errno 2] No such file or directory: '/dev/serial0'

During handling of the above exception, another exception occurred:

Traceback (most recent call last):
  File "/home/pi/robot/pi/p1_control/gps_reader.py", line 83, in _run_serial
    with serial.Serial(
         ^^^^^^^^^^^^^^
  File "/home/pi/robot/venv/lib/python3.11/site-packages/serial/serialutil.py", line 244, in __init__
    self.open()
  File "/home/pi/robot/venv/lib/python3.11/site-packages/serial/serialposix.py", line 325, in open
    raise SerialException(msg.errno, "could not open port {}: {}".format(self._port, msg))
serial.serialutil.SerialException: [Errno 2] could not open port /dev/serial0: [Errno 2] No such file or directory: '/dev/serial0'
[2026-09-25T18:42:26.545+00:00][P1][INFO][DEBUG_RX][arduino line]{line="HB PANIC 344168"}
[2026-09-25T18:42:27.547+00:00][P1][INFO][DEBUG_RX][arduino line]{line="HB PANIC 345167"}
[2026-09-25T18:42:27.988+00:00][P1][ERROR][GPS_FAIL][gps read failed; retrying] Traceback (most recent call last):
  File "/home/pi/robot/venv/lib/python3.11/site-packages/serial/serialposix.py", line 322, in open
    self.fd = os.open(self.portstr, os.O_RDWR | os.O_NOCTTY | os.O_NONBLOCK)
              ^^^^^^^^^^^^^^^^^^^^^^^^^^^^^^^^^^^^^^^^^^^^^^^^^^^^^^^^^^^^^^
FileNotFoundError: [Errno 2] No such file or directory: '/dev/serial0'

During handling of the above exception, another exception occurred:

Traceback (most recent call last):
  File "/home/pi/robot/pi/p1_control/gps_reader.py", line 83, in _run_serial
    with serial.Serial(
         ^^^^^^^^^^^^^^
  File "/home/pi/robot/venv/lib/python3.11/site-packages/serial/serialutil.py", line 244, in __init__
    self.open()
  File "/home/pi/robot/venv/lib/python3.11/site-packages/serial/serialposix.py", line 325, in open
    raise SerialException(msg.errno, "could not open port {}: {}".format(self._port, msg))
serial.serialutil.SerialException: [Errno 2] could not open port /dev/serial0: [Errno 2] No such file or directory: '/dev/serial0'
[2026-09-25T18:42:28.551+00:00][P1][INFO][DEBUG_RX][arduino line]{line="HB PANIC 346169"}
[2026-09-25T18:42:29.552+00:00][P1][INFO][DEBUG_RX][arduino line]{line="HB PANIC 347168"}
[2026-09-25T18:42:29.993+00:00][P1][ERROR][GPS_FAIL][gps read failed; retrying] Traceback (most recent call last):
  File "/home/pi/robot/venv/lib/python3.11/site-packages/serial/serialposix.py", line 322, in open
    self.fd = os.open(self.portstr, os.O_RDWR | os.O_NOCTTY | os.O_NONBLOCK)
              ^^^^^^^^^^^^^^^^^^^^^^^^^^^^^^^^^^^^^^^^^^^^^^^^^^^^^^^^^^^^^^
FileNotFoundError: [Errno 2] No such file or directory: '/dev/serial0'

During handling of the above exception, another exception occurred:

Traceback (most recent call last):
  File "/home/pi/robot/pi/p1_control/gps_reader.py", line 83, in _run_serial
    with serial.Serial(
         ^^^^^^^^^^^^^^
  File "/home/pi/robot/venv/lib/python3.11/site-packages/serial/serialutil.py", line 244, in __init__
    self.open()
  File "/home/pi/robot/venv/lib/python3.11/site-packages/serial/serialposix.py", line 325, in open
    raise SerialException(msg.errno, "could not open port {}: {}".format(self._port, msg))
serial.serialutil.SerialException: [Errno 2] could not open port /dev/serial0: [Errno 2] No such file or directory: '/dev/serial0'
[2026-09-25T18:42:30.555+00:00][P1][INFO][DEBUG_RX][arduino line]{line="HB PANIC 348169"}
[2026-09-25T18:42:31.556+00:00][P1][INFO][DEBUG_RX][arduino line]{line="HB PANIC 349168"}
[2026-09-25T18:42:31.999+00:00][P1][ERROR][GPS_FAIL][gps read failed; retrying] Traceback (most recent call last):
  File "/home/pi/robot/venv/lib/python3.11/site-packages/serial/serialposix.py", line 322, in open
    self.fd = os.open(self.portstr, os.O_RDWR | os.O_NOCTTY | os.O_NONBLOCK)
              ^^^^^^^^^^^^^^^^^^^^^^^^^^^^^^^^^^^^^^^^^^^^^^^^^^^^^^^^^^^^^^
FileNotFoundError: [Errno 2] No such file or directory: '/dev/serial0'

During handling of the above exception, another exception occurred:

Traceback (most recent call last):
  File "/home/pi/robot/pi/p1_control/gps_reader.py", line 83, in _run_serial
    with serial.Serial(
         ^^^^^^^^^^^^^^
  File "/home/pi/robot/venv/lib/python3.11/site-packages/serial/serialutil.py", line 244, in __init__
    self.open()
  File "/home/pi/robot/venv/lib/python3.11/site-packages/serial/serialposix.py", line 325, in open
    raise SerialException(msg.errno, "could not open port {}: {}".format(self._port, msg))
serial.serialutil.SerialException: [Errno 2] could not open port /dev/serial0: [Errno 2] No such file or directory: '/dev/serial0'
[2026-09-25T18:42:32.561+00:00][P1][INFO][DEBUG_RX][arduino line]{line="HB PANIC 350171"}
[2026-09-25T18:42:33.561+00:00][P1][INFO][DEBUG_RX][arduino line]{line="HB PANIC 351170"}
[2026-09-25T18:42:34.005+00:00][P1][ERROR][GPS_FAIL][gps read failed; retrying] Traceback (most recent call last):
  File "/home/pi/robot/venv/lib/python3.11/site-packages/serial/serialposix.py", line 322, in open
    self.fd = os.open(self.portstr, os.O_RDWR | os.O_NOCTTY | os.O_NONBLOCK)
              ^^^^^^^^^^^^^^^^^^^^^^^^^^^^^^^^^^^^^^^^^^^^^^^^^^^^^^^^^^^^^^
FileNotFoundError: [Errno 2] No such file or directory: '/dev/serial0'

During handling of the above exception, another exception occurred:

Traceback (most recent call last):
  File "/home/pi/robot/pi/p1_control/gps_reader.py", line 83, in _run_serial
    with serial.Serial(
         ^^^^^^^^^^^^^^
  File "/home/pi/robot/venv/lib/python3.11/site-packages/serial/serialutil.py", line 244, in __init__
    self.open()
  File "/home/pi/robot/venv/lib/python3.11/site-packages/serial/serialposix.py", line 325, in open
    raise SerialException(msg.errno, "could not open port {}: {}".format(self._port, msg))
serial.serialutil.SerialException: [Errno 2] could not open port /dev/serial0: [Errno 2] No such file or directory: '/dev/serial0'
[2026-09-25T18:42:34.564+00:00][P1][INFO][DEBUG_RX][arduino line]{line="HB PANIC 352171"}
[2026-09-25T18:42:35.565+00:00][P1][INFO][DEBUG_RX][arduino line]{line="HB PANIC 353170"}
[2026-09-25T18:42:36.011+00:00][P1][ERROR][GPS_FAIL][gps read failed; retrying] Traceback (most recent call last):
  File "/home/pi/robot/venv/lib/python3.11/site-packages/serial/serialposix.py", line 322, in open
    self.fd = os.open(self.portstr, os.O_RDWR | os.O_NOCTTY | os.O_NONBLOCK)
              ^^^^^^^^^^^^^^^^^^^^^^^^^^^^^^^^^^^^^^^^^^^^^^^^^^^^^^^^^^^^^^
FileNotFoundError: [Errno 2] No such file or directory: '/dev/serial0'

During handling of the above exception, another exception occurred:

Traceback (most recent call last):
  File "/home/pi/robot/pi/p1_control/gps_reader.py", line 83, in _run_serial
    with serial.Serial(
         ^^^^^^^^^^^^^^
  File "/home/pi/robot/venv/lib/python3.11/site-packages/serial/serialutil.py", line 244, in __init__
    self.open()
  File "/home/pi/robot/venv/lib/python3.11/site-packages/serial/serialposix.py", line 325, in open
    raise SerialException(msg.errno, "could not open port {}: {}".format(self._port, msg))
serial.serialutil.SerialException: [Errno 2] could not open port /dev/serial0: [Errno 2] No such file or directory: '/dev/serial0'
[2026-09-25T18:42:36.569+00:00][P1][INFO][DEBUG_RX][arduino line]{line="HB PANIC 354172"}
[2026-09-25T18:42:37.570+00:00][P1][INFO][DEBUG_RX][arduino line]{line="HB PANIC 355171"}
[2026-09-25T18:42:38.017+00:00][P1][ERROR][GPS_FAIL][gps read failed; retrying] Traceback (most recent call last):
  File "/home/pi/robot/venv/lib/python3.11/site-packages/serial/serialposix.py", line 322, in open
    self.fd = os.open(self.portstr, os.O_RDWR | os.O_NOCTTY | os.O_NONBLOCK)
              ^^^^^^^^^^^^^^^^^^^^^^^^^^^^^^^^^^^^^^^^^^^^^^^^^^^^^^^^^^^^^^
FileNotFoundError: [Errno 2] No such file or directory: '/dev/serial0'

During handling of the above exception, another exception occurred:

Traceback (most recent call last):
  File "/home/pi/robot/pi/p1_control/gps_reader.py", line 83, in _run_serial
    with serial.Serial(
         ^^^^^^^^^^^^^^
  File "/home/pi/robot/venv/lib/python3.11/site-packages/serial/serialutil.py", line 244, in __init__
    self.open()
  File "/home/pi/robot/venv/lib/python3.11/site-packages/serial/serialposix.py", line 325, in open
    raise SerialException(msg.errno, "could not open port {}: {}".format(self._port, msg))
serial.serialutil.SerialException: [Errno 2] could not open port /dev/serial0: [Errno 2] No such file or directory: '/dev/serial0'
[2026-09-25T18:42:38.575+00:00][P1][INFO][DEBUG_RX][arduino line]{line="HB PANIC 356173"}
[2026-09-25T18:42:39.575+00:00][P1][INFO][DEBUG_RX][arduino line]{line="HB PANIC 357172"}
[2026-09-25T18:42:40.023+00:00][P1][ERROR][GPS_FAIL][gps read failed; retrying] Traceback (most recent call last):
  File "/home/pi/robot/venv/lib/python3.11/site-packages/serial/serialposix.py", line 322, in open
    self.fd = os.open(self.portstr, os.O_RDWR | os.O_NOCTTY | os.O_NONBLOCK)
              ^^^^^^^^^^^^^^^^^^^^^^^^^^^^^^^^^^^^^^^^^^^^^^^^^^^^^^^^^^^^^^
FileNotFoundError: [Errno 2] No such file or directory: '/dev/serial0'

During handling of the above exception, another exception occurred:

Traceback (most recent call last):
  File "/home/pi/robot/pi/p1_control/gps_reader.py", line 83, in _run_serial
    with serial.Serial(
         ^^^^^^^^^^^^^^
  File "/home/pi/robot/venv/lib/python3.11/site-packages/serial/serialutil.py", line 244, in __init__
    self.open()
  File "/home/pi/robot/venv/lib/python3.11/site-packages/serial/serialposix.py", line 325, in open
    raise SerialException(msg.errno, "could not open port {}: {}".format(self._port, msg))
serial.serialutil.SerialException: [Errno 2] could not open port /dev/serial0: [Errno 2] No such file or directory: '/dev/serial0'
[2026-09-25T18:42:40.579+00:00][P1][INFO][DEBUG_RX][arduino line]{line="HB PANIC 358174"}
[2026-09-25T18:42:41.580+00:00][P1][INFO][DEBUG_RX][arduino line]{line="HB PANIC 359173"}
[2026-09-25T18:42:42.029+00:00][P1][ERROR][GPS_FAIL][gps read failed; retrying] Traceback (most recent call last):
  File "/home/pi/robot/venv/lib/python3.11/site-packages/serial/serialposix.py", line 322, in open
    self.fd = os.open(self.portstr, os.O_RDWR | os.O_NOCTTY | os.O_NONBLOCK)
              ^^^^^^^^^^^^^^^^^^^^^^^^^^^^^^^^^^^^^^^^^^^^^^^^^^^^^^^^^^^^^^
FileNotFoundError: [Errno 2] No such file or directory: '/dev/serial0'

During handling of the above exception, another exception occurred:

Traceback (most recent call last):
  File "/home/pi/robot/pi/p1_control/gps_reader.py", line 83, in _run_serial
    with serial.Serial(
         ^^^^^^^^^^^^^^
  File "/home/pi/robot/venv/lib/python3.11/site-packages/serial/serialutil.py", line 244, in __init__
    self.open()
  File "/home/pi/robot/venv/lib/python3.11/site-packages/serial/serialposix.py", line 325, in open
    raise SerialException(msg.errno, "could not open port {}: {}".format(self._port, msg))
serial.serialutil.SerialException: [Errno 2] could not open port /dev/serial0: [Errno 2] No such file or directory: '/dev/serial0'
[2026-09-25T18:42:42.584+00:00][P1][INFO][DEBUG_RX][arduino line]{line="HB PANIC 360175"}
[2026-09-25T18:42:43.584+00:00][P1][INFO][DEBUG_RX][arduino line]{line="HB PANIC 361175"}
[2026-09-25T18:42:44.037+00:00][P1][ERROR][GPS_FAIL][gps read failed; retrying] Traceback (most recent call last):
  File "/home/pi/robot/venv/lib/python3.11/site-packages/serial/serialposix.py", line 322, in open
    self.fd = os.open(self.portstr, os.O_RDWR | os.O_NOCTTY | os.O_NONBLOCK)
              ^^^^^^^^^^^^^^^^^^^^^^^^^^^^^^^^^^^^^^^^^^^^^^^^^^^^^^^^^^^^^^
FileNotFoundError: [Errno 2] No such file or directory: '/dev/serial0'

During handling of the above exception, another exception occurred:

Traceback (most recent call last):
  File "/home/pi/robot/pi/p1_control/gps_reader.py", line 83, in _run_serial
    with serial.Serial(
         ^^^^^^^^^^^^^^
  File "/home/pi/robot/venv/lib/python3.11/site-packages/serial/serialutil.py", line 244, in __init__
    self.open()
  File "/home/pi/robot/venv/lib/python3.11/site-packages/serial/serialposix.py", line 325, in open
    raise SerialException(msg.errno, "could not open port {}: {}".format(self._port, msg))
serial.serialutil.SerialException: [Errno 2] could not open port /dev/serial0: [Errno 2] No such file or directory: '/dev/serial0'
[2026-09-25T18:42:44.588+00:00][P1][INFO][DEBUG_RX][arduino line]{line="HB PANIC 362176"}
[2026-09-25T18:42:45.591+00:00][P1][INFO][DEBUG_RX][arduino line]{line="HB PANIC 363175"}
[2026-09-25T18:42:46.040+00:00][P1][ERROR][GPS_FAIL][gps read failed; retrying] Traceback (most recent call last):
  File "/home/pi/robot/venv/lib/python3.11/site-packages/serial/serialposix.py", line 322, in open
    self.fd = os.open(self.portstr, os.O_RDWR | os.O_NOCTTY | os.O_NONBLOCK)
              ^^^^^^^^^^^^^^^^^^^^^^^^^^^^^^^^^^^^^^^^^^^^^^^^^^^^^^^^^^^^^^
FileNotFoundError: [Errno 2] No such file or directory: '/dev/serial0'

During handling of the above exception, another exception occurred:

Traceback (most recent call last):
  File "/home/pi/robot/pi/p1_control/gps_reader.py", line 83, in _run_serial
    with serial.Serial(
         ^^^^^^^^^^^^^^
  File "/home/pi/robot/venv/lib/python3.11/site-packages/serial/serialutil.py", line 244, in __init__
    self.open()
  File "/home/pi/robot/venv/lib/python3.11/site-packages/serial/serialposix.py", line 325, in open
    raise SerialException(msg.errno, "could not open port {}: {}".format(self._port, msg))
serial.serialutil.SerialException: [Errno 2] could not open port /dev/serial0: [Errno 2] No such file or directory: '/dev/serial0'
[2026-09-25T18:42:46.594+00:00][P1][INFO][DEBUG_RX][arduino line]{line="HB PANIC 364177"}
[2026-09-25T18:42:47.595+00:00][P1][INFO][DEBUG_RX][arduino line]{line="HB PANIC 365176"}
[2026-09-25T18:42:48.044+00:00][P1][ERROR][GPS_FAIL][gps read failed; retrying] Traceback (most recent call last):
  File "/home/pi/robot/venv/lib/python3.11/site-packages/serial/serialposix.py", line 322, in open
    self.fd = os.open(self.portstr, os.O_RDWR | os.O_NOCTTY | os.O_NONBLOCK)
              ^^^^^^^^^^^^^^^^^^^^^^^^^^^^^^^^^^^^^^^^^^^^^^^^^^^^^^^^^^^^^^
FileNotFoundError: [Errno 2] No such file or directory: '/dev/serial0'

During handling of the above exception, another exception occurred:

Traceback (most recent call last):
  File "/home/pi/robot/pi/p1_control/gps_reader.py", line 83, in _run_serial
    with serial.Serial(
         ^^^^^^^^^^^^^^
  File "/home/pi/robot/venv/lib/python3.11/site-packages/serial/serialutil.py", line 244, in __init__
    self.open()
  File "/home/pi/robot/venv/lib/python3.11/site-packages/serial/serialposix.py", line 325, in open
    raise SerialException(msg.errno, "could not open port {}: {}".format(self._port, msg))
serial.serialutil.SerialException: [Errno 2] could not open port /dev/serial0: [Errno 2] No such file or directory: '/dev/serial0'
[2026-09-25T18:42:48.598+00:00][P1][INFO][DEBUG_RX][arduino line]{line="HB PANIC 366178"}
[2026-09-25T18:42:49.599+00:00][P1][INFO][DEBUG_RX][arduino line]{line="HB PANIC 367177"}
[2026-09-25T18:42:50.050+00:00][P1][ERROR][GPS_FAIL][gps read failed; retrying] Traceback (most recent call last):
  File "/home/pi/robot/venv/lib/python3.11/site-packages/serial/serialposix.py", line 322, in open
    self.fd = os.open(self.portstr, os.O_RDWR | os.O_NOCTTY | os.O_NONBLOCK)
              ^^^^^^^^^^^^^^^^^^^^^^^^^^^^^^^^^^^^^^^^^^^^^^^^^^^^^^^^^^^^^^
FileNotFoundError: [Errno 2] No such file or directory: '/dev/serial0'

During handling of the above exception, another exception occurred:

Traceback (most recent call last):
  File "/home/pi/robot/pi/p1_control/gps_reader.py", line 83, in _run_serial
    with serial.Serial(
         ^^^^^^^^^^^^^^
  File "/home/pi/robot/venv/lib/python3.11/site-packages/serial/serialutil.py", line 244, in __init__
    self.open()
  File "/home/pi/robot/venv/lib/python3.11/site-packages/serial/serialposix.py", line 325, in open
    raise SerialException(msg.errno, "could not open port {}: {}".format(self._port, msg))
serial.serialutil.SerialException: [Errno 2] could not open port /dev/serial0: [Errno 2] No such file or directory: '/dev/serial0'
[2026-09-25T18:42:50.603+00:00][P1][INFO][DEBUG_RX][arduino line]{line="HB PANIC 368179"}
[2026-09-25T18:42:51.605+00:00][P1][INFO][DEBUG_RX][arduino line]{line="HB PANIC 369178"}
[2026-09-25T18:42:52.056+00:00][P1][ERROR][GPS_FAIL][gps read failed; retrying] Traceback (most recent call last):
  File "/home/pi/robot/venv/lib/python3.11/site-packages/serial/serialposix.py", line 322, in open
    self.fd = os.open(self.portstr, os.O_RDWR | os.O_NOCTTY | os.O_NONBLOCK)
              ^^^^^^^^^^^^^^^^^^^^^^^^^^^^^^^^^^^^^^^^^^^^^^^^^^^^^^^^^^^^^^
FileNotFoundError: [Errno 2] No such file or directory: '/dev/serial0'

During handling of the above exception, another exception occurred:

Traceback (most recent call last):
  File "/home/pi/robot/pi/p1_control/gps_reader.py", line 83, in _run_serial
    with serial.Serial(
         ^^^^^^^^^^^^^^
  File "/home/pi/robot/venv/lib/python3.11/site-packages/serial/serialutil.py", line 244, in __init__
    self.open()
  File "/home/pi/robot/venv/lib/python3.11/site-packages/serial/serialposix.py", line 325, in open
    raise SerialException(msg.errno, "could not open port {}: {}".format(self._port, msg))
serial.serialutil.SerialException: [Errno 2] could not open port /dev/serial0: [Errno 2] No such file or directory: '/dev/serial0'
[2026-09-25T18:42:52.608+00:00][P1][INFO][DEBUG_RX][arduino line]{line="HB PANIC 370180"}
[2026-09-25T18:42:53.608+00:00][P1][INFO][DEBUG_RX][arduino line]{line="HB PANIC 371179"}
[2026-09-25T18:42:54.061+00:00][P1][ERROR][GPS_FAIL][gps read failed; retrying] Traceback (most recent call last):
  File "/home/pi/robot/venv/lib/python3.11/site-packages/serial/serialposix.py", line 322, in open
    self.fd = os.open(self.portstr, os.O_RDWR | os.O_NOCTTY | os.O_NONBLOCK)
              ^^^^^^^^^^^^^^^^^^^^^^^^^^^^^^^^^^^^^^^^^^^^^^^^^^^^^^^^^^^^^^
FileNotFoundError: [Errno 2] No such file or directory: '/dev/serial0'

During handling of the above exception, another exception occurred:

Traceback (most recent call last):
  File "/home/pi/robot/pi/p1_control/gps_reader.py", line 83, in _run_serial
    with serial.Serial(
         ^^^^^^^^^^^^^^
  File "/home/pi/robot/venv/lib/python3.11/site-packages/serial/serialutil.py", line 244, in __init__
    self.open()
  File "/home/pi/robot/venv/lib/python3.11/site-packages/serial/serialposix.py", line 325, in open
    raise SerialException(msg.errno, "could not open port {}: {}".format(self._port, msg))
serial.serialutil.SerialException: [Errno 2] could not open port /dev/serial0: [Errno 2] No such file or directory: '/dev/serial0'
[2026-09-25T18:42:54.611+00:00][P1][INFO][DEBUG_RX][arduino line]{line="HB PANIC 372180"}
[2026-09-25T18:42:55.612+00:00][P1][INFO][DEBUG_RX][arduino line]{line="HB PANIC 373179"}
[2026-09-25T18:42:56.065+00:00][P1][ERROR][GPS_FAIL][gps read failed; retrying] Traceback (most recent call last):
  File "/home/pi/robot/venv/lib/python3.11/site-packages/serial/serialposix.py", line 322, in open
    self.fd = os.open(self.portstr, os.O_RDWR | os.O_NOCTTY | os.O_NONBLOCK)
              ^^^^^^^^^^^^^^^^^^^^^^^^^^^^^^^^^^^^^^^^^^^^^^^^^^^^^^^^^^^^^^
FileNotFoundError: [Errno 2] No such file or directory: '/dev/serial0'

During handling of the above exception, another exception occurred:

Traceback (most recent call last):
  File "/home/pi/robot/pi/p1_control/gps_reader.py", line 83, in _run_serial
    with serial.Serial(
         ^^^^^^^^^^^^^^
  File "/home/pi/robot/venv/lib/python3.11/site-packages/serial/serialutil.py", line 244, in __init__
    self.open()
  File "/home/pi/robot/venv/lib/python3.11/site-packages/serial/serialposix.py", line 325, in open
    raise SerialException(msg.errno, "could not open port {}: {}".format(self._port, msg))
serial.serialutil.SerialException: [Errno 2] could not open port /dev/serial0: [Errno 2] No such file or directory: '/dev/serial0'
[2026-09-25T18:42:56.618+00:00][P1][INFO][DEBUG_RX][arduino line]{line="HB PANIC 374181"}
[2026-09-25T18:42:57.618+00:00][P1][INFO][DEBUG_RX][arduino line]{line="HB PANIC 375180"}
[2026-09-25T18:42:58.070+00:00][P1][ERROR][GPS_FAIL][gps read failed; retrying] Traceback (most recent call last):
  File "/home/pi/robot/venv/lib/python3.11/site-packages/serial/serialposix.py", line 322, in open
    self.fd = os.open(self.portstr, os.O_RDWR | os.O_NOCTTY | os.O_NONBLOCK)
              ^^^^^^^^^^^^^^^^^^^^^^^^^^^^^^^^^^^^^^^^^^^^^^^^^^^^^^^^^^^^^^
FileNotFoundError: [Errno 2] No such file or directory: '/dev/serial0'

During handling of the above exception, another exception occurred:

Traceback (most recent call last):
  File "/home/pi/robot/pi/p1_control/gps_reader.py", line 83, in _run_serial
    with serial.Serial(
         ^^^^^^^^^^^^^^
  File "/home/pi/robot/venv/lib/python3.11/site-packages/serial/serialutil.py", line 244, in __init__
    self.open()
  File "/home/pi/robot/venv/lib/python3.11/site-packages/serial/serialposix.py", line 325, in open
    raise SerialException(msg.errno, "could not open port {}: {}".format(self._port, msg))
serial.serialutil.SerialException: [Errno 2] could not open port /dev/serial0: [Errno 2] No such file or directory: '/dev/serial0'
[2026-09-25T18:42:58.622+00:00][P1][INFO][DEBUG_RX][arduino line]{line="HB PANIC 376183"}
[2026-09-25T18:42:59.624+00:00][P1][INFO][DEBUG_RX][arduino line]{line="HB PANIC 377182"}
[2026-09-25T18:43:00.075+00:00][P1][ERROR][GPS_FAIL][gps read failed; retrying] Traceback (most recent call last):
  File "/home/pi/robot/venv/lib/python3.11/site-packages/serial/serialposix.py", line 322, in open
    self.fd = os.open(self.portstr, os.O_RDWR | os.O_NOCTTY | os.O_NONBLOCK)
              ^^^^^^^^^^^^^^^^^^^^^^^^^^^^^^^^^^^^^^^^^^^^^^^^^^^^^^^^^^^^^^
FileNotFoundError: [Errno 2] No such file or directory: '/dev/serial0'

During handling of the above exception, another exception occurred:

Traceback (most recent call last):
  File "/home/pi/robot/pi/p1_control/gps_reader.py", line 83, in _run_serial
    with serial.Serial(
         ^^^^^^^^^^^^^^
  File "/home/pi/robot/venv/lib/python3.11/site-packages/serial/serialutil.py", line 244, in __init__
    self.open()
  File "/home/pi/robot/venv/lib/python3.11/site-packages/serial/serialposix.py", line 325, in open
    raise SerialException(msg.errno, "could not open port {}: {}".format(self._port, msg))
serial.serialutil.SerialException: [Errno 2] could not open port /dev/serial0: [Errno 2] No such file or directory: '/dev/serial0'
[2026-09-25T18:43:00.628+00:00][P1][INFO][DEBUG_RX][arduino line]{line="HB PANIC 378183"}
[2026-09-25T18:43:01.628+00:00][P1][INFO][DEBUG_RX][arduino line]{line="HB PANIC 379182"}
[2026-09-25T18:43:02.081+00:00][P1][ERROR][GPS_FAIL][gps read failed; retrying] Traceback (most recent call last):
  File "/home/pi/robot/venv/lib/python3.11/site-packages/serial/serialposix.py", line 322, in open
    self.fd = os.open(self.portstr, os.O_RDWR | os.O_NOCTTY | os.O_NONBLOCK)
              ^^^^^^^^^^^^^^^^^^^^^^^^^^^^^^^^^^^^^^^^^^^^^^^^^^^^^^^^^^^^^^
FileNotFoundError: [Errno 2] No such file or directory: '/dev/serial0'

During handling of the above exception, another exception occurred:

Traceback (most recent call last):
  File "/home/pi/robot/pi/p1_control/gps_reader.py", line 83, in _run_serial
    with serial.Serial(
         ^^^^^^^^^^^^^^
  File "/home/pi/robot/venv/lib/python3.11/site-packages/serial/serialutil.py", line 244, in __init__
    self.open()
  File "/home/pi/robot/venv/lib/python3.11/site-packages/serial/serialposix.py", line 325, in open
    raise SerialException(msg.errno, "could not open port {}: {}".format(self._port, msg))
serial.serialutil.SerialException: [Errno 2] could not open port /dev/serial0: [Errno 2] No such file or directory: '/dev/serial0'
[2026-09-25T18:43:02.632+00:00][P1][INFO][DEBUG_RX][arduino line]{line="HB PANIC 380184"}
[2026-09-25T18:43:03.633+00:00][P1][INFO][DEBUG_RX][arduino line]{line="HB PANIC 381184"}
[2026-09-25T18:43:04.087+00:00][P1][ERROR][GPS_FAIL][gps read failed; retrying] Traceback (most recent call last):
  File "/home/pi/robot/venv/lib/python3.11/site-packages/serial/serialposix.py", line 322, in open
    self.fd = os.open(self.portstr, os.O_RDWR | os.O_NOCTTY | os.O_NONBLOCK)
              ^^^^^^^^^^^^^^^^^^^^^^^^^^^^^^^^^^^^^^^^^^^^^^^^^^^^^^^^^^^^^^
FileNotFoundError: [Errno 2] No such file or directory: '/dev/serial0'

During handling of the above exception, another exception occurred:

Traceback (most recent call last):
  File "/home/pi/robot/pi/p1_control/gps_reader.py", line 83, in _run_serial
    with serial.Serial(
         ^^^^^^^^^^^^^^
  File "/home/pi/robot/venv/lib/python3.11/site-packages/serial/serialutil.py", line 244, in __init__
    self.open()
  File "/home/pi/robot/venv/lib/python3.11/site-packages/serial/serialposix.py", line 325, in open
    raise SerialException(msg.errno, "could not open port {}: {}".format(self._port, msg))
serial.serialutil.SerialException: [Errno 2] could not open port /dev/serial0: [Errno 2] No such file or directory: '/dev/serial0'
[2026-09-25T18:43:04.637+00:00][P1][INFO][DEBUG_RX][arduino line]{line="HB PANIC 382185"}
[2026-09-25T18:43:05.638+00:00][P1][INFO][DEBUG_RX][arduino line]{line="HB PANIC 383184"}
[2026-09-25T18:43:06.093+00:00][P1][ERROR][GPS_FAIL][gps read failed; retrying] Traceback (most recent call last):
  File "/home/pi/robot/venv/lib/python3.11/site-packages/serial/serialposix.py", line 322, in open
    self.fd = os.open(self.portstr, os.O_RDWR | os.O_NOCTTY | os.O_NONBLOCK)
              ^^^^^^^^^^^^^^^^^^^^^^^^^^^^^^^^^^^^^^^^^^^^^^^^^^^^^^^^^^^^^^
FileNotFoundError: [Errno 2] No such file or directory: '/dev/serial0'

During handling of the above exception, another exception occurred:

Traceback (most recent call last):
  File "/home/pi/robot/pi/p1_control/gps_reader.py", line 83, in _run_serial
    with serial.Serial(
         ^^^^^^^^^^^^^^
  File "/home/pi/robot/venv/lib/python3.11/site-packages/serial/serialutil.py", line 244, in __init__
    self.open()
  File "/home/pi/robot/venv/lib/python3.11/site-packages/serial/serialposix.py", line 325, in open
    raise SerialException(msg.errno, "could not open port {}: {}".format(self._port, msg))
serial.serialutil.SerialException: [Errno 2] could not open port /dev/serial0: [Errno 2] No such file or directory: '/dev/serial0'
[2026-09-25T18:43:06.641+00:00][P1][INFO][DEBUG_RX][arduino line]{line="HB PANIC 384186"}
[2026-09-25T18:43:07.642+00:00][P1][INFO][DEBUG_RX][arduino line]{line="HB PANIC 385185"}
[2026-09-25T18:43:08.097+00:00][P1][ERROR][GPS_FAIL][gps read failed; retrying] Traceback (most recent call last):
  File "/home/pi/robot/venv/lib/python3.11/site-packages/serial/serialposix.py", line 322, in open
    self.fd = os.open(self.portstr, os.O_RDWR | os.O_NOCTTY | os.O_NONBLOCK)
              ^^^^^^^^^^^^^^^^^^^^^^^^^^^^^^^^^^^^^^^^^^^^^^^^^^^^^^^^^^^^^^
FileNotFoundError: [Errno 2] No such file or directory: '/dev/serial0'

During handling of the above exception, another exception occurred:

Traceback (most recent call last):
  File "/home/pi/robot/pi/p1_control/gps_reader.py", line 83, in _run_serial
    with serial.Serial(
         ^^^^^^^^^^^^^^
  File "/home/pi/robot/venv/lib/python3.11/site-packages/serial/serialutil.py", line 244, in __init__
    self.open()
  File "/home/pi/robot/venv/lib/python3.11/site-packages/serial/serialposix.py", line 325, in open
    raise SerialException(msg.errno, "could not open port {}: {}".format(self._port, msg))
serial.serialutil.SerialException: [Errno 2] could not open port /dev/serial0: [Errno 2] No such file or directory: '/dev/serial0'
[2026-09-25T18:43:08.646+00:00][P1][INFO][DEBUG_RX][arduino line]{line="HB PANIC 386187"}
[2026-09-25T18:43:09.648+00:00][P1][INFO][DEBUG_RX][arduino line]{line="HB PANIC 387186"}
[2026-09-25T18:43:10.102+00:00][P1][ERROR][GPS_FAIL][gps read failed; retrying] Traceback (most recent call last):
  File "/home/pi/robot/venv/lib/python3.11/site-packages/serial/serialposix.py", line 322, in open
    self.fd = os.open(self.portstr, os.O_RDWR | os.O_NOCTTY | os.O_NONBLOCK)
              ^^^^^^^^^^^^^^^^^^^^^^^^^^^^^^^^^^^^^^^^^^^^^^^^^^^^^^^^^^^^^^
FileNotFoundError: [Errno 2] No such file or directory: '/dev/serial0'

During handling of the above exception, another exception occurred:

Traceback (most recent call last):
  File "/home/pi/robot/pi/p1_control/gps_reader.py", line 83, in _run_serial
    with serial.Serial(
         ^^^^^^^^^^^^^^
  File "/home/pi/robot/venv/lib/python3.11/site-packages/serial/serialutil.py", line 244, in __init__
    self.open()
  File "/home/pi/robot/venv/lib/python3.11/site-packages/serial/serialposix.py", line 325, in open
    raise SerialException(msg.errno, "could not open port {}: {}".format(self._port, msg))
serial.serialutil.SerialException: [Errno 2] could not open port /dev/serial0: [Errno 2] No such file or directory: '/dev/serial0'
[2026-09-25T18:43:10.651+00:00][P1][INFO][DEBUG_RX][arduino line]{line="HB PANIC 388188"}
[2026-09-25T18:43:11.652+00:00][P1][INFO][DEBUG_RX][arduino line]{line="HB PANIC 389187"}
[2026-09-25T18:43:12.107+00:00][P1][ERROR][GPS_FAIL][gps read failed; retrying] Traceback (most recent call last):
  File "/home/pi/robot/venv/lib/python3.11/site-packages/serial/serialposix.py", line 322, in open
    self.fd = os.open(self.portstr, os.O_RDWR | os.O_NOCTTY | os.O_NONBLOCK)
              ^^^^^^^^^^^^^^^^^^^^^^^^^^^^^^^^^^^^^^^^^^^^^^^^^^^^^^^^^^^^^^
FileNotFoundError: [Errno 2] No such file or directory: '/dev/serial0'

During handling of the above exception, another exception occurred:

Traceback (most recent call last):
  File "/home/pi/robot/pi/p1_control/gps_reader.py", line 83, in _run_serial
    with serial.Serial(
         ^^^^^^^^^^^^^^
  File "/home/pi/robot/venv/lib/python3.11/site-packages/serial/serialutil.py", line 244, in __init__
    self.open()
  File "/home/pi/robot/venv/lib/python3.11/site-packages/serial/serialposix.py", line 325, in open
    raise SerialException(msg.errno, "could not open port {}: {}".format(self._port, msg))
serial.serialutil.SerialException: [Errno 2] could not open port /dev/serial0: [Errno 2] No such file or directory: '/dev/serial0'
[2026-09-25T18:43:12.657+00:00][P1][INFO][DEBUG_RX][arduino line]{line="HB PANIC 390189"}
[2026-09-25T18:43:13.658+00:00][P1][INFO][DEBUG_RX][arduino line]{line="HB PANIC 391188"}
[2026-09-25T18:43:14.113+00:00][P1][ERROR][GPS_FAIL][gps read failed; retrying] Traceback (most recent call last):
  File "/home/pi/robot/venv/lib/python3.11/site-packages/serial/serialposix.py", line 322, in open
    self.fd = os.open(self.portstr, os.O_RDWR | os.O_NOCTTY | os.O_NONBLOCK)
              ^^^^^^^^^^^^^^^^^^^^^^^^^^^^^^^^^^^^^^^^^^^^^^^^^^^^^^^^^^^^^^
FileNotFoundError: [Errno 2] No such file or directory: '/dev/serial0'

During handling of the above exception, another exception occurred:

Traceback (most recent call last):
  File "/home/pi/robot/pi/p1_control/gps_reader.py", line 83, in _run_serial
    with serial.Serial(
         ^^^^^^^^^^^^^^
  File "/home/pi/robot/venv/lib/python3.11/site-packages/serial/serialutil.py", line 244, in __init__
    self.open()
  File "/home/pi/robot/venv/lib/python3.11/site-packages/serial/serialposix.py", line 325, in open
    raise SerialException(msg.errno, "could not open port {}: {}".format(self._port, msg))
serial.serialutil.SerialException: [Errno 2] could not open port /dev/serial0: [Errno 2] No such file or directory: '/dev/serial0'
[2026-09-25T18:43:14.661+00:00][P1][INFO][DEBUG_RX][arduino line]{line="HB PANIC 392189"}
[2026-09-25T18:43:15.661+00:00][P1][INFO][DEBUG_RX][arduino line]{line="HB PANIC 393188"}
[2026-09-25T18:43:16.119+00:00][P1][ERROR][GPS_FAIL][gps read failed; retrying] Traceback (most recent call last):
  File "/home/pi/robot/venv/lib/python3.11/site-packages/serial/serialposix.py", line 322, in open
    self.fd = os.open(self.portstr, os.O_RDWR | os.O_NOCTTY | os.O_NONBLOCK)
              ^^^^^^^^^^^^^^^^^^^^^^^^^^^^^^^^^^^^^^^^^^^^^^^^^^^^^^^^^^^^^^
FileNotFoundError: [Errno 2] No such file or directory: '/dev/serial0'

During handling of the above exception, another exception occurred:

Traceback (most recent call last):
  File "/home/pi/robot/pi/p1_control/gps_reader.py", line 83, in _run_serial
    with serial.Serial(
         ^^^^^^^^^^^^^^
  File "/home/pi/robot/venv/lib/python3.11/site-packages/serial/serialutil.py", line 244, in __init__
    self.open()
  File "/home/pi/robot/venv/lib/python3.11/site-packages/serial/serialposix.py", line 325, in open
    raise SerialException(msg.errno, "could not open port {}: {}".format(self._port, msg))
serial.serialutil.SerialException: [Errno 2] could not open port /dev/serial0: [Errno 2] No such file or directory: '/dev/serial0'
[2026-09-25T18:43:16.666+00:00][P1][INFO][DEBUG_RX][arduino line]{line="HB PANIC 394191"}
                                                                                                                                                                                                                                                                                                                                                                                                                                                                                                                                                                                                                                                                                                                                                                                                                                                                                                                                                                                                                                                                                                                                                                                                                                                                                                                                                                                                                                                                                                                                                                                                                                                                                                                                                                                                                                                                                                                                                                                                                                                                                                                                                                                                                                                                                                                                                                                                                                                                                                                                                                                                                                                                                                                                                                                                                                                                                                                                                                                                                                                 [2026-09-25T18:51:08.761+00:00][P1][INFO][MOCK_HARDWARE][using emulated arduino]
[2026-09-25T18:51:08.762+00:00][P1][INFO][SERIAL_OPEN][serial port opened]{port=mock}
[2026-09-25T18:51:11.369+00:00][P1][INFO][HANDSHAKE_OK][arduino ready]
[2026-09-25T18:51:11.371+00:00][P1][INFO][SESSION_OPEN][control server ready]{session=f66d3349-864a-491e-968f-b90305e9cc2f mock=True}
[2026-09-25T18:53:45.294+00:00][P1][INFO][WS_CONNECT][client connected]{client=c1 total=1}
[2026-09-25T18:53:45.705+00:00][P1][INFO][DEBUG_TX][sending to arduino]{wire=H}
[2026-09-25T18:53:46.161+00:00][P1][INFO][DEBUG_TX][sending to arduino]{wire=H}
[2026-09-25T18:53:46.663+00:00][P1][INFO][DEBUG_TX][sending to arduino]{wire=H}
[2026-09-25T18:53:47.096+00:00][P1][INFO][DEBUG_TX][sending to arduino]{wire=H}
[2026-09-25T18:53:47.618+00:00][P1][INFO][DEBUG_TX][sending to arduino]{wire=H}
[2026-09-25T18:53:48.114+00:00][P1][INFO][DEBUG_TX][sending to arduino]{wire=H}
[2026-09-25T18:53:48.401+00:00][P1][INFO][DEBUG_TX][sending to arduino]{wire=F120}
[2026-09-25T18:53:48.632+00:00][P1][INFO][DEBUG_TX][sending to arduino]{wire=H}
[2026-09-25T18:53:49.110+00:00][P1][INFO][DEBUG_TX][sending to arduino]{wire=H}
[2026-09-25T18:53:49.634+00:00][P1][INFO][DEBUG_TX][sending to arduino]{wire=H}
[2026-09-25T18:53:50.094+00:00][P1][INFO][DEBUG_TX][sending to arduino]{wire=H}
[2026-09-25T18:53:50.650+00:00][P1][INFO][DEBUG_TX][sending to arduino]{wire=H}
[2026-09-25T18:53:51.093+00:00][P1][INFO][DEBUG_TX][sending to arduino]{wire=H}
[2026-09-25T18:53:51.613+00:00][P1][INFO][DEBUG_TX][sending to arduino]{wire=H}
[2026-09-25T18:53:52.109+00:00][P1][INFO][DEBUG_TX][sending to arduino]{wire=H}
[2026-09-25T18:53:52.627+00:00][P1][INFO][DEBUG_TX][sending to arduino]{wire=H}
[2026-09-25T18:53:53.094+00:00][P1][INFO][DEBUG_TX][sending to arduino]{wire=H}
[2026-09-25T18:53:53.610+00:00][P1][INFO][DEBUG_TX][sending to arduino]{wire=H}
[2026-09-25T18:53:54.093+00:00][P1][INFO][DEBUG_TX][sending to arduino]{wire=H}
[2026-09-25T18:53:54.625+00:00][P1][INFO][DEBUG_TX][sending to arduino]{wire=H}
[2026-09-25T18:53:54.653+00:00][P1][INFO][DEBUG_TX][sending to arduino]{wire=S}
[2026-09-25T18:53:55.095+00:00][P1][INFO][DEBUG_TX][sending to arduino]{wire=H}
[2026-09-25T18:53:55.626+00:00][P1][INFO][DEBUG_TX][sending to arduino]{wire=H}
[2026-09-25T18:53:56.093+00:00][P1][INFO][DEBUG_TX][sending to arduino]{wire=H}
[2026-09-25T18:53:56.624+00:00][P1][INFO][DEBUG_TX][sending to arduino]{wire=H}
[2026-09-25T18:53:57.093+00:00][P1][INFO][DEBUG_TX][sending to arduino]{wire=H}
[2026-09-25T18:53:57.355+00:00][P1][INFO][DEBUG_TX][sending to arduino]{wire=S}
[2026-09-25T18:53:57.501+00:00][P1][INFO][DEBUG_TX][sending to arduino]{wire=F120}
[2026-09-25T18:53:57.575+00:00][P1][INFO][DEBUG_TX][sending to arduino]{wire=S}
[2026-09-25T18:53:57.633+00:00][P1][INFO][DEBUG_TX][sending to arduino]{wire=H}
[2026-09-25T18:53:57.696+00:00][P1][INFO][DEBUG_TX][sending to arduino]{wire=F120}
[2026-09-25T18:53:57.943+00:00][P1][INFO][DEBUG_TX][sending to arduino]{wire=S}
[2026-09-25T18:53:58.030+00:00][P1][INFO][DEBUG_TX][sending to arduino]{wire=F120}
[2026-09-25T18:53:58.180+00:00][P1][INFO][DEBUG_TX][sending to arduino]{wire=H}
[2026-09-25T18:53:58.646+00:00][P1][INFO][DEBUG_TX][sending to arduino]{wire=H}
[2026-09-25T18:53:59.095+00:00][P1][INFO][DEBUG_TX][sending to arduino]{wire=H}
[2026-09-25T18:53:59.625+00:00][P1][INFO][DEBUG_TX][sending to arduino]{wire=H}
[2026-09-25T18:54:00.092+00:00][P1][INFO][DEBUG_TX][sending to arduino]{wire=H}
[2026-09-25T18:54:00.596+00:00][P1][INFO][DEBUG_TX][sending to arduino]{wire=H}
[2026-09-25T18:54:00.936+00:00][P1][INFO][DEBUG_TX][sending to arduino]{wire=S}
[2026-09-25T18:54:01.092+00:00][P1][INFO][DEBUG_TX][sending to arduino]{wire=H}
[2026-09-25T18:54:01.220+00:00][P1][INFO][DEBUG_TX][sending to arduino]{wire=F120}
[2026-09-25T18:54:01.258+00:00][P1][INFO][DEBUG_TX][sending to arduino]{wire=S}
[2026-09-25T18:54:01.280+00:00][P1][INFO][DEBUG_TX][sending to arduino]{wire=F120}
[2026-09-25T18:54:01.412+00:00][P1][INFO][DEBUG_TX][sending to arduino]{wire=S}
[2026-09-25T18:54:01.616+00:00][P1][INFO][DEBUG_TX][sending to arduino]{wire=S}
[2026-09-25T18:54:01.646+00:00][P1][INFO][DEBUG_TX][sending to arduino]{wire=H}
[2026-09-25T18:54:01.833+00:00][P1][INFO][DEBUG_TX][sending to arduino]{wire=S}
[2026-09-25T18:54:01.897+00:00][P1][INFO][DEBUG_TX][sending to arduino]{wire=F120}
[2026-09-25T18:54:02.019+00:00][P1][INFO][DEBUG_TX][sending to arduino]{wire=S}
[2026-09-25T18:54:02.098+00:00][P1][INFO][DEBUG_TX][sending to arduino]{wire=H}
[2026-09-25T18:54:02.267+00:00][P1][INFO][DEBUG_TX][sending to arduino]{wire=S}
[2026-09-25T18:54:02.642+00:00][P1][INFO][DEBUG_TX][sending to arduino]{wire=H}
[2026-09-25T18:54:02.677+00:00][P1][INFO][DEBUG_TX][sending to arduino]{wire=F120}
[2026-09-25T18:54:02.789+00:00][P1][INFO][DEBUG_TX][sending to arduino]{wire=S}
[2026-09-25T18:54:02.928+00:00][P1][INFO][DEBUG_TX][sending to arduino]{wire=F120}
[2026-09-25T18:54:03.055+00:00][P1][INFO][DEBUG_TX][sending to arduino]{wire=S}
[2026-09-25T18:54:03.093+00:00][P1][INFO][DEBUG_TX][sending to arduino]{wire=H}
[2026-09-25T18:54:03.632+00:00][P1][INFO][DEBUG_TX][sending to arduino]{wire=H}
[2026-09-25T18:54:04.094+00:00][P1][INFO][DEBUG_TX][sending to arduino]{wire=H}
[2026-09-25T18:54:04.656+00:00][P1][INFO][DEBUG_TX][sending to arduino]{wire=H}
[2026-09-25T18:54:05.102+00:00][P1][INFO][DEBUG_TX][sending to arduino]{wire=H}
[2026-09-25T18:54:05.653+00:00][P1][INFO][DEBUG_TX][sending to arduino]{wire=H}
[2026-09-25T18:54:06.094+00:00][P1][INFO][DEBUG_TX][sending to arduino]{wire=H}
[2026-09-25T18:54:06.626+00:00][P1][INFO][DEBUG_TX][sending to arduino]{wire=H}
[2026-09-25T18:54:07.096+00:00][P1][INFO][DEBUG_TX][sending to arduino]{wire=H}
[2026-09-25T18:54:07.624+00:00][P1][INFO][DEBUG_TX][sending to arduino]{wire=H}
[2026-09-25T18:54:08.094+00:00][P1][INFO][DEBUG_TX][sending to arduino]{wire=H}
[2026-09-25T18:54:08.623+00:00][P1][INFO][DEBUG_TX][sending to arduino]{wire=H}
[2026-09-25T18:54:09.096+00:00][P1][INFO][DEBUG_TX][sending to arduino]{wire=H}
[2026-09-25T18:54:09.610+00:00][P1][INFO][DEBUG_TX][sending to arduino]{wire=H}
[2026-09-25T18:54:10.096+00:00][P1][INFO][DEBUG_TX][sending to arduino]{wire=H}
[2026-09-25T18:54:10.410+00:00][P1][INFO][DEBUG_TX][sending to arduino]{wire=F120}
[2026-09-25T18:54:10.509+00:00][P1][INFO][DEBUG_TX][sending to arduino]{wire=S}
[2026-09-25T18:54:10.599+00:00][P1][INFO][DEBUG_TX][sending to arduino]{wire=H}
[2026-09-25T18:54:10.737+00:00][P1][INFO][DEBUG_TX][sending to arduino]{wire=F120}
[2026-09-25T18:54:11.092+00:00][P1][INFO][DEBUG_TX][sending to arduino]{wire=H}
[2026-09-25T18:54:11.304+00:00][P1][INFO][DEBUG_TX][sending to arduino]{wire=S}
[2026-09-25T18:54:11.426+00:00][P1][INFO][DEBUG_TX][sending to arduino]{wire=F120}
[2026-09-25T18:54:11.515+00:00][P1][INFO][DEBUG_TX][sending to arduino]{wire=S}
[2026-09-25T18:54:11.625+00:00][P1][INFO][DEBUG_TX][sending to arduino]{wire=H}
[2026-09-25T18:54:11.726+00:00][P1][INFO][DEBUG_TX][sending to arduino]{wire=F120}
[2026-09-25T18:54:11.754+00:00][P1][INFO][DEBUG_TX][sending to arduino]{wire=S}
[2026-09-25T18:54:11.917+00:00][P1][INFO][DEBUG_TX][sending to arduino]{wire=F120}
[2026-09-25T18:54:12.011+00:00][P1][INFO][DEBUG_TX][sending to arduino]{wire=S}
[2026-09-25T18:54:12.094+00:00][P1][INFO][DEBUG_TX][sending to arduino]{wire=H}
[2026-09-25T18:54:12.126+00:00][P1][INFO][DEBUG_TX][sending to arduino]{wire=F120}
[2026-09-25T18:54:12.650+00:00][P1][INFO][DEBUG_TX][sending to arduino]{wire=H}
[2026-09-25T18:54:13.022+00:00][P1][INFO][DEBUG_TX][sending to arduino]{wire=S}
[2026-09-25T18:54:13.094+00:00][P1][INFO][DEBUG_TX][sending to arduino]{wire=H}
[2026-09-25T18:54:13.480+00:00][P1][INFO][DEBUG_TX][sending to arduino]{wire=F120}
[2026-09-25T18:54:13.642+00:00][P1][INFO][DEBUG_TX][sending to arduino]{wire=H}
[2026-09-25T18:54:13.674+00:00][P1][INFO][DEBUG_TX][sending to arduino]{wire=S}
[2026-09-25T18:54:13.925+00:00][P1][INFO][DEBUG_TX][sending to arduino]{wire=S}
[2026-09-25T18:54:14.094+00:00][P1][INFO][DEBUG_TX][sending to arduino]{wire=H}
[2026-09-25T18:54:14.597+00:00][P1][INFO][DEBUG_TX][sending to arduino]{wire=H}
[2026-09-25T18:54:15.113+00:00][P1][INFO][DEBUG_TX][sending to arduino]{wire=H}
[2026-09-25T18:54:15.645+00:00][P1][INFO][DEBUG_TX][sending to arduino]{wire=H}
[2026-09-25T18:54:16.095+00:00][P1][INFO][DEBUG_TX][sending to arduino]{wire=H}
[2026-09-25T18:54:16.634+00:00][P1][INFO][DEBUG_TX][sending to arduino]{wire=H}
[2026-09-25T18:54:17.093+00:00][P1][INFO][DEBUG_TX][sending to arduino]{wire=H}
[2026-09-25T18:54:17.626+00:00][P1][INFO][DEBUG_TX][sending to arduino]{wire=H}
[2026-09-25T18:54:18.093+00:00][P1][INFO][DEBUG_TX][sending to arduino]{wire=H}
[2026-09-25T18:54:18.625+00:00][P1][INFO][DEBUG_TX][sending to arduino]{wire=H}
[2026-09-25T18:54:19.094+00:00][P1][INFO][DEBUG_TX][sending to arduino]{wire=H}
[2026-09-25T18:54:19.625+00:00][P1][INFO][DEBUG_TX][sending to arduino]{wire=H}
[2026-09-25T18:54:20.092+00:00][P1][INFO][DEBUG_TX][sending to arduino]{wire=H}
[2026-09-25T18:54:20.625+00:00][P1][INFO][DEBUG_TX][sending to arduino]{wire=H}
[2026-09-25T18:54:21.095+00:00][P1][INFO][DEBUG_TX][sending to arduino]{wire=H}
[2026-09-25T18:54:21.618+00:00][P1][INFO][DEBUG_TX][sending to arduino]{wire=H}
[2026-09-25T18:54:22.095+00:00][P1][INFO][DEBUG_TX][sending to arduino]{wire=H}
[2026-09-25T18:54:22.617+00:00][P1][INFO][DEBUG_TX][sending to arduino]{wire=H}
[2026-09-25T18:54:23.094+00:00][P1][INFO][DEBUG_TX][sending to arduino]{wire=H}
[2026-09-25T18:54:23.611+00:00][P1][INFO][DEBUG_TX][sending to arduino]{wire=H}
[2026-09-25T18:54:24.099+00:00][P1][INFO][DEBUG_TX][sending to arduino]{wire=H}
[2026-09-25T18:54:24.633+00:00][P1][INFO][DEBUG_TX][sending to arduino]{wire=H}
[2026-09-25T18:54:25.094+00:00][P1][INFO][DEBUG_TX][sending to arduino]{wire=H}
[2026-09-25T18:54:25.617+00:00][P1][INFO][DEBUG_TX][sending to arduino]{wire=H}
[2026-09-25T18:54:26.095+00:00][P1][INFO][DEBUG_TX][sending to arduino]{wire=H}
[2026-09-25T18:54:26.611+00:00][P1][INFO][DEBUG_TX][sending to arduino]{wire=H}
[2026-09-25T18:54:27.093+00:00][P1][INFO][DEBUG_TX][sending to arduino]{wire=H}
[2026-09-25T18:54:27.614+00:00][P1][INFO][DEBUG_TX][sending to arduino]{wire=H}
[2026-09-25T18:54:28.096+00:00][P1][INFO][DEBUG_TX][sending to arduino]{wire=H}
[2026-09-25T18:54:28.650+00:00][P1][INFO][DEBUG_TX][sending to arduino]{wire=H}
[2026-09-25T18:54:29.094+00:00][P1][INFO][DEBUG_TX][sending to arduino]{wire=H}
[2026-09-25T18:54:29.633+00:00][P1][INFO][DEBUG_TX][sending to arduino]{wire=H}
[2026-09-25T18:54:30.094+00:00][P1][INFO][DEBUG_TX][sending to arduino]{wire=H}
[2026-09-25T18:54:30.617+00:00][P1][INFO][DEBUG_TX][sending to arduino]{wire=H}
[2026-09-25T18:54:31.094+00:00][P1][INFO][DEBUG_TX][sending to arduino]{wire=H}
[2026-09-25T18:54:31.632+00:00][P1][INFO][DEBUG_TX][sending to arduino]{wire=H}
[2026-09-25T18:54:32.093+00:00][P1][INFO][DEBUG_TX][sending to arduino]{wire=H}
[2026-09-25T18:54:32.651+00:00][P1][INFO][DEBUG_TX][sending to arduino]{wire=H}
[2026-09-25T18:54:33.130+00:00][P1][INFO][DEBUG_TX][sending to arduino]{wire=H}
[2026-09-25T18:54:33.629+00:00][P1][INFO][DEBUG_TX][sending to arduino]{wire=H}
[2026-09-25T18:54:34.093+00:00][P1][INFO][DEBUG_TX][sending to arduino]{wire=H}
[2026-09-25T18:54:34.617+00:00][P1][INFO][DEBUG_TX][sending to arduino]{wire=H}
[2026-09-25T18:54:35.094+00:00][P1][INFO][DEBUG_TX][sending to arduino]{wire=H}
[2026-09-25T18:54:35.616+00:00][P1][INFO][DEBUG_TX][sending to arduino]{wire=H}
[2026-09-25T18:54:36.094+00:00][P1][INFO][DEBUG_TX][sending to arduino]{wire=H}
[2026-09-25T18:54:36.628+00:00][P1][INFO][DEBUG_TX][sending to arduino]{wire=H}
[2026-09-25T18:54:37.095+00:00][P1][INFO][DEBUG_TX][sending to arduino]{wire=H}
[2026-09-25T18:54:37.623+00:00][P1][INFO][DEBUG_TX][sending to arduino]{wire=H}
[2026-09-25T18:54:38.093+00:00][P1][INFO][DEBUG_TX][sending to arduino]{wire=H}
[2026-09-25T18:54:38.639+00:00][P1][INFO][DEBUG_TX][sending to arduino]{wire=H}
[2026-09-25T18:54:39.105+00:00][P1][INFO][DEBUG_TX][sending to arduino]{wire=H}
[2026-09-25T18:54:39.625+00:00][P1][INFO][DEBUG_TX][sending to arduino]{wire=H}
[2026-09-25T18:54:40.095+00:00][P1][INFO][DEBUG_TX][sending to arduino]{wire=H}
[2026-09-25T18:54:40.629+00:00][P1][INFO][DEBUG_TX][sending to arduino]{wire=H}
[2026-09-25T18:54:41.100+00:00][P1][INFO][DEBUG_TX][sending to arduino]{wire=H}
[2026-09-25T18:54:41.626+00:00][P1][INFO][DEBUG_TX][sending to arduino]{wire=H}
[2026-09-25T18:54:42.094+00:00][P1][INFO][DEBUG_TX][sending to arduino]{wire=H}
[2026-09-25T18:54:42.613+00:00][P1][INFO][DEBUG_TX][sending to arduino]{wire=H}
[2026-09-25T18:54:43.093+00:00][P1][INFO][DEBUG_TX][sending to arduino]{wire=H}
[2026-09-25T18:54:43.633+00:00][P1][INFO][DEBUG_TX][sending to arduino]{wire=H}
[2026-09-25T18:54:44.113+00:00][P1][INFO][DEBUG_TX][sending to arduino]{wire=H}
[2026-09-25T18:54:44.626+00:00][P1][INFO][DEBUG_TX][sending to arduino]{wire=H}
[2026-09-25T18:54:45.096+00:00][P1][INFO][DEBUG_TX][sending to arduino]{wire=H}
[2026-09-25T18:54:45.595+00:00][P1][INFO][DEBUG_TX][sending to arduino]{wire=H}
[2026-09-25T18:54:46.092+00:00][P1][INFO][DEBUG_TX][sending to arduino]{wire=H}
[2026-09-25T18:54:46.608+00:00][P1][INFO][DEBUG_TX][sending to arduino]{wire=H}
[2026-09-25T18:54:47.101+00:00][P1][INFO][DEBUG_TX][sending to arduino]{wire=H}
[2026-09-25T18:54:47.597+00:00][P1][INFO][DEBUG_TX][sending to arduino]{wire=H}
[2026-09-25T18:54:48.093+00:00][P1][INFO][DEBUG_TX][sending to arduino]{wire=H}
[2026-09-25T18:54:48.639+00:00][P1][INFO][DEBUG_TX][sending to arduino]{wire=H}
[2026-09-25T18:54:49.092+00:00][P1][INFO][DEBUG_TX][sending to arduino]{wire=H}
[2026-09-25T18:54:49.637+00:00][P1][INFO][DEBUG_TX][sending to arduino]{wire=H}
[2026-09-25T18:54:50.098+00:00][P1][INFO][DEBUG_TX][sending to arduino]{wire=H}
[2026-09-25T18:54:50.637+00:00][P1][INFO][DEBUG_TX][sending to arduino]{wire=H}
[2026-09-25T18:54:51.107+00:00][P1][INFO][DEBUG_TX][sending to arduino]{wire=H}
[2026-09-25T18:54:51.619+00:00][P1][INFO][DEBUG_TX][sending to arduino]{wire=H}
[2026-09-25T18:54:52.093+00:00][P1][INFO][DEBUG_TX][sending to arduino]{wire=H}
[2026-09-25T18:54:52.623+00:00][P1][INFO][DEBUG_TX][sending to arduino]{wire=H}
[2026-09-25T18:54:53.099+00:00][P1][INFO][DEBUG_TX][sending to arduino]{wire=H}
[2026-09-25T18:54:53.622+00:00][P1][INFO][DEBUG_TX][sending to arduino]{wire=H}
[2026-09-25T18:54:54.092+00:00][P1][INFO][DEBUG_TX][sending to arduino]{wire=H}
[2026-09-25T18:54:54.603+00:00][P1][INFO][DEBUG_TX][sending to arduino]{wire=H}
[2026-09-25T18:54:55.098+00:00][P1][INFO][DEBUG_TX][sending to arduino]{wire=H}
[2026-09-25T18:54:55.613+00:00][P1][INFO][DEBUG_TX][sending to arduino]{wire=H}
[2026-09-25T18:54:56.095+00:00][P1][INFO][DEBUG_TX][sending to arduino]{wire=H}
[2026-09-25T18:54:56.678+00:00][P1][INFO][DEBUG_TX][sending to arduino]{wire=H}
[2026-09-25T18:54:57.227+00:00][P1][INFO][DEBUG_TX][sending to arduino]{wire=H}
[2026-09-25T18:54:57.721+00:00][P1][INFO][DEBUG_TX][sending to arduino]{wire=H}
[2026-09-25T18:54:58.106+00:00][P1][INFO][DEBUG_TX][sending to arduino]{wire=H}
[2026-09-25T18:54:58.657+00:00][P1][INFO][DEBUG_TX][sending to arduino]{wire=H}
[2026-09-25T18:54:59.155+00:00][P1][INFO][DEBUG_TX][sending to arduino]{wire=H}
[2026-09-25T18:54:59.604+00:00][P1][INFO][DEBUG_TX][sending to arduino]{wire=H}
[2026-09-25T18:55:00.099+00:00][P1][INFO][DEBUG_TX][sending to arduino]{wire=H}
[2026-09-25T18:55:00.594+00:00][P1][INFO][DEBUG_TX][sending to arduino]{wire=H}
[2026-09-25T18:55:01.095+00:00][P1][INFO][DEBUG_TX][sending to arduino]{wire=H}
[2026-09-25T18:55:01.604+00:00][P1][INFO][DEBUG_TX][sending to arduino]{wire=H}
[2026-09-25T18:55:02.099+00:00][P1][INFO][DEBUG_TX][sending to arduino]{wire=H}
[2026-09-25T18:55:02.629+00:00][P1][INFO][DEBUG_TX][sending to arduino]{wire=H}
[2026-09-25T18:55:03.122+00:00][P1][INFO][DEBUG_TX][sending to arduino]{wire=H}
[2026-09-25T18:55:03.358+00:00][P1][INFO][DEBUG_TX][sending to arduino]{wire=F120}
[2026-09-25T18:55:03.581+00:00][P1][INFO][DEBUG_TX][sending to arduino]{wire=S}
[2026-09-25T18:55:03.625+00:00][P1][INFO][DEBUG_TX][sending to arduino]{wire=F120}
[2026-09-25T18:55:03.629+00:00][P1][INFO][DEBUG_TX][sending to arduino]{wire=H}
[2026-09-25T18:55:03.701+00:00][P1][INFO][DEBUG_TX][sending to arduino]{wire=S}
[2026-09-25T18:55:03.929+00:00][P1][INFO][DEBUG_TX][sending to arduino]{wire=F120}
[2026-09-25T18:55:04.041+00:00][P1][INFO][DEBUG_TX][sending to arduino]{wire=S}
[2026-09-25T18:55:04.094+00:00][P1][INFO][DEBUG_TX][sending to arduino]{wire=H}
[2026-09-25T18:55:04.221+00:00][P1][INFO][DEBUG_TX][sending to arduino]{wire=F120}
[2026-09-25T18:55:04.231+00:00][P1][INFO][DEBUG_TX][sending to arduino]{wire=S}
[2026-09-25T18:55:04.343+00:00][P1][INFO][DEBUG_TX][sending to arduino]{wire=F120}
[2026-09-25T18:55:04.578+00:00][P1][INFO][DEBUG_TX][sending to arduino]{wire=S}
[2026-09-25T18:55:04.583+00:00][P1][INFO][DEBUG_TX][sending to arduino]{wire=F120}
[2026-09-25T18:55:04.611+00:00][P1][INFO][DEBUG_TX][sending to arduino]{wire=H}
[2026-09-25T18:55:05.075+00:00][P1][INFO][DEBUG_TX][sending to arduino]{wire=S}
[2026-09-25T18:55:05.093+00:00][P1][INFO][DEBUG_TX][sending to arduino]{wire=H}
[2026-09-25T18:55:05.179+00:00][P1][INFO][DEBUG_TX][sending to arduino]{wire=F120}
[2026-09-25T18:55:05.309+00:00][P1][INFO][DEBUG_TX][sending to arduino]{wire=S}
[2026-09-25T18:55:05.420+00:00][P1][INFO][DEBUG_TX][sending to arduino]{wire=F120}
[2026-09-25T18:55:05.520+00:00][P1][INFO][DEBUG_TX][sending to arduino]{wire=S}
[2026-09-25T18:55:05.617+00:00][P1][INFO][DEBUG_TX][sending to arduino]{wire=F120}
[2026-09-25T18:55:05.630+00:00][P1][INFO][DEBUG_TX][sending to arduino]{wire=H}
[2026-09-25T18:55:05.779+00:00][P1][INFO][DEBUG_TX][sending to arduino]{wire=S}
[2026-09-25T18:55:05.936+00:00][P1][INFO][DEBUG_TX][sending to arduino]{wire=S}
[2026-09-25T18:55:06.035+00:00][P1][INFO][DEBUG_TX][sending to arduino]{wire=F120}
[2026-09-25T18:55:06.093+00:00][P1][INFO][DEBUG_TX][sending to arduino]{wire=H}
[2026-09-25T18:55:06.140+00:00][P1][INFO][DEBUG_TX][sending to arduino]{wire=S}
[2026-09-25T18:55:06.403+00:00][P1][INFO][DEBUG_TX][sending to arduino]{wire=S}
[2026-09-25T18:55:06.489+00:00][P1][INFO][DEBUG_TX][sending to arduino]{wire=F120}
[2026-09-25T18:55:06.632+00:00][P1][INFO][DEBUG_TX][sending to arduino]{wire=S}
[2026-09-25T18:55:06.642+00:00][P1][INFO][DEBUG_TX][sending to arduino]{wire=H}
[2026-09-25T18:55:06.856+00:00][P1][INFO][DEBUG_TX][sending to arduino]{wire=S}
[2026-09-25T18:55:06.992+00:00][P1][INFO][DEBUG_TX][sending to arduino]{wire=F120}
[2026-09-25T18:55:07.098+00:00][P1][INFO][DEBUG_TX][sending to arduino]{wire=H}
[2026-09-25T18:55:07.144+00:00][P1][INFO][DEBUG_TX][sending to arduino]{wire=S}
[2026-09-25T18:55:07.238+00:00][P1][INFO][DEBUG_TX][sending to arduino]{wire=F120}
[2026-09-25T18:55:07.255+00:00][P1][INFO][DEBUG_RX][arduino line]{line=ALERT_OBSTACLE}
[2026-09-25T18:55:07.257+00:00][P1][WARNING][FW_OBSTACLE][forward blocked by obstacle]
[2026-09-25T18:55:07.331+00:00][P1][INFO][DEBUG_TX][sending to arduino]{wire=S}
[2026-09-25T18:55:07.494+00:00][P1][INFO][DEBUG_TX][sending to arduino]{wire=F120}
[2026-09-25T18:55:07.587+00:00][P1][INFO][DEBUG_TX][sending to arduino]{wire=S}
[2026-09-25T18:55:07.624+00:00][P1][INFO][DEBUG_TX][sending to arduino]{wire=H}
[2026-09-25T18:55:07.712+00:00][P1][INFO][DEBUG_TX][sending to arduino]{wire=F120}
[2026-09-25T18:55:07.857+00:00][P1][INFO][DEBUG_TX][sending to arduino]{wire=S}
[2026-09-25T18:55:08.093+00:00][P1][INFO][DEBUG_TX][sending to arduino]{wire=H}
[2026-09-25T18:55:08.247+00:00][P1][INFO][DEBUG_TX][sending to arduino]{wire=S}
[2026-09-25T18:55:08.621+00:00][P1][INFO][DEBUG_TX][sending to arduino]{wire=H}
[2026-09-25T18:55:09.092+00:00][P1][INFO][DEBUG_TX][sending to arduino]{wire=H}
[2026-09-25T18:55:09.619+00:00][P1][INFO][DEBUG_TX][sending to arduino]{wire=H}
[2026-09-25T18:55:10.093+00:00][P1][INFO][DEBUG_TX][sending to arduino]{wire=H}
[2026-09-25T18:55:10.621+00:00][P1][INFO][DEBUG_TX][sending to arduino]{wire=H}
[2026-09-25T18:55:10.765+00:00][P1][INFO][DEBUG_TX][sending to arduino]{wire=F120}
[2026-09-25T18:55:10.894+00:00][P1][INFO][DEBUG_TX][sending to arduino]{wire=S}
[2026-09-25T18:55:11.013+00:00][P1][INFO][DEBUG_TX][sending to arduino]{wire=F120}
[2026-09-25T18:55:11.091+00:00][P1][INFO][DEBUG_TX][sending to arduino]{wire=S}
[2026-09-25T18:55:11.094+00:00][P1][INFO][DEBUG_TX][sending to arduino]{wire=H}
[2026-09-25T18:55:11.235+00:00][P1][INFO][DEBUG_TX][sending to arduino]{wire=F120}
[2026-09-25T18:55:11.333+00:00][P1][INFO][DEBUG_TX][sending to arduino]{wire=S}
[2026-09-25T18:55:11.477+00:00][P1][INFO][DEBUG_TX][sending to arduino]{wire=F120}
[2026-09-25T18:55:11.554+00:00][P1][INFO][DEBUG_TX][sending to arduino]{wire=S}
[2026-09-25T18:55:11.613+00:00][P1][INFO][DEBUG_TX][sending to arduino]{wire=H}
[2026-09-25T18:55:11.662+00:00][P1][INFO][DEBUG_TX][sending to arduino]{wire=F120}
[2026-09-25T18:55:11.778+00:00][P1][INFO][DEBUG_TX][sending to arduino]{wire=S}
[2026-09-25T18:55:11.912+00:00][P1][INFO][DEBUG_TX][sending to arduino]{wire=F120}
[2026-09-25T18:55:11.989+00:00][P1][INFO][DEBUG_TX][sending to arduino]{wire=S}
[2026-09-25T18:55:12.094+00:00][P1][INFO][DEBUG_TX][sending to arduino]{wire=H}
[2026-09-25T18:55:12.118+00:00][P1][INFO][DEBUG_TX][sending to arduino]{wire=F120}
[2026-09-25T18:55:12.209+00:00][P1][INFO][DEBUG_TX][sending to arduino]{wire=S}
[2026-09-25T18:55:12.377+00:00][P1][INFO][DEBUG_TX][sending to arduino]{wire=F120}
[2026-09-25T18:55:12.381+00:00][P1][INFO][DEBUG_TX][sending to arduino]{wire=S}
[2026-09-25T18:55:12.639+00:00][P1][INFO][DEBUG_TX][sending to arduino]{wire=H}
[2026-09-25T18:55:13.093+00:00][P1][INFO][DEBUG_TX][sending to arduino]{wire=H}
[2026-09-25T18:55:13.629+00:00][P1][INFO][DEBUG_TX][sending to arduino]{wire=H}
[2026-09-25T18:55:14.094+00:00][P1][INFO][DEBUG_TX][sending to arduino]{wire=H}
[2026-09-25T18:55:14.620+00:00][P1][INFO][DEBUG_TX][sending to arduino]{wire=H}
[2026-09-25T18:55:15.093+00:00][P1][INFO][DEBUG_TX][sending to arduino]{wire=H}
[2026-09-25T18:55:15.625+00:00][P1][INFO][DEBUG_TX][sending to arduino]{wire=H}
[2026-09-25T18:55:16.097+00:00][P1][INFO][DEBUG_TX][sending to arduino]{wire=H}
[2026-09-25T18:55:16.641+00:00][P1][INFO][DEBUG_TX][sending to arduino]{wire=H}
[2026-09-25T18:55:17.093+00:00][P1][INFO][DEBUG_TX][sending to arduino]{wire=H}
[2026-09-25T18:55:17.626+00:00][P1][INFO][DEBUG_TX][sending to arduino]{wire=H}
[2026-09-25T18:55:18.093+00:00][P1][INFO][DEBUG_TX][sending to arduino]{wire=H}
[2026-09-25T18:55:18.641+00:00][P1][INFO][DEBUG_TX][sending to arduino]{wire=H}
[2026-09-25T18:55:19.092+00:00][P1][INFO][DEBUG_TX][sending to arduino]{wire=H}
[2026-09-25T18:55:19.596+00:00][P1][INFO][DEBUG_TX][sending to arduino]{wire=H}
[2026-09-25T18:55:20.092+00:00][P1][INFO][DEBUG_TX][sending to arduino]{wire=H}
[2026-09-25T18:55:20.601+00:00][P1][INFO][DEBUG_TX][sending to arduino]{wire=H}
[2026-09-25T18:55:21.092+00:00][P1][INFO][DEBUG_TX][sending to arduino]{wire=H}
[2026-09-25T18:55:21.616+00:00][P1][INFO][DEBUG_TX][sending to arduino]{wire=H}
[2026-09-25T18:55:22.094+00:00][P1][INFO][DEBUG_TX][sending to arduino]{wire=H}
[2026-09-25T18:55:22.611+00:00][P1][INFO][DEBUG_TX][sending to arduino]{wire=H}
[2026-09-25T18:55:23.097+00:00][P1][INFO][DEBUG_TX][sending to arduino]{wire=H}
[2026-09-25T18:55:23.615+00:00][P1][INFO][DEBUG_TX][sending to arduino]{wire=H}
[2026-09-25T18:55:24.093+00:00][P1][INFO][DEBUG_TX][sending to arduino]{wire=H}
[2026-09-25T18:55:24.634+00:00][P1][INFO][DEBUG_TX][sending to arduino]{wire=H}
[2026-09-25T18:55:25.097+00:00][P1][INFO][DEBUG_TX][sending to arduino]{wire=H}
[2026-09-25T18:55:25.626+00:00][P1][INFO][DEBUG_TX][sending to arduino]{wire=H}
[2026-09-25T18:55:26.093+00:00][P1][INFO][DEBUG_TX][sending to arduino]{wire=H}
[2026-09-25T18:55:26.622+00:00][P1][INFO][DEBUG_TX][sending to arduino]{wire=H}
[2026-09-25T18:55:27.094+00:00][P1][INFO][DEBUG_TX][sending to arduino]{wire=H}
[2026-09-25T18:55:27.616+00:00][P1][INFO][DEBUG_TX][sending to arduino]{wire=H}
[2026-09-25T18:55:28.094+00:00][P1][INFO][DEBUG_TX][sending to arduino]{wire=H}
[2026-09-25T18:55:28.599+00:00][P1][INFO][DEBUG_TX][sending to arduino]{wire=H}
[2026-09-25T18:55:29.093+00:00][P1][INFO][DEBUG_TX][sending to arduino]{wire=H}
[2026-09-25T18:55:29.617+00:00][P1][INFO][DEBUG_TX][sending to arduino]{wire=H}
[2026-09-25T18:55:30.097+00:00][P1][INFO][DEBUG_TX][sending to arduino]{wire=H}
[2026-09-25T18:55:30.618+00:00][P1][INFO][DEBUG_TX][sending to arduino]{wire=H}
[2026-09-25T18:55:31.092+00:00][P1][INFO][DEBUG_TX][sending to arduino]{wire=H}
[2026-09-25T18:55:31.629+00:00][P1][INFO][DEBUG_TX][sending to arduino]{wire=H}
[2026-09-25T18:55:32.093+00:00][P1][INFO][DEBUG_TX][sending to arduino]{wire=H}
[2026-09-25T18:55:32.623+00:00][P1][INFO][DEBUG_TX][sending to arduino]{wire=H}
[2026-09-25T18:55:33.093+00:00][P1][INFO][DEBUG_TX][sending to arduino]{wire=H}
[2026-09-25T18:55:33.617+00:00][P1][INFO][DEBUG_TX][sending to arduino]{wire=H}
[2026-09-25T18:55:34.095+00:00][P1][INFO][DEBUG_TX][sending to arduino]{wire=H}
[2026-09-25T18:55:34.605+00:00][P1][INFO][DEBUG_TX][sending to arduino]{wire=H}
[2026-09-25T18:55:35.094+00:00][P1][INFO][DEBUG_TX][sending to arduino]{wire=H}
[2026-09-25T18:55:35.615+00:00][P1][INFO][DEBUG_TX][sending to arduino]{wire=H}
[2026-09-25T18:55:36.094+00:00][P1][INFO][DEBUG_TX][sending to arduino]{wire=H}
[2026-09-25T18:55:36.616+00:00][P1][INFO][DEBUG_TX][sending to arduino]{wire=H}
[2026-09-25T18:55:37.092+00:00][P1][INFO][DEBUG_TX][sending to arduino]{wire=H}
[2026-09-25T18:55:37.618+00:00][P1][INFO][DEBUG_TX][sending to arduino]{wire=H}
[2026-09-25T18:55:38.093+00:00][P1][INFO][DEBUG_TX][sending to arduino]{wire=H}
[2026-09-25T18:55:38.637+00:00][P1][INFO][DEBUG_TX][sending to arduino]{wire=H}
[2026-09-25T18:55:39.093+00:00][P1][INFO][DEBUG_TX][sending to arduino]{wire=H}
[2026-09-25T18:55:39.625+00:00][P1][INFO][DEBUG_TX][sending to arduino]{wire=H}
[2026-09-25T18:55:40.093+00:00][P1][INFO][DEBUG_TX][sending to arduino]{wire=H}
[2026-09-25T18:55:40.613+00:00][P1][INFO][DEBUG_TX][sending to arduino]{wire=H}
[2026-09-25T18:55:41.093+00:00][P1][INFO][DEBUG_TX][sending to arduino]{wire=H}
[2026-09-25T18:55:41.610+00:00][P1][INFO][DEBUG_TX][sending to arduino]{wire=H}
[2026-09-25T18:55:42.092+00:00][P1][INFO][DEBUG_TX][sending to arduino]{wire=H}
[2026-09-25T18:55:42.594+00:00][P1][INFO][DEBUG_TX][sending to arduino]{wire=H}
[2026-09-25T18:55:43.092+00:00][P1][INFO][DEBUG_TX][sending to arduino]{wire=H}
[2026-09-25T18:55:43.597+00:00][P1][INFO][DEBUG_TX][sending to arduino]{wire=H}
[2026-09-25T18:55:44.093+00:00][P1][INFO][DEBUG_TX][sending to arduino]{wire=H}
[2026-09-25T18:55:44.598+00:00][P1][INFO][DEBUG_TX][sending to arduino]{wire=H}
[2026-09-25T18:55:45.092+00:00][P1][INFO][DEBUG_TX][sending to arduino]{wire=H}
[2026-09-25T18:55:45.597+00:00][P1][INFO][DEBUG_TX][sending to arduino]{wire=H}
[2026-09-25T18:55:46.093+00:00][P1][INFO][DEBUG_TX][sending to arduino]{wire=H}
[2026-09-25T18:55:46.601+00:00][P1][INFO][DEBUG_TX][sending to arduino]{wire=H}
[2026-09-25T18:55:47.092+00:00][P1][INFO][DEBUG_TX][sending to arduino]{wire=H}
[2026-09-25T18:55:47.599+00:00][P1][INFO][DEBUG_TX][sending to arduino]{wire=H}
[2026-09-25T18:55:48.103+00:00][P1][INFO][DEBUG_TX][sending to arduino]{wire=H}
[2026-09-25T18:55:48.645+00:00][P1][INFO][DEBUG_TX][sending to arduino]{wire=H}
[2026-09-25T18:55:49.094+00:00][P1][INFO][DEBUG_TX][sending to arduino]{wire=H}
[2026-09-25T18:55:49.617+00:00][P1][INFO][DEBUG_TX][sending to arduino]{wire=H}
[2026-09-25T18:55:50.098+00:00][P1][INFO][DEBUG_TX][sending to arduino]{wire=H}
[2026-09-25T18:55:50.601+00:00][P1][INFO][DEBUG_TX][sending to arduino]{wire=H}
[2026-09-25T18:55:51.093+00:00][P1][INFO][DEBUG_TX][sending to arduino]{wire=H}
[2026-09-25T18:55:51.637+00:00][P1][INFO][DEBUG_TX][sending to arduino]{wire=H}
[2026-09-25T18:55:52.093+00:00][P1][INFO][DEBUG_TX][sending to arduino]{wire=H}
[2026-09-25T18:55:52.595+00:00][P1][INFO][DEBUG_TX][sending to arduino]{wire=H}
[2026-09-25T18:55:53.098+00:00][P1][INFO][DEBUG_TX][sending to arduino]{wire=H}
[2026-09-25T18:55:53.630+00:00][P1][INFO][DEBUG_TX][sending to arduino]{wire=H}
[2026-09-25T18:55:54.095+00:00][P1][INFO][DEBUG_TX][sending to arduino]{wire=H}
[2026-09-25T18:55:54.634+00:00][P1][INFO][DEBUG_TX][sending to arduino]{wire=H}
[2026-09-25T18:55:55.097+00:00][P1][INFO][DEBUG_TX][sending to arduino]{wire=H}
[2026-09-25T18:55:55.625+00:00][P1][INFO][DEBUG_TX][sending to arduino]{wire=H}
[2026-09-25T18:55:56.111+00:00][P1][INFO][DEBUG_TX][sending to arduino]{wire=H}
[2026-09-25T18:55:56.687+00:00][P1][INFO][DEBUG_TX][sending to arduino]{wire=H}
[2026-09-25T18:55:57.092+00:00][P1][INFO][DEBUG_TX][sending to arduino]{wire=H}
[2026-09-25T18:55:57.596+00:00][P1][INFO][DEBUG_TX][sending to arduino]{wire=H}
[2026-09-25T18:55:58.092+00:00][P1][INFO][DEBUG_TX][sending to arduino]{wire=H}
[2026-09-25T18:55:58.597+00:00][P1][INFO][DEBUG_TX][sending to arduino]{wire=H}
[2026-09-25T18:55:59.103+00:00][P1][INFO][DEBUG_TX][sending to arduino]{wire=H}
[2026-09-25T18:55:59.622+00:00][P1][INFO][DEBUG_TX][sending to arduino]{wire=H}
[2026-09-25T18:56:00.097+00:00][P1][INFO][DEBUG_TX][sending to arduino]{wire=H}
[2026-09-25T18:56:00.622+00:00][P1][INFO][DEBUG_TX][sending to arduino]{wire=H}
[2026-09-25T18:56:01.093+00:00][P1][INFO][DEBUG_TX][sending to arduino]{wire=H}
[2026-09-25T18:56:01.621+00:00][P1][INFO][DEBUG_TX][sending to arduino]{wire=H}
[2026-09-25T18:56:02.093+00:00][P1][INFO][DEBUG_TX][sending to arduino]{wire=H}
[2026-09-25T18:56:02.634+00:00][P1][INFO][DEBUG_TX][sending to arduino]{wire=H}
[2026-09-25T18:56:03.098+00:00][P1][INFO][DEBUG_TX][sending to arduino]{wire=H}
[2026-09-25T18:56:03.654+00:00][P1][INFO][DEBUG_TX][sending to arduino]{wire=H}
[2026-09-25T18:56:04.101+00:00][P1][INFO][DEBUG_TX][sending to arduino]{wire=H}
[2026-09-25T18:56:04.630+00:00][P1][INFO][DEBUG_TX][sending to arduino]{wire=H}
[2026-09-25T18:56:05.094+00:00][P1][INFO][DEBUG_TX][sending to arduino]{wire=H}
[2026-09-25T18:56:05.619+00:00][P1][INFO][DEBUG_TX][sending to arduino]{wire=H}
[2026-09-25T18:56:06.093+00:00][P1][INFO][DEBUG_TX][sending to arduino]{wire=H}
[2026-09-25T18:56:06.617+00:00][P1][INFO][DEBUG_TX][sending to arduino]{wire=H}
[2026-09-25T18:56:07.094+00:00][P1][INFO][DEBUG_TX][sending to arduino]{wire=H}
[2026-09-25T18:56:07.620+00:00][P1][INFO][DEBUG_TX][sending to arduino]{wire=H}
[2026-09-25T18:56:08.098+00:00][P1][INFO][DEBUG_TX][sending to arduino]{wire=H}
[2026-09-25T18:56:08.618+00:00][P1][INFO][DEBUG_TX][sending to arduino]{wire=H}
[2026-09-25T18:56:09.092+00:00][P1][INFO][DEBUG_TX][sending to arduino]{wire=H}
[2026-09-25T18:56:09.602+00:00][P1][INFO][DEBUG_TX][sending to arduino]{wire=H}
[2026-09-25T18:56:10.097+00:00][P1][INFO][DEBUG_TX][sending to arduino]{wire=H}
[2026-09-25T18:56:10.617+00:00][P1][INFO][DEBUG_TX][sending to arduino]{wire=H}
[2026-09-25T18:56:11.113+00:00][P1][INFO][DEBUG_TX][sending to arduino]{wire=H}
[2026-09-25T18:56:11.594+00:00][P1][INFO][DEBUG_TX][sending to arduino]{wire=H}
[2026-09-25T18:56:12.101+00:00][P1][INFO][DEBUG_TX][sending to arduino]{wire=H}
[2026-09-25T18:56:12.599+00:00][P1][INFO][DEBUG_TX][sending to arduino]{wire=H}
[2026-09-25T18:56:13.093+00:00][P1][INFO][DEBUG_TX][sending to arduino]{wire=H}
[2026-09-25T18:56:13.613+00:00][P1][INFO][DEBUG_TX][sending to arduino]{wire=H}
[2026-09-25T18:56:14.097+00:00][P1][INFO][DEBUG_TX][sending to arduino]{wire=H}
[2026-09-25T18:56:14.619+00:00][P1][INFO][DEBUG_TX][sending to arduino]{wire=H}
[2026-09-25T18:56:15.096+00:00][P1][INFO][DEBUG_TX][sending to arduino]{wire=H}
[2026-09-25T18:56:15.597+00:00][P1][INFO][DEBUG_TX][sending to arduino]{wire=H}
[2026-09-25T18:56:16.092+00:00][P1][INFO][DEBUG_TX][sending to arduino]{wire=H}
[2026-09-25T18:56:16.620+00:00][P1][INFO][DEBUG_TX][sending to arduino]{wire=H}
[2026-09-25T18:56:17.098+00:00][P1][INFO][DEBUG_TX][sending to arduino]{wire=H}
[2026-09-25T18:56:17.627+00:00][P1][INFO][DEBUG_TX][sending to arduino]{wire=H}
[2026-09-25T18:56:18.096+00:00][P1][INFO][DEBUG_TX][sending to arduino]{wire=H}
[2026-09-25T18:56:18.594+00:00][P1][INFO][DEBUG_TX][sending to arduino]{wire=H}
[2026-09-25T18:56:19.096+00:00][P1][INFO][DEBUG_TX][sending to arduino]{wire=H}
[2026-09-25T18:56:19.595+00:00][P1][INFO][DEBUG_TX][sending to arduino]{wire=H}
[2026-09-25T18:56:20.094+00:00][P1][INFO][DEBUG_TX][sending to arduino]{wire=H}
[2026-09-25T18:56:20.610+00:00][P1][INFO][DEBUG_TX][sending to arduino]{wire=H}
[2026-09-25T18:56:21.099+00:00][P1][INFO][DEBUG_TX][sending to arduino]{wire=H}
[2026-09-25T18:56:21.686+00:00][P1][INFO][DEBUG_TX][sending to arduino]{wire=H}
[2026-09-25T18:56:22.099+00:00][P1][INFO][DEBUG_TX][sending to arduino]{wire=H}
[2026-09-25T18:56:22.639+00:00][P1][INFO][DEBUG_TX][sending to arduino]{wire=H}
[2026-09-25T18:56:23.095+00:00][P1][INFO][DEBUG_TX][sending to arduino]{wire=H}
[2026-09-25T18:56:23.618+00:00][P1][INFO][DEBUG_TX][sending to arduino]{wire=H}
[2026-09-25T18:56:24.096+00:00][P1][INFO][DEBUG_TX][sending to arduino]{wire=H}
[2026-09-25T18:56:24.619+00:00][P1][INFO][DEBUG_TX][sending to arduino]{wire=H}
[2026-09-25T18:56:25.093+00:00][P1][INFO][DEBUG_TX][sending to arduino]{wire=H}
[2026-09-25T18:56:25.603+00:00][P1][INFO][DEBUG_TX][sending to arduino]{wire=H}
[2026-09-25T18:56:26.098+00:00][P1][INFO][DEBUG_TX][sending to arduino]{wire=H}
[2026-09-25T18:56:26.642+00:00][P1][INFO][DEBUG_TX][sending to arduino]{wire=H}
[2026-09-25T18:56:27.102+00:00][P1][INFO][DEBUG_TX][sending to arduino]{wire=H}
[2026-09-25T18:56:27.641+00:00][P1][INFO][DEBUG_TX][sending to arduino]{wire=H}
[2026-09-25T18:56:28.126+00:00][P1][INFO][DEBUG_TX][sending to arduino]{wire=H}
[2026-09-25T18:56:28.602+00:00][P1][INFO][DEBUG_TX][sending to arduino]{wire=H}
[2026-09-25T18:56:29.183+00:00][P1][INFO][DEBUG_TX][sending to arduino]{wire=H}
[2026-09-25T18:56:29.668+00:00][P1][INFO][DEBUG_TX][sending to arduino]{wire=H}
[2026-09-25T18:56:30.115+00:00][P1][INFO][DEBUG_TX][sending to arduino]{wire=H}
[2026-09-25T18:56:30.677+00:00][P1][INFO][DEBUG_TX][sending to arduino]{wire=H}
[2026-09-25T18:56:31.163+00:00][P1][INFO][DEBUG_TX][sending to arduino]{wire=H}
[2026-09-25T18:56:31.631+00:00][P1][INFO][DEBUG_TX][sending to arduino]{wire=H}
[2026-09-25T18:56:32.599+00:00][P1][INFO][DEBUG_TX][sending to arduino]{wire=H}
[2026-09-25T18:56:33.129+00:00][P1][INFO][DEBUG_TX][sending to arduino]{wire=H}
[2026-09-25T18:56:33.655+00:00][P1][INFO][DEBUG_TX][sending to arduino]{wire=H}
[2026-09-25T18:56:34.153+00:00][P1][INFO][DEBUG_TX][sending to arduino]{wire=H}
[2026-09-25T18:56:34.619+00:00][P1][INFO][DEBUG_TX][sending to arduino]{wire=H}
[2026-09-25T18:56:35.113+00:00][P1][INFO][DEBUG_TX][sending to arduino]{wire=H}
[2026-09-25T18:56:35.609+00:00][P1][INFO][DEBUG_TX][sending to arduino]{wire=H}
[2026-09-25T18:56:36.110+00:00][P1][INFO][DEBUG_TX][sending to arduino]{wire=H}
[2026-09-25T18:56:36.633+00:00][P1][INFO][DEBUG_TX][sending to arduino]{wire=H}
[2026-09-25T18:56:37.093+00:00][P1][INFO][DEBUG_TX][sending to arduino]{wire=H}
[2026-09-25T18:56:37.681+00:00][P1][INFO][DEBUG_TX][sending to arduino]{wire=H}
[2026-09-25T18:56:38.159+00:00][P1][INFO][DEBUG_TX][sending to arduino]{wire=H}
[2026-09-25T18:56:38.607+00:00][P1][INFO][DEBUG_TX][sending to arduino]{wire=H}
[2026-09-25T18:56:39.107+00:00][P1][INFO][DEBUG_TX][sending to arduino]{wire=H}
[2026-09-25T18:56:39.621+00:00][P1][INFO][DEBUG_TX][sending to arduino]{wire=H}
[2026-09-25T18:56:40.102+00:00][P1][INFO][DEBUG_TX][sending to arduino]{wire=H}
[2026-09-25T18:56:40.599+00:00][P1][INFO][DEBUG_TX][sending to arduino]{wire=H}
[2026-09-25T18:56:41.094+00:00][P1][INFO][DEBUG_TX][sending to arduino]{wire=H}
[2026-09-25T18:56:41.606+00:00][P1][INFO][DEBUG_TX][sending to arduino]{wire=H}
[2026-09-25T18:56:42.094+00:00][P1][INFO][DEBUG_TX][sending to arduino]{wire=H}
[2026-09-25T18:56:42.602+00:00][P1][INFO][DEBUG_TX][sending to arduino]{wire=H}
[2026-09-25T18:56:43.143+00:00][P1][INFO][DEBUG_TX][sending to arduino]{wire=H}
[2026-09-25T18:56:43.665+00:00][P1][INFO][DEBUG_TX][sending to arduino]{wire=H}
[2026-09-25T18:56:44.134+00:00][P1][INFO][DEBUG_TX][sending to arduino]{wire=H}
[2026-09-25T18:56:44.594+00:00][P1][INFO][DEBUG_TX][sending to arduino]{wire=H}
[2026-09-25T18:56:45.274+00:00][P1][INFO][DEBUG_TX][sending to arduino]{wire=H}
[2026-09-25T18:56:45.625+00:00][P1][INFO][DEBUG_TX][sending to arduino]{wire=H}
[2026-09-25T18:56:46.147+00:00][P1][INFO][DEBUG_TX][sending to arduino]{wire=H}
[2026-09-25T18:56:46.626+00:00][P1][INFO][DEBUG_TX][sending to arduino]{wire=H}
[2026-09-25T18:56:47.094+00:00][P1][INFO][DEBUG_TX][sending to arduino]{wire=H}
[2026-09-25T18:56:47.616+00:00][P1][INFO][DEBUG_TX][sending to arduino]{wire=H}
[2026-09-25T18:56:48.240+00:00][P1][INFO][DEBUG_TX][sending to arduino]{wire=H}
[2026-09-25T18:56:48.599+00:00][P1][INFO][DEBUG_TX][sending to arduino]{wire=H}
[2026-09-25T18:56:49.137+00:00][P1][INFO][DEBUG_TX][sending to arduino]{wire=H}
[2026-09-25T18:56:49.602+00:00][P1][INFO][DEBUG_TX][sending to arduino]{wire=H}
[2026-09-25T18:56:50.122+00:00][P1][INFO][DEBUG_TX][sending to arduino]{wire=H}
[2026-09-25T18:56:50.650+00:00][P1][INFO][DEBUG_TX][sending to arduino]{wire=H}
[2026-09-25T18:56:51.095+00:00][P1][INFO][DEBUG_TX][sending to arduino]{wire=H}
[2026-09-25T18:56:51.602+00:00][P1][INFO][DEBUG_TX][sending to arduino]{wire=H}
[2026-09-25T18:56:52.144+00:00][P1][INFO][DEBUG_TX][sending to arduino]{wire=H}
[2026-09-25T18:56:52.595+00:00][P1][INFO][DEBUG_TX][sending to arduino]{wire=H}
[2026-09-25T18:56:53.107+00:00][P1][INFO][DEBUG_TX][sending to arduino]{wire=H}
[2026-09-25T18:56:53.677+00:00][P1][INFO][DEBUG_TX][sending to arduino]{wire=H}
[2026-09-25T18:56:54.098+00:00][P1][INFO][DEBUG_TX][sending to arduino]{wire=H}
[2026-09-25T18:56:54.611+00:00][P1][INFO][DEBUG_TX][sending to arduino]{wire=H}
[2026-09-25T18:56:55.094+00:00][P1][INFO][DEBUG_TX][sending to arduino]{wire=H}
[2026-09-25T18:56:55.598+00:00][P1][INFO][DEBUG_TX][sending to arduino]{wire=H}
[2026-09-25T18:56:56.152+00:00][P1][INFO][DEBUG_TX][sending to arduino]{wire=H}
[2026-09-25T18:56:56.607+00:00][P1][INFO][DEBUG_TX][sending to arduino]{wire=H}
[2026-09-25T18:56:57.096+00:00][P1][INFO][DEBUG_TX][sending to arduino]{wire=H}
[2026-09-25T18:56:57.625+00:00][P1][INFO][DEBUG_TX][sending to arduino]{wire=H}
[2026-09-25T18:56:58.117+00:00][P1][INFO][DEBUG_TX][sending to arduino]{wire=H}
[2026-09-25T18:56:58.600+00:00][P1][INFO][DEBUG_TX][sending to arduino]{wire=H}
[2026-09-25T18:56:59.209+00:00][P1][INFO][DEBUG_TX][sending to arduino]{wire=H}
[2026-09-25T18:56:59.834+00:00][P1][INFO][DEBUG_TX][sending to arduino]{wire=H}
[2026-09-25T18:57:00.201+00:00][P1][INFO][DEBUG_TX][sending to arduino]{wire=H}
[2026-09-25T18:57:00.598+00:00][P1][INFO][DEBUG_TX][sending to arduino]{wire=H}
[2026-09-25T18:57:01.220+00:00][P1][INFO][DEBUG_TX][sending to arduino]{wire=H}
[2026-09-25T18:57:02.335+00:00][P1][INFO][DEBUG_TX][sending to arduino]{wire=H}
[2026-09-25T18:57:02.600+00:00][P1][INFO][DEBUG_TX][sending to arduino]{wire=H}
[2026-09-25T18:57:03.136+00:00][P1][INFO][DEBUG_TX][sending to arduino]{wire=H}
[2026-09-25T18:57:03.601+00:00][P1][INFO][DEBUG_TX][sending to arduino]{wire=H}
[2026-09-25T18:57:04.129+00:00][P1][INFO][DEBUG_TX][sending to arduino]{wire=H}
[2026-09-25T18:57:04.597+00:00][P1][INFO][DEBUG_TX][sending to arduino]{wire=H}
[2026-09-25T18:57:05.097+00:00][P1][INFO][DEBUG_TX][sending to arduino]{wire=H}
[2026-09-25T18:57:05.627+00:00][P1][INFO][DEBUG_TX][sending to arduino]{wire=H}
[2026-09-25T18:57:06.097+00:00][P1][INFO][DEBUG_TX][sending to arduino]{wire=H}
[2026-09-25T18:57:06.629+00:00][P1][INFO][DEBUG_TX][sending to arduino]{wire=H}
[2026-09-25T18:57:07.094+00:00][P1][INFO][DEBUG_TX][sending to arduino]{wire=H}
[2026-09-25T18:57:07.599+00:00][P1][INFO][DEBUG_TX][sending to arduino]{wire=H}
[2026-09-25T18:57:08.098+00:00][P1][INFO][DEBUG_TX][sending to arduino]{wire=H}
[2026-09-25T18:57:08.618+00:00][P1][INFO][DEBUG_TX][sending to arduino]{wire=H}
[2026-09-25T18:57:09.129+00:00][P1][INFO][DEBUG_TX][sending to arduino]{wire=H}
[2026-09-25T18:57:09.620+00:00][P1][INFO][DEBUG_TX][sending to arduino]{wire=H}
[2026-09-25T18:57:10.098+00:00][P1][INFO][DEBUG_TX][sending to arduino]{wire=H}
[2026-09-25T18:57:10.618+00:00][P1][INFO][DEBUG_TX][sending to arduino]{wire=H}
[2026-09-25T18:57:11.097+00:00][P1][INFO][DEBUG_TX][sending to arduino]{wire=H}
[2026-09-25T18:57:11.636+00:00][P1][INFO][DEBUG_TX][sending to arduino]{wire=H}
[2026-09-25T18:57:12.094+00:00][P1][INFO][DEBUG_TX][sending to arduino]{wire=H}
[2026-09-25T18:57:12.637+00:00][P1][INFO][DEBUG_TX][sending to arduino]{wire=H}
[2026-09-25T18:57:13.110+00:00][P1][INFO][DEBUG_TX][sending to arduino]{wire=H}
[2026-09-25T18:57:13.622+00:00][P1][INFO][DEBUG_TX][sending to arduino]{wire=H}
[2026-09-25T18:57:14.095+00:00][P1][INFO][DEBUG_TX][sending to arduino]{wire=H}
[2026-09-25T18:57:14.623+00:00][P1][INFO][DEBUG_TX][sending to arduino]{wire=H}
[2026-09-25T18:57:15.096+00:00][P1][INFO][DEBUG_TX][sending to arduino]{wire=H}
[2026-09-25T18:57:15.687+00:00][P1][INFO][DEBUG_TX][sending to arduino]{wire=H}
[2026-09-25T18:57:16.103+00:00][P1][INFO][DEBUG_TX][sending to arduino]{wire=H}
[2026-09-25T18:57:16.609+00:00][P1][INFO][DEBUG_TX][sending to arduino]{wire=H}
[2026-09-25T18:57:17.100+00:00][P1][INFO][DEBUG_TX][sending to arduino]{wire=H}
[2026-09-25T18:57:17.604+00:00][P1][INFO][DEBUG_TX][sending to arduino]{wire=H}
[2026-09-25T18:57:18.096+00:00][P1][INFO][DEBUG_TX][sending to arduino]{wire=H}
[2026-09-25T18:57:18.629+00:00][P1][INFO][DEBUG_TX][sending to arduino]{wire=H}
[2026-09-25T18:57:19.099+00:00][P1][INFO][DEBUG_TX][sending to arduino]{wire=H}
[2026-09-25T18:57:19.616+00:00][P1][INFO][DEBUG_TX][sending to arduino]{wire=H}
[2026-09-25T18:57:20.204+00:00][P1][INFO][DEBUG_TX][sending to arduino]{wire=H}
[2026-09-25T18:57:20.615+00:00][P1][INFO][DEBUG_TX][sending to arduino]{wire=H}
[2026-09-25T18:57:21.134+00:00][P1][INFO][DEBUG_TX][sending to arduino]{wire=H}
[2026-09-25T18:57:21.689+00:00][P1][INFO][DEBUG_TX][sending to arduino]{wire=H}
[2026-09-25T18:57:22.150+00:00][P1][INFO][DEBUG_TX][sending to arduino]{wire=H}
[2026-09-25T18:57:22.618+00:00][P1][INFO][DEBUG_TX][sending to arduino]{wire=H}
[2026-09-25T18:57:23.096+00:00][P1][INFO][DEBUG_TX][sending to arduino]{wire=H}
[2026-09-25T18:57:23.608+00:00][P1][INFO][DEBUG_TX][sending to arduino]{wire=H}
[2026-09-25T18:57:24.187+00:00][P1][INFO][DEBUG_TX][sending to arduino]{wire=H}
[2026-09-25T18:57:24.682+00:00][P1][INFO][DEBUG_TX][sending to arduino]{wire=H}
[2026-09-25T18:57:25.185+00:00][P1][INFO][DEBUG_TX][sending to arduino]{wire=H}
[2026-09-25T18:57:25.641+00:00][P1][INFO][DEBUG_TX][sending to arduino]{wire=H}
[2026-09-25T18:57:26.323+00:00][P1][INFO][DEBUG_TX][sending to arduino]{wire=H}
[2026-09-25T18:57:26.637+00:00][P1][INFO][DEBUG_TX][sending to arduino]{wire=H}
[2026-09-25T18:57:27.094+00:00][P1][INFO][DEBUG_TX][sending to arduino]{wire=H}
[2026-09-25T18:57:27.629+00:00][P1][INFO][DEBUG_TX][sending to arduino]{wire=H}
[2026-09-25T18:57:28.094+00:00][P1][INFO][DEBUG_TX][sending to arduino]{wire=H}
[2026-09-25T18:57:28.627+00:00][P1][INFO][DEBUG_TX][sending to arduino]{wire=H}
[2026-09-25T18:57:29.092+00:00][P1][INFO][DEBUG_TX][sending to arduino]{wire=H}
[2026-09-25T18:57:29.610+00:00][P1][INFO][DEBUG_TX][sending to arduino]{wire=H}
[2026-09-25T18:57:30.093+00:00][P1][INFO][DEBUG_TX][sending to arduino]{wire=H}
[2026-09-25T18:57:30.611+00:00][P1][INFO][DEBUG_TX][sending to arduino]{wire=H}
[2026-09-25T18:57:31.092+00:00][P1][INFO][DEBUG_TX][sending to arduino]{wire=H}
[2026-09-25T18:57:31.594+00:00][P1][INFO][DEBUG_TX][sending to arduino]{wire=H}
[2026-09-25T18:57:32.093+00:00][P1][INFO][DEBUG_TX][sending to arduino]{wire=H}
[2026-09-25T18:57:32.612+00:00][P1][INFO][DEBUG_TX][sending to arduino]{wire=H}
[2026-09-25T18:57:33.093+00:00][P1][INFO][DEBUG_TX][sending to arduino]{wire=H}
[2026-09-25T18:57:33.623+00:00][P1][INFO][DEBUG_TX][sending to arduino]{wire=H}
[2026-09-25T18:57:34.094+00:00][P1][INFO][DEBUG_TX][sending to arduino]{wire=H}
[2026-09-25T18:57:34.611+00:00][P1][INFO][DEBUG_TX][sending to arduino]{wire=H}
[2026-09-25T18:57:35.149+00:00][P1][INFO][DEBUG_TX][sending to arduino]{wire=H}
[2026-09-25T18:57:35.611+00:00][P1][INFO][DEBUG_TX][sending to arduino]{wire=H}
[2026-09-25T18:57:36.093+00:00][P1][INFO][DEBUG_TX][sending to arduino]{wire=H}
[2026-09-25T18:57:36.610+00:00][P1][INFO][DEBUG_TX][sending to arduino]{wire=H}
[2026-09-25T18:57:37.092+00:00][P1][INFO][DEBUG_TX][sending to arduino]{wire=H}
[2026-09-25T18:57:37.599+00:00][P1][INFO][DEBUG_TX][sending to arduino]{wire=H}
[2026-09-25T18:57:38.092+00:00][P1][INFO][DEBUG_TX][sending to arduino]{wire=H}
[2026-09-25T18:57:38.616+00:00][P1][INFO][DEBUG_TX][sending to arduino]{wire=H}
[2026-09-25T18:57:39.092+00:00][P1][INFO][DEBUG_TX][sending to arduino]{wire=H}
[2026-09-25T18:57:39.600+00:00][P1][INFO][DEBUG_TX][sending to arduino]{wire=H}
[2026-09-25T18:57:40.097+00:00][P1][INFO][DEBUG_TX][sending to arduino]{wire=H}
[2026-09-25T18:57:40.639+00:00][P1][INFO][DEBUG_TX][sending to arduino]{wire=H}
[2026-09-25T18:57:41.206+00:00][P1][INFO][DEBUG_TX][sending to arduino]{wire=H}
[2026-09-25T18:57:41.654+00:00][P1][INFO][DEBUG_TX][sending to arduino]{wire=H}
[2026-09-25T18:57:42.103+00:00][P1][INFO][DEBUG_TX][sending to arduino]{wire=H}
[2026-09-25T18:57:42.631+00:00][P1][INFO][DEBUG_TX][sending to arduino]{wire=H}
[2026-09-25T18:57:43.183+00:00][P1][INFO][DEBUG_TX][sending to arduino]{wire=H}
[2026-09-25T18:57:43.656+00:00][P1][INFO][DEBUG_TX][sending to arduino]{wire=H}
[2026-09-25T18:57:44.320+00:00][P1][INFO][DEBUG_TX][sending to arduino]{wire=H}
[2026-09-25T18:57:44.725+00:00][P1][INFO][DEBUG_TX][sending to arduino]{wire=H}
[2026-09-25T18:57:45.160+00:00][P1][INFO][DEBUG_TX][sending to arduino]{wire=H}
[2026-09-25T18:57:45.671+00:00][P1][INFO][DEBUG_TX][sending to arduino]{wire=H}
[2026-09-25T18:57:46.153+00:00][P1][INFO][DEBUG_TX][sending to arduino]{wire=H}
[2026-09-25T18:57:46.706+00:00][P1][INFO][DEBUG_TX][sending to arduino]{wire=H}
[2026-09-25T18:57:47.094+00:00][P1][INFO][DEBUG_TX][sending to arduino]{wire=H}
[2026-09-25T18:57:47.626+00:00][P1][INFO][DEBUG_TX][sending to arduino]{wire=H}
[2026-09-25T18:57:48.136+00:00][P1][INFO][DEBUG_TX][sending to arduino]{wire=H}
[2026-09-25T18:57:48.625+00:00][P1][INFO][DEBUG_TX][sending to arduino]{wire=H}
[2026-09-25T18:57:49.092+00:00][P1][INFO][DEBUG_TX][sending to arduino]{wire=H}
[2026-09-25T18:57:49.595+00:00][P1][INFO][DEBUG_TX][sending to arduino]{wire=H}
[2026-09-25T18:57:50.093+00:00][P1][INFO][DEBUG_TX][sending to arduino]{wire=H}
[2026-09-25T18:57:50.610+00:00][P1][INFO][DEBUG_TX][sending to arduino]{wire=H}
[2026-09-25T18:57:51.092+00:00][P1][INFO][DEBUG_TX][sending to arduino]{wire=H}
[2026-09-25T18:57:51.596+00:00][P1][INFO][DEBUG_TX][sending to arduino]{wire=H}
[2026-09-25T18:57:52.093+00:00][P1][INFO][DEBUG_TX][sending to arduino]{wire=H}
[2026-09-25T18:57:52.625+00:00][P1][INFO][DEBUG_TX][sending to arduino]{wire=H}
[2026-09-25T18:57:53.093+00:00][P1][INFO][DEBUG_TX][sending to arduino]{wire=H}
[2026-09-25T18:57:53.599+00:00][P1][INFO][DEBUG_TX][sending to arduino]{wire=H}
[2026-09-25T18:57:54.092+00:00][P1][INFO][DEBUG_TX][sending to arduino]{wire=H}
[2026-09-25T18:57:54.623+00:00][P1][INFO][DEBUG_TX][sending to arduino]{wire=H}
[2026-09-25T18:57:55.093+00:00][P1][INFO][DEBUG_TX][sending to arduino]{wire=H}
[2026-09-25T18:57:55.610+00:00][P1][INFO][DEBUG_TX][sending to arduino]{wire=H}
[2026-09-25T18:57:56.093+00:00][P1][INFO][DEBUG_TX][sending to arduino]{wire=H}
[2026-09-25T18:57:56.599+00:00][P1][INFO][DEBUG_TX][sending to arduino]{wire=H}
[2026-09-25T18:57:57.093+00:00][P1][INFO][DEBUG_TX][sending to arduino]{wire=H}
[2026-09-25T18:57:57.624+00:00][P1][INFO][DEBUG_TX][sending to arduino]{wire=H}
[2026-09-25T18:57:58.093+00:00][P1][INFO][DEBUG_TX][sending to arduino]{wire=H}
[2026-09-25T18:57:58.626+00:00][P1][INFO][DEBUG_TX][sending to arduino]{wire=H}
[2026-09-25T18:57:59.092+00:00][P1][INFO][DEBUG_TX][sending to arduino]{wire=H}
[2026-09-25T18:57:59.599+00:00][P1][INFO][DEBUG_TX][sending to arduino]{wire=H}
[2026-09-25T18:58:00.092+00:00][P1][INFO][DEBUG_TX][sending to arduino]{wire=H}
[2026-09-25T18:58:00.635+00:00][P1][INFO][DEBUG_TX][sending to arduino]{wire=H}
[2026-09-25T18:58:01.094+00:00][P1][INFO][DEBUG_TX][sending to arduino]{wire=H}
[2026-09-25T18:58:01.628+00:00][P1][INFO][DEBUG_TX][sending to arduino]{wire=H}
[2026-09-25T18:58:02.093+00:00][P1][INFO][DEBUG_TX][sending to arduino]{wire=H}
[2026-09-25T18:58:02.599+00:00][P1][INFO][DEBUG_TX][sending to arduino]{wire=H}
[2026-09-25T18:58:03.092+00:00][P1][INFO][DEBUG_TX][sending to arduino]{wire=H}
[2026-09-25T18:58:03.603+00:00][P1][INFO][DEBUG_TX][sending to arduino]{wire=H}
[2026-09-25T18:58:04.093+00:00][P1][INFO][DEBUG_TX][sending to arduino]{wire=H}
[2026-09-25T18:58:04.624+00:00][P1][INFO][DEBUG_TX][sending to arduino]{wire=H}
[2026-09-25T18:58:05.093+00:00][P1][INFO][DEBUG_TX][sending to arduino]{wire=H}
[2026-09-25T18:58:05.601+00:00][P1][INFO][DEBUG_TX][sending to arduino]{wire=H}
[2026-09-25T18:58:06.092+00:00][P1][INFO][DEBUG_TX][sending to arduino]{wire=H}
[2026-09-25T18:58:06.600+00:00][P1][INFO][DEBUG_TX][sending to arduino]{wire=H}
[2026-09-25T18:58:07.092+00:00][P1][INFO][DEBUG_TX][sending to arduino]{wire=H}
[2026-09-25T18:58:07.601+00:00][P1][INFO][DEBUG_TX][sending to arduino]{wire=H}
[2026-09-25T18:58:08.092+00:00][P1][INFO][DEBUG_TX][sending to arduino]{wire=H}
[2026-09-25T18:58:08.599+00:00][P1][INFO][DEBUG_TX][sending to arduino]{wire=H}
[2026-09-25T18:58:09.093+00:00][P1][INFO][DEBUG_TX][sending to arduino]{wire=H}
[2026-09-25T18:58:09.626+00:00][P1][INFO][DEBUG_TX][sending to arduino]{wire=H}
[2026-09-25T18:58:10.093+00:00][P1][INFO][DEBUG_TX][sending to arduino]{wire=H}
[2026-09-25T18:58:10.627+00:00][P1][INFO][DEBUG_TX][sending to arduino]{wire=H}
[2026-09-25T18:58:11.092+00:00][P1][INFO][DEBUG_TX][sending to arduino]{wire=H}
[2026-09-25T18:58:11.622+00:00][P1][INFO][DEBUG_TX][sending to arduino]{wire=H}
[2026-09-25T18:58:12.093+00:00][P1][INFO][DEBUG_TX][sending to arduino]{wire=H}
[2026-09-25T18:58:12.610+00:00][P1][INFO][DEBUG_TX][sending to arduino]{wire=H}
[2026-09-25T18:58:13.093+00:00][P1][INFO][DEBUG_TX][sending to arduino]{wire=H}
[2026-09-25T18:58:13.611+00:00][P1][INFO][DEBUG_TX][sending to arduino]{wire=H}
[2026-09-25T18:58:14.092+00:00][P1][INFO][DEBUG_TX][sending to arduino]{wire=H}
[2026-09-25T18:58:14.600+00:00][P1][INFO][DEBUG_TX][sending to arduino]{wire=H}
[2026-09-25T18:58:15.092+00:00][P1][INFO][DEBUG_TX][sending to arduino]{wire=H}
[2026-09-25T18:58:15.624+00:00][P1][INFO][DEBUG_TX][sending to arduino]{wire=H}
[2026-09-25T18:58:16.093+00:00][P1][INFO][DEBUG_TX][sending to arduino]{wire=H}
[2026-09-25T18:58:16.623+00:00][P1][INFO][DEBUG_TX][sending to arduino]{wire=H}
[2026-09-25T18:58:17.093+00:00][P1][INFO][DEBUG_TX][sending to arduino]{wire=H}
[2026-09-25T18:58:17.602+00:00][P1][INFO][DEBUG_TX][sending to arduino]{wire=H}
[2026-09-25T18:58:18.092+00:00][P1][INFO][DEBUG_TX][sending to arduino]{wire=H}
[2026-09-25T18:58:18.625+00:00][P1][INFO][DEBUG_TX][sending to arduino]{wire=H}
[2026-09-25T18:58:19.093+00:00][P1][INFO][DEBUG_TX][sending to arduino]{wire=H}
[2026-09-25T18:58:19.624+00:00][P1][INFO][DEBUG_TX][sending to arduino]{wire=H}
[2026-09-25T18:58:20.092+00:00][P1][INFO][DEBUG_TX][sending to arduino]{wire=H}
[2026-09-25T18:58:20.599+00:00][P1][INFO][DEBUG_TX][sending to arduino]{wire=H}
[2026-09-25T18:58:21.093+00:00][P1][INFO][DEBUG_TX][sending to arduino]{wire=H}
[2026-09-25T18:58:21.610+00:00][P1][INFO][DEBUG_TX][sending to arduino]{wire=H}
[2026-09-25T18:58:22.093+00:00][P1][INFO][DEBUG_TX][sending to arduino]{wire=H}
[2026-09-25T18:58:22.623+00:00][P1][INFO][DEBUG_TX][sending to arduino]{wire=H}
[2026-09-25T18:58:23.093+00:00][P1][INFO][DEBUG_TX][sending to arduino]{wire=H}
[2026-09-25T18:58:23.622+00:00][P1][INFO][DEBUG_TX][sending to arduino]{wire=H}
[2026-09-25T18:58:24.093+00:00][P1][INFO][DEBUG_TX][sending to arduino]{wire=H}
[2026-09-25T18:58:24.610+00:00][P1][INFO][DEBUG_TX][sending to arduino]{wire=H}
[2026-09-25T18:58:25.093+00:00][P1][INFO][DEBUG_TX][sending to arduino]{wire=H}
[2026-09-25T18:58:25.625+00:00][P1][INFO][DEBUG_TX][sending to arduino]{wire=H}
[2026-09-25T18:58:26.092+00:00][P1][INFO][DEBUG_TX][sending to arduino]{wire=H}
[2026-09-25T18:58:26.599+00:00][P1][INFO][DEBUG_TX][sending to arduino]{wire=H}
[2026-09-25T18:58:27.092+00:00][P1][INFO][DEBUG_TX][sending to arduino]{wire=H}
[2026-09-25T18:58:27.598+00:00][P1][INFO][DEBUG_TX][sending to arduino]{wire=H}
[2026-09-25T18:58:28.093+00:00][P1][INFO][DEBUG_TX][sending to arduino]{wire=H}
[2026-09-25T18:58:28.627+00:00][P1][INFO][DEBUG_TX][sending to arduino]{wire=H}
[2026-09-25T18:58:29.093+00:00][P1][INFO][DEBUG_TX][sending to arduino]{wire=H}
[2026-09-25T18:58:29.623+00:00][P1][INFO][DEBUG_TX][sending to arduino]{wire=H}
[2026-09-25T18:58:30.092+00:00][P1][INFO][DEBUG_TX][sending to arduino]{wire=H}
[2026-09-25T18:58:30.625+00:00][P1][INFO][DEBUG_TX][sending to arduino]{wire=H}
[2026-09-25T18:58:31.093+00:00][P1][INFO][DEBUG_TX][sending to arduino]{wire=H}
[2026-09-25T18:58:31.625+00:00][P1][INFO][DEBUG_TX][sending to arduino]{wire=H}
[2026-09-25T18:58:32.092+00:00][P1][INFO][DEBUG_TX][sending to arduino]{wire=H}
[2026-09-25T18:58:32.594+00:00][P1][INFO][DEBUG_TX][sending to arduino]{wire=H}
[2026-09-25T18:58:33.092+00:00][P1][INFO][DEBUG_TX][sending to arduino]{wire=H}
[2026-09-25T18:58:33.594+00:00][P1][INFO][DEBUG_TX][sending to arduino]{wire=H}
[2026-09-25T18:58:34.092+00:00][P1][INFO][DEBUG_TX][sending to arduino]{wire=H}
[2026-09-25T18:58:34.600+00:00][P1][INFO][DEBUG_TX][sending to arduino]{wire=H}
[2026-09-25T18:58:35.092+00:00][P1][INFO][DEBUG_TX][sending to arduino]{wire=H}
[2026-09-25T18:58:35.599+00:00][P1][INFO][DEBUG_TX][sending to arduino]{wire=H}
[2026-09-25T18:58:36.092+00:00][P1][INFO][DEBUG_TX][sending to arduino]{wire=H}
[2026-09-25T18:58:36.600+00:00][P1][INFO][DEBUG_TX][sending to arduino]{wire=H}
[2026-09-25T18:58:37.092+00:00][P1][INFO][DEBUG_TX][sending to arduino]{wire=H}
[2026-09-25T18:58:37.594+00:00][P1][INFO][DEBUG_TX][sending to arduino]{wire=H}
[2026-09-25T18:58:38.092+00:00][P1][INFO][DEBUG_TX][sending to arduino]{wire=H}
[2026-09-25T18:58:38.624+00:00][P1][INFO][DEBUG_TX][sending to arduino]{wire=H}
[2026-09-25T18:58:39.093+00:00][P1][INFO][DEBUG_TX][sending to arduino]{wire=H}
[2026-09-25T18:58:39.609+00:00][P1][INFO][DEBUG_TX][sending to arduino]{wire=H}
[2026-09-25T18:58:40.093+00:00][P1][INFO][DEBUG_TX][sending to arduino]{wire=H}
[2026-09-25T18:58:40.625+00:00][P1][INFO][DEBUG_TX][sending to arduino]{wire=H}
[2026-09-25T18:58:41.093+00:00][P1][INFO][DEBUG_TX][sending to arduino]{wire=H}
[2026-09-25T18:58:41.627+00:00][P1][INFO][DEBUG_TX][sending to arduino]{wire=H}
[2026-09-25T18:58:42.093+00:00][P1][INFO][DEBUG_TX][sending to arduino]{wire=H}
[2026-09-25T18:58:42.622+00:00][P1][INFO][DEBUG_TX][sending to arduino]{wire=H}
[2026-09-25T18:58:43.092+00:00][P1][INFO][DEBUG_TX][sending to arduino]{wire=H}
[2026-09-25T18:58:43.666+00:00][P1][INFO][DEBUG_TX][sending to arduino]{wire=H}
[2026-09-25T18:58:44.093+00:00][P1][INFO][DEBUG_TX][sending to arduino]{wire=H}
[2026-09-25T18:58:44.610+00:00][P1][INFO][DEBUG_TX][sending to arduino]{wire=H}
[2026-09-25T18:58:45.092+00:00][P1][INFO][DEBUG_TX][sending to arduino]{wire=H}
[2026-09-25T18:58:45.601+00:00][P1][INFO][DEBUG_TX][sending to arduino]{wire=H}
[2026-09-25T18:58:46.092+00:00][P1][INFO][DEBUG_TX][sending to arduino]{wire=H}
[2026-09-25T18:58:46.596+00:00][P1][INFO][DEBUG_TX][sending to arduino]{wire=H}
[2026-09-25T18:58:47.092+00:00][P1][INFO][DEBUG_TX][sending to arduino]{wire=H}
[2026-09-25T18:58:47.624+00:00][P1][INFO][DEBUG_TX][sending to arduino]{wire=H}
[2026-09-25T18:58:48.093+00:00][P1][INFO][DEBUG_TX][sending to arduino]{wire=H}
[2026-09-25T18:58:48.610+00:00][P1][INFO][DEBUG_TX][sending to arduino]{wire=H}
[2026-09-25T18:58:49.092+00:00][P1][INFO][DEBUG_TX][sending to arduino]{wire=H}
[2026-09-25T18:58:49.599+00:00][P1][INFO][DEBUG_TX][sending to arduino]{wire=H}
[2026-09-25T18:58:50.093+00:00][P1][INFO][DEBUG_TX][sending to arduino]{wire=H}
[2026-09-25T18:58:50.611+00:00][P1][INFO][DEBUG_TX][sending to arduino]{wire=H}
[2026-09-25T18:58:51.093+00:00][P1][INFO][DEBUG_TX][sending to arduino]{wire=H}
[2026-09-25T18:58:51.625+00:00][P1][INFO][DEBUG_TX][sending to arduino]{wire=H}
[2026-09-25T18:58:52.093+00:00][P1][INFO][DEBUG_TX][sending to arduino]{wire=H}
[2026-09-25T18:58:52.609+00:00][P1][INFO][DEBUG_TX][sending to arduino]{wire=H}
[2026-09-25T18:58:53.093+00:00][P1][INFO][DEBUG_TX][sending to arduino]{wire=H}
[2026-09-25T18:58:53.594+00:00][P1][INFO][DEBUG_TX][sending to arduino]{wire=H}
[2026-09-25T18:58:54.097+00:00][P1][INFO][DEBUG_TX][sending to arduino]{wire=H}
[2026-09-25T18:58:54.625+00:00][P1][INFO][DEBUG_TX][sending to arduino]{wire=H}
[2026-09-25T18:58:55.093+00:00][P1][INFO][DEBUG_TX][sending to arduino]{wire=H}
[2026-09-25T18:58:55.610+00:00][P1][INFO][DEBUG_TX][sending to arduino]{wire=H}
[2026-09-25T18:58:56.092+00:00][P1][INFO][DEBUG_TX][sending to arduino]{wire=H}
[2026-09-25T18:58:56.599+00:00][P1][INFO][DEBUG_TX][sending to arduino]{wire=H}
[2026-09-25T18:58:57.092+00:00][P1][INFO][DEBUG_TX][sending to arduino]{wire=H}
[2026-09-25T18:58:57.599+00:00][P1][INFO][DEBUG_TX][sending to arduino]{wire=H}
[2026-09-25T18:58:58.092+00:00][P1][INFO][DEBUG_TX][sending to arduino]{wire=H}
[2026-09-25T18:58:58.594+00:00][P1][INFO][DEBUG_TX][sending to arduino]{wire=H}
[2026-09-25T18:58:59.092+00:00][P1][INFO][DEBUG_TX][sending to arduino]{wire=H}
[2026-09-25T18:58:59.599+00:00][P1][INFO][DEBUG_TX][sending to arduino]{wire=H}
[2026-09-25T18:59:00.092+00:00][P1][INFO][DEBUG_TX][sending to arduino]{wire=H}
[2026-09-25T18:59:00.599+00:00][P1][INFO][DEBUG_TX][sending to arduino]{wire=H}
[2026-09-25T18:59:01.092+00:00][P1][INFO][DEBUG_TX][sending to arduino]{wire=H}
[2026-09-25T18:59:01.600+00:00][P1][INFO][DEBUG_TX][sending to arduino]{wire=H}
[2026-09-25T18:59:02.093+00:00][P1][INFO][DEBUG_TX][sending to arduino]{wire=H}
[2026-09-25T18:59:02.623+00:00][P1][INFO][DEBUG_TX][sending to arduino]{wire=H}
[2026-09-25T18:59:03.093+00:00][P1][INFO][DEBUG_TX][sending to arduino]{wire=H}
[2026-09-25T18:59:03.600+00:00][P1][INFO][DEBUG_TX][sending to arduino]{wire=H}
[2026-09-25T18:59:04.092+00:00][P1][INFO][DEBUG_TX][sending to arduino]{wire=H}
[2026-09-25T18:59:04.600+00:00][P1][INFO][DEBUG_TX][sending to arduino]{wire=H}
[2026-09-25T18:59:05.092+00:00][P1][INFO][DEBUG_TX][sending to arduino]{wire=H}
[2026-09-25T18:59:05.600+00:00][P1][INFO][DEBUG_TX][sending to arduino]{wire=H}
[2026-09-25T18:59:06.092+00:00][P1][INFO][DEBUG_TX][sending to arduino]{wire=H}
[2026-09-25T18:59:06.601+00:00][P1][INFO][DEBUG_TX][sending to arduino]{wire=H}
[2026-09-25T18:59:07.092+00:00][P1][INFO][DEBUG_TX][sending to arduino]{wire=H}
[2026-09-25T18:59:07.600+00:00][P1][INFO][DEBUG_TX][sending to arduino]{wire=H}
[2026-09-25T18:59:08.093+00:00][P1][INFO][DEBUG_TX][sending to arduino]{wire=H}
[2026-09-25T18:59:08.610+00:00][P1][INFO][DEBUG_TX][sending to arduino]{wire=H}
[2026-09-25T18:59:09.093+00:00][P1][INFO][DEBUG_TX][sending to arduino]{wire=H}
[2026-09-25T18:59:09.610+00:00][P1][INFO][DEBUG_TX][sending to arduino]{wire=H}
[2026-09-25T18:59:10.092+00:00][P1][INFO][DEBUG_TX][sending to arduino]{wire=H}
[2026-09-25T18:59:10.626+00:00][P1][INFO][DEBUG_TX][sending to arduino]{wire=H}
[2026-09-25T18:59:11.093+00:00][P1][INFO][DEBUG_TX][sending to arduino]{wire=H}
[2026-09-25T18:59:11.622+00:00][P1][INFO][DEBUG_TX][sending to arduino]{wire=H}
[2026-09-25T18:59:12.092+00:00][P1][INFO][DEBUG_TX][sending to arduino]{wire=H}
[2026-09-25T18:59:12.600+00:00][P1][INFO][DEBUG_TX][sending to arduino]{wire=H}
[2026-09-25T18:59:13.092+00:00][P1][INFO][DEBUG_TX][sending to arduino]{wire=H}
[2026-09-25T18:59:13.602+00:00][P1][INFO][DEBUG_TX][sending to arduino]{wire=H}
[2026-09-25T18:59:14.092+00:00][P1][INFO][DEBUG_TX][sending to arduino]{wire=H}
[2026-09-25T18:59:14.633+00:00][P1][INFO][DEBUG_TX][sending to arduino]{wire=H}
[2026-09-25T18:59:15.092+00:00][P1][INFO][DEBUG_TX][sending to arduino]{wire=H}
[2026-09-25T18:59:15.609+00:00][P1][INFO][DEBUG_TX][sending to arduino]{wire=H}
[2026-09-25T18:59:16.093+00:00][P1][INFO][DEBUG_TX][sending to arduino]{wire=H}
[2026-09-25T18:59:16.600+00:00][P1][INFO][DEBUG_TX][sending to arduino]{wire=H}
[2026-09-25T18:59:17.092+00:00][P1][INFO][DEBUG_TX][sending to arduino]{wire=H}
[2026-09-25T18:59:17.600+00:00][P1][INFO][DEBUG_TX][sending to arduino]{wire=H}
[2026-09-25T18:59:18.092+00:00][P1][INFO][DEBUG_TX][sending to arduino]{wire=H}
[2026-09-25T18:59:18.678+00:00][P1][INFO][DEBUG_TX][sending to arduino]{wire=H}
[2026-09-25T18:59:19.098+00:00][P1][INFO][DEBUG_TX][sending to arduino]{wire=H}
[2026-09-25T18:59:19.626+00:00][P1][INFO][DEBUG_TX][sending to arduino]{wire=H}
[2026-09-25T18:59:20.093+00:00][P1][INFO][DEBUG_TX][sending to arduino]{wire=H}
[2026-09-25T18:59:21.525+00:00][P1][INFO][DEBUG_TX][sending to arduino]{wire=H}
[2026-09-25T18:59:22.297+00:00][P1][INFO][DEBUG_TX][sending to arduino]{wire=H}
[2026-09-25T18:59:22.629+00:00][P1][INFO][DEBUG_TX][sending to arduino]{wire=H}
[2026-09-25T18:59:23.099+00:00][P1][INFO][DEBUG_TX][sending to arduino]{wire=H}
[2026-09-25T18:59:23.595+00:00][P1][INFO][DEBUG_TX][sending to arduino]{wire=H}
[2026-09-25T18:59:24.104+00:00][P1][INFO][DEBUG_TX][sending to arduino]{wire=H}
[2026-09-25T18:59:24.615+00:00][P1][INFO][DEBUG_TX][sending to arduino]{wire=H}
[2026-09-25T18:59:25.213+00:00][P1][INFO][DEBUG_TX][sending to arduino]{wire=H}
[2026-09-25T18:59:25.619+00:00][P1][INFO][DEBUG_TX][sending to arduino]{wire=H}
[2026-09-25T18:59:26.128+00:00][P1][INFO][DEBUG_TX][sending to arduino]{wire=H}
[2026-09-25T18:59:26.784+00:00][P1][INFO][DEBUG_TX][sending to arduino]{wire=H}
[2026-09-25T18:59:27.410+00:00][P1][INFO][DEBUG_TX][sending to arduino]{wire=H}
[2026-09-25T18:59:27.645+00:00][P1][INFO][DEBUG_TX][sending to arduino]{wire=H}
[2026-09-25T18:59:28.093+00:00][P1][INFO][DEBUG_TX][sending to arduino]{wire=H}
[2026-09-25T18:59:28.189+00:00][P1][INFO][DEBUG_TX][sending to arduino]{wire=R120}
[2026-09-25T18:59:28.547+00:00][P1][INFO][DEBUG_TX][sending to arduino]{wire=S}
[2026-09-25T18:59:28.595+00:00][P1][INFO][DEBUG_TX][sending to arduino]{wire=H}
[2026-09-25T18:59:29.001+00:00][P1][INFO][DEBUG_TX][sending to arduino]{wire=R120}
[2026-09-25T18:59:29.183+00:00][P1][INFO][DEBUG_TX][sending to arduino]{wire=H}
[2026-09-25T18:59:29.639+00:00][P1][INFO][DEBUG_TX][sending to arduino]{wire=H}
[2026-09-25T18:59:30.101+00:00][P1][INFO][DEBUG_TX][sending to arduino]{wire=H}
[2026-09-25T18:59:30.625+00:00][P1][INFO][DEBUG_TX][sending to arduino]{wire=H}
[2026-09-25T18:59:31.149+00:00][P1][INFO][DEBUG_TX][sending to arduino]{wire=H}
[2026-09-25T18:59:31.623+00:00][P1][INFO][DEBUG_TX][sending to arduino]{wire=H}
[2026-09-25T18:59:32.094+00:00][P1][INFO][DEBUG_TX][sending to arduino]{wire=H}
[2026-09-25T18:59:32.623+00:00][P1][INFO][DEBUG_TX][sending to arduino]{wire=H}
[2026-09-25T18:59:33.093+00:00][P1][INFO][DEBUG_TX][sending to arduino]{wire=H}
[2026-09-25T18:59:33.625+00:00][P1][INFO][DEBUG_TX][sending to arduino]{wire=H}
[2026-09-25T18:59:34.097+00:00][P1][INFO][DEBUG_TX][sending to arduino]{wire=H}
[2026-09-25T18:59:34.361+00:00][P1][INFO][DEBUG_TX][sending to arduino]{wire=S}
[2026-09-25T18:59:34.540+00:00][P1][INFO][DEBUG_TX][sending to arduino]{wire=R120}
[2026-09-25T18:59:34.624+00:00][P1][INFO][DEBUG_TX][sending to arduino]{wire=H}
[2026-09-25T18:59:35.092+00:00][P1][INFO][DEBUG_TX][sending to arduino]{wire=H}
[2026-09-25T18:59:35.600+00:00][P1][INFO][DEBUG_TX][sending to arduino]{wire=H}
[2026-09-25T18:59:36.092+00:00][P1][INFO][DEBUG_TX][sending to arduino]{wire=H}
[2026-09-25T18:59:36.626+00:00][P1][INFO][DEBUG_TX][sending to arduino]{wire=H}
[2026-09-25T18:59:36.923+00:00][P1][INFO][DEBUG_TX][sending to arduino]{wire=S}
[2026-09-25T18:59:37.093+00:00][P1][INFO][DEBUG_TX][sending to arduino]{wire=H}
[2026-09-25T18:59:37.262+00:00][P1][INFO][DEBUG_TX][sending to arduino]{wire=R120}
[2026-09-25T18:59:37.628+00:00][P1][INFO][DEBUG_TX][sending to arduino]{wire=H}
[2026-09-25T18:59:38.093+00:00][P1][INFO][DEBUG_TX][sending to arduino]{wire=H}
[2026-09-25T18:59:38.618+00:00][P1][INFO][DEBUG_TX][sending to arduino]{wire=H}
[2026-09-25T18:59:39.092+00:00][P1][INFO][DEBUG_TX][sending to arduino]{wire=H}
[2026-09-25T18:59:39.594+00:00][P1][INFO][DEBUG_TX][sending to arduino]{wire=H}
[2026-09-25T18:59:40.092+00:00][P1][INFO][DEBUG_TX][sending to arduino]{wire=H}
[2026-09-25T18:59:40.627+00:00][P1][INFO][DEBUG_TX][sending to arduino]{wire=H}
[2026-09-25T18:59:41.097+00:00][P1][INFO][DEBUG_TX][sending to arduino]{wire=H}
[2026-09-25T18:59:41.625+00:00][P1][INFO][DEBUG_TX][sending to arduino]{wire=H}
[2026-09-25T18:59:42.093+00:00][P1][INFO][DEBUG_TX][sending to arduino]{wire=H}
[2026-09-25T18:59:42.601+00:00][P1][INFO][DEBUG_TX][sending to arduino]{wire=H}
[2026-09-25T18:59:43.093+00:00][P1][INFO][DEBUG_TX][sending to arduino]{wire=H}
[2026-09-25T18:59:43.636+00:00][P1][INFO][DEBUG_TX][sending to arduino]{wire=H}
[2026-09-25T18:59:44.093+00:00][P1][INFO][DEBUG_TX][sending to arduino]{wire=H}
[2026-09-25T18:59:44.605+00:00][P1][INFO][DEBUG_TX][sending to arduino]{wire=H}
[2026-09-25T18:59:44.659+00:00][P1][INFO][DEBUG_TX][sending to arduino]{wire=S}
[2026-09-25T18:59:45.132+00:00][P1][INFO][DEBUG_TX][sending to arduino]{wire=H}
[2026-09-25T18:59:45.633+00:00][P1][INFO][DEBUG_TX][sending to arduino]{wire=H}
[2026-09-25T18:59:46.093+00:00][P1][INFO][DEBUG_TX][sending to arduino]{wire=H}
[2026-09-25T18:59:46.624+00:00][P1][INFO][DEBUG_TX][sending to arduino]{wire=H}
[2026-09-25T18:59:47.093+00:00][P1][INFO][DEBUG_TX][sending to arduino]{wire=H}
[2026-09-25T18:59:47.625+00:00][P1][INFO][DEBUG_TX][sending to arduino]{wire=H}
[2026-09-25T18:59:48.093+00:00][P1][INFO][DEBUG_TX][sending to arduino]{wire=H}
[2026-09-25T18:59:48.609+00:00][P1][INFO][DEBUG_TX][sending to arduino]{wire=H}
[2026-09-25T18:59:49.096+00:00][P1][INFO][DEBUG_TX][sending to arduino]{wire=H}
[2026-09-25T18:59:49.635+00:00][P1][INFO][DEBUG_TX][sending to arduino]{wire=H}
[2026-09-25T18:59:50.094+00:00][P1][INFO][DEBUG_TX][sending to arduino]{wire=H}
[2026-09-25T18:59:50.667+00:00][P1][INFO][DEBUG_TX][sending to arduino]{wire=H}
[2026-09-25T18:59:51.114+00:00][P1][INFO][DEBUG_TX][sending to arduino]{wire=H}
[2026-09-25T18:59:51.624+00:00][P1][INFO][DEBUG_TX][sending to arduino]{wire=H}
[2026-09-25T18:59:52.095+00:00][P1][INFO][DEBUG_TX][sending to arduino]{wire=H}
[2026-09-25T18:59:52.623+00:00][P1][INFO][DEBUG_TX][sending to arduino]{wire=H}
[2026-09-25T18:59:53.092+00:00][P1][INFO][DEBUG_TX][sending to arduino]{wire=H}
[2026-09-25T18:59:53.593+00:00][P1][INFO][DEBUG_TX][sending to arduino]{wire=H}
[2026-09-25T18:59:54.092+00:00][P1][INFO][DEBUG_TX][sending to arduino]{wire=H}
[2026-09-25T18:59:54.631+00:00][P1][INFO][DEBUG_TX][sending to arduino]{wire=H}
[2026-09-25T18:59:55.093+00:00][P1][INFO][DEBUG_TX][sending to arduino]{wire=H}
[2026-09-25T18:59:55.639+00:00][P1][INFO][DEBUG_TX][sending to arduino]{wire=H}
[2026-09-25T18:59:56.093+00:00][P1][INFO][DEBUG_TX][sending to arduino]{wire=H}
[2026-09-25T18:59:56.602+00:00][P1][INFO][DEBUG_TX][sending to arduino]{wire=H}
[2026-09-25T18:59:57.093+00:00][P1][INFO][DEBUG_TX][sending to arduino]{wire=H}
[2026-09-25T18:59:57.622+00:00][P1][INFO][DEBUG_TX][sending to arduino]{wire=H}
[2026-09-25T18:59:58.093+00:00][P1][INFO][DEBUG_TX][sending to arduino]{wire=H}
[2026-09-25T18:59:58.599+00:00][P1][INFO][DEBUG_TX][sending to arduino]{wire=H}
[2026-09-25T18:59:59.092+00:00][P1][INFO][DEBUG_TX][sending to arduino]{wire=H}
[2026-09-25T18:59:59.606+00:00][P1][INFO][DEBUG_TX][sending to arduino]{wire=H}
[2026-09-25T19:00:00.102+00:00][P1][INFO][DEBUG_TX][sending to arduino]{wire=H}
[2026-09-25T19:00:00.625+00:00][P1][INFO][DEBUG_TX][sending to arduino]{wire=H}
[2026-09-25T19:00:01.093+00:00][P1][INFO][DEBUG_TX][sending to arduino]{wire=H}
[2026-09-25T19:00:01.623+00:00][P1][INFO][DEBUG_TX][sending to arduino]{wire=H}
[2026-09-25T19:00:02.092+00:00][P1][INFO][DEBUG_TX][sending to arduino]{wire=H}
[2026-09-25T19:00:02.625+00:00][P1][INFO][DEBUG_TX][sending to arduino]{wire=H}
[2026-09-25T19:00:03.101+00:00][P1][INFO][DEBUG_TX][sending to arduino]{wire=H}
[2026-09-25T19:00:03.623+00:00][P1][INFO][DEBUG_TX][sending to arduino]{wire=H}
[2026-09-25T19:00:04.092+00:00][P1][INFO][DEBUG_TX][sending to arduino]{wire=H}
[2026-09-25T19:00:04.623+00:00][P1][INFO][DEBUG_TX][sending to arduino]{wire=H}
[2026-09-25T19:00:05.093+00:00][P1][INFO][DEBUG_TX][sending to arduino]{wire=H}
[2026-09-25T19:00:05.624+00:00][P1][INFO][DEBUG_TX][sending to arduino]{wire=H}
[2026-09-25T19:00:06.092+00:00][P1][INFO][DEBUG_TX][sending to arduino]{wire=H}
[2026-09-25T19:00:06.626+00:00][P1][INFO][DEBUG_TX][sending to arduino]{wire=H}
[2026-09-25T19:00:07.093+00:00][P1][INFO][DEBUG_TX][sending to arduino]{wire=H}
[2026-09-25T19:00:07.609+00:00][P1][INFO][DEBUG_TX][sending to arduino]{wire=H}
[2026-09-25T19:00:08.092+00:00][P1][INFO][DEBUG_TX][sending to arduino]{wire=H}
[2026-09-25T19:00:08.635+00:00][P1][INFO][DEBUG_TX][sending to arduino]{wire=H}
[2026-09-25T19:00:09.093+00:00][P1][INFO][DEBUG_TX][sending to arduino]{wire=H}
[2026-09-25T19:00:09.628+00:00][P1][INFO][DEBUG_TX][sending to arduino]{wire=H}
[2026-09-25T19:00:10.092+00:00][P1][INFO][DEBUG_TX][sending to arduino]{wire=H}
[2026-09-25T19:00:10.613+00:00][P1][INFO][DEBUG_TX][sending to arduino]{wire=H}
[2026-09-25T19:00:11.093+00:00][P1][INFO][DEBUG_TX][sending to arduino]{wire=H}
[2026-09-25T19:00:11.626+00:00][P1][INFO][DEBUG_TX][sending to arduino]{wire=H}
[2026-09-25T19:00:12.093+00:00][P1][INFO][DEBUG_TX][sending to arduino]{wire=H}
[2026-09-25T19:00:12.623+00:00][P1][INFO][DEBUG_TX][sending to arduino]{wire=H}
[2026-09-25T19:00:13.093+00:00][P1][INFO][DEBUG_TX][sending to arduino]{wire=H}
[2026-09-25T19:00:13.623+00:00][P1][INFO][DEBUG_TX][sending to arduino]{wire=H}
[2026-09-25T19:00:14.092+00:00][P1][INFO][DEBUG_TX][sending to arduino]{wire=H}
[2026-09-25T19:00:14.613+00:00][P1][INFO][DEBUG_TX][sending to arduino]{wire=H}
[2026-09-25T19:00:15.095+00:00][P1][INFO][DEBUG_TX][sending to arduino]{wire=H}
[2026-09-25T19:00:15.625+00:00][P1][INFO][DEBUG_TX][sending to arduino]{wire=H}
[2026-09-25T19:00:16.093+00:00][P1][INFO][DEBUG_TX][sending to arduino]{wire=H}
[2026-09-25T19:00:16.610+00:00][P1][INFO][DEBUG_TX][sending to arduino]{wire=H}
[2026-09-25T19:00:17.093+00:00][P1][INFO][DEBUG_TX][sending to arduino]{wire=H}
[2026-09-25T19:00:17.625+00:00][P1][INFO][DEBUG_TX][sending to arduino]{wire=H}
[2026-09-25T19:00:18.093+00:00][P1][INFO][DEBUG_TX][sending to arduino]{wire=H}
[2026-09-25T19:00:18.623+00:00][P1][INFO][DEBUG_TX][sending to arduino]{wire=H}
[2026-09-25T19:00:19.093+00:00][P1][INFO][DEBUG_TX][sending to arduino]{wire=H}
[2026-09-25T19:00:19.609+00:00][P1][INFO][DEBUG_TX][sending to arduino]{wire=H}
[2026-09-25T19:00:20.093+00:00][P1][INFO][DEBUG_TX][sending to arduino]{wire=H}
[2026-09-25T19:00:20.599+00:00][P1][INFO][DEBUG_TX][sending to arduino]{wire=H}
[2026-09-25T19:00:21.092+00:00][P1][INFO][DEBUG_TX][sending to arduino]{wire=H}
[2026-09-25T19:00:21.599+00:00][P1][INFO][DEBUG_TX][sending to arduino]{wire=H}
[2026-09-25T19:00:22.093+00:00][P1][INFO][DEBUG_TX][sending to arduino]{wire=H}
[2026-09-25T19:00:22.630+00:00][P1][INFO][DEBUG_TX][sending to arduino]{wire=H}
[2026-09-25T19:00:23.093+00:00][P1][INFO][DEBUG_TX][sending to arduino]{wire=H}
[2026-09-25T19:00:23.597+00:00][P1][INFO][DEBUG_TX][sending to arduino]{wire=H}
[2026-09-25T19:00:24.093+00:00][P1][INFO][DEBUG_TX][sending to arduino]{wire=H}
[2026-09-25T19:00:24.627+00:00][P1][INFO][DEBUG_TX][sending to arduino]{wire=H}
[2026-09-25T19:00:25.093+00:00][P1][INFO][DEBUG_TX][sending to arduino]{wire=H}
[2026-09-25T19:00:25.624+00:00][P1][INFO][DEBUG_TX][sending to arduino]{wire=H}
[2026-09-25T19:00:26.093+00:00][P1][INFO][DEBUG_TX][sending to arduino]{wire=H}
[2026-09-25T19:00:26.599+00:00][P1][INFO][DEBUG_TX][sending to arduino]{wire=H}
[2026-09-25T19:00:27.092+00:00][P1][INFO][DEBUG_TX][sending to arduino]{wire=H}
[2026-09-25T19:00:27.600+00:00][P1][INFO][DEBUG_TX][sending to arduino]{wire=H}
[2026-09-25T19:00:28.092+00:00][P1][INFO][DEBUG_TX][sending to arduino]{wire=H}
[2026-09-25T19:00:28.625+00:00][P1][INFO][DEBUG_TX][sending to arduino]{wire=H}
[2026-09-25T19:00:29.097+00:00][P1][INFO][DEBUG_TX][sending to arduino]{wire=H}
[2026-09-25T19:00:29.623+00:00][P1][INFO][DEBUG_TX][sending to arduino]{wire=H}
[2026-09-25T19:00:30.094+00:00][P1][INFO][DEBUG_TX][sending to arduino]{wire=H}
[2026-09-25T19:00:30.613+00:00][P1][INFO][DEBUG_TX][sending to arduino]{wire=H}
[2026-09-25T19:00:31.093+00:00][P1][INFO][DEBUG_TX][sending to arduino]{wire=H}
[2026-09-25T19:00:31.626+00:00][P1][INFO][DEBUG_TX][sending to arduino]{wire=H}
[2026-09-25T19:00:32.093+00:00][P1][INFO][DEBUG_TX][sending to arduino]{wire=H}
[2026-09-25T19:00:32.625+00:00][P1][INFO][DEBUG_TX][sending to arduino]{wire=H}
[2026-09-25T19:00:33.093+00:00][P1][INFO][DEBUG_TX][sending to arduino]{wire=H}
[2026-09-25T19:00:33.593+00:00][P1][INFO][DEBUG_TX][sending to arduino]{wire=H}
[2026-09-25T19:00:34.092+00:00][P1][INFO][DEBUG_TX][sending to arduino]{wire=H}
[2026-09-25T19:00:34.623+00:00][P1][INFO][DEBUG_TX][sending to arduino]{wire=H}
[2026-09-25T19:00:35.093+00:00][P1][INFO][DEBUG_TX][sending to arduino]{wire=H}
[2026-09-25T19:00:35.623+00:00][P1][INFO][DEBUG_TX][sending to arduino]{wire=H}
[2026-09-25T19:00:36.093+00:00][P1][INFO][DEBUG_TX][sending to arduino]{wire=H}
[2026-09-25T19:00:36.634+00:00][P1][INFO][DEBUG_TX][sending to arduino]{wire=H}
[2026-09-25T19:00:37.097+00:00][P1][INFO][DEBUG_TX][sending to arduino]{wire=H}
[2026-09-25T19:00:37.631+00:00][P1][INFO][DEBUG_TX][sending to arduino]{wire=H}
[2026-09-25T19:00:38.093+00:00][P1][INFO][DEBUG_TX][sending to arduino]{wire=H}
[2026-09-25T19:00:38.613+00:00][P1][INFO][DEBUG_TX][sending to arduino]{wire=H}
[2026-09-25T19:00:39.093+00:00][P1][INFO][DEBUG_TX][sending to arduino]{wire=H}
[2026-09-25T19:00:39.623+00:00][P1][INFO][DEBUG_TX][sending to arduino]{wire=H}
[2026-09-25T19:00:40.093+00:00][P1][INFO][DEBUG_TX][sending to arduino]{wire=H}
[2026-09-25T19:00:40.622+00:00][P1][INFO][DEBUG_TX][sending to arduino]{wire=H}
[2026-09-25T19:00:41.093+00:00][P1][INFO][DEBUG_TX][sending to arduino]{wire=H}
[2026-09-25T19:00:41.623+00:00][P1][INFO][DEBUG_TX][sending to arduino]{wire=H}
[2026-09-25T19:00:42.092+00:00][P1][INFO][DEBUG_TX][sending to arduino]{wire=H}
[2026-09-25T19:00:42.600+00:00][P1][INFO][DEBUG_TX][sending to arduino]{wire=H}
[2026-09-25T19:00:43.093+00:00][P1][INFO][DEBUG_TX][sending to arduino]{wire=H}
[2026-09-25T19:00:43.626+00:00][P1][INFO][DEBUG_TX][sending to arduino]{wire=H}
[2026-09-25T19:00:44.102+00:00][P1][INFO][DEBUG_TX][sending to arduino]{wire=H}
[2026-09-25T19:00:44.609+00:00][P1][INFO][DEBUG_TX][sending to arduino]{wire=H}
[2026-09-25T19:00:45.092+00:00][P1][INFO][DEBUG_TX][sending to arduino]{wire=H}
[2026-09-25T19:00:45.599+00:00][P1][INFO][DEBUG_TX][sending to arduino]{wire=H}
[2026-09-25T19:00:46.093+00:00][P1][INFO][DEBUG_TX][sending to arduino]{wire=H}
[2026-09-25T19:00:46.623+00:00][P1][INFO][DEBUG_TX][sending to arduino]{wire=H}
[2026-09-25T19:00:47.093+00:00][P1][INFO][DEBUG_TX][sending to arduino]{wire=H}
[2026-09-25T19:00:47.599+00:00][P1][INFO][DEBUG_TX][sending to arduino]{wire=H}
[2026-09-25T19:00:48.092+00:00][P1][INFO][DEBUG_TX][sending to arduino]{wire=H}
[2026-09-25T19:00:48.599+00:00][P1][INFO][DEBUG_TX][sending to arduino]{wire=H}
[2026-09-25T19:00:49.092+00:00][P1][INFO][DEBUG_TX][sending to arduino]{wire=H}
[2026-09-25T19:00:49.594+00:00][P1][INFO][DEBUG_TX][sending to arduino]{wire=H}
[2026-09-25T19:00:50.092+00:00][P1][INFO][DEBUG_TX][sending to arduino]{wire=H}
[2026-09-25T19:00:50.630+00:00][P1][INFO][DEBUG_TX][sending to arduino]{wire=H}
[2026-09-25T19:00:51.094+00:00][P1][INFO][DEBUG_TX][sending to arduino]{wire=H}
[2026-09-25T19:00:51.640+00:00][P1][INFO][DEBUG_TX][sending to arduino]{wire=H}
[2026-09-25T19:00:52.092+00:00][P1][INFO][DEBUG_TX][sending to arduino]{wire=H}
[2026-09-25T19:00:52.607+00:00][P1][INFO][DEBUG_TX][sending to arduino]{wire=H}
[2026-09-25T19:00:53.092+00:00][P1][INFO][DEBUG_TX][sending to arduino]{wire=H}
[2026-09-25T19:00:53.598+00:00][P1][INFO][DEBUG_TX][sending to arduino]{wire=H}
[2026-09-25T19:00:54.093+00:00][P1][INFO][DEBUG_TX][sending to arduino]{wire=H}
[2026-09-25T19:00:54.623+00:00][P1][INFO][DEBUG_TX][sending to arduino]{wire=H}
[2026-09-25T19:00:55.097+00:00][P1][INFO][DEBUG_TX][sending to arduino]{wire=H}
[2026-09-25T19:00:55.600+00:00][P1][INFO][DEBUG_TX][sending to arduino]{wire=H}
[2026-09-25T19:00:56.092+00:00][P1][INFO][DEBUG_TX][sending to arduino]{wire=H}
[2026-09-25T19:00:56.596+00:00][P1][INFO][DEBUG_TX][sending to arduino]{wire=H}
[2026-09-25T19:00:57.093+00:00][P1][INFO][DEBUG_TX][sending to arduino]{wire=H}
[2026-09-25T19:00:57.627+00:00][P1][INFO][DEBUG_TX][sending to arduino]{wire=H}
[2026-09-25T19:00:58.094+00:00][P1][INFO][DEBUG_TX][sending to arduino]{wire=H}
[2026-09-25T19:00:58.623+00:00][P1][INFO][DEBUG_TX][sending to arduino]{wire=H}
[2026-09-25T19:00:59.095+00:00][P1][INFO][DEBUG_TX][sending to arduino]{wire=H}
[2026-09-25T19:00:59.624+00:00][P1][INFO][DEBUG_TX][sending to arduino]{wire=H}
[2026-09-25T19:01:00.093+00:00][P1][INFO][DEBUG_TX][sending to arduino]{wire=H}
[2026-09-25T19:01:00.612+00:00][P1][INFO][DEBUG_TX][sending to arduino]{wire=H}
[2026-09-25T19:01:01.092+00:00][P1][INFO][DEBUG_TX][sending to arduino]{wire=H}
[2026-09-25T19:01:01.594+00:00][P1][INFO][DEBUG_TX][sending to arduino]{wire=H}
[2026-09-25T19:01:02.093+00:00][P1][INFO][DEBUG_TX][sending to arduino]{wire=H}
[2026-09-25T19:01:02.629+00:00][P1][INFO][DEBUG_TX][sending to arduino]{wire=H}
[2026-09-25T19:01:03.093+00:00][P1][INFO][DEBUG_TX][sending to arduino]{wire=H}
[2026-09-25T19:01:03.628+00:00][P1][INFO][DEBUG_TX][sending to arduino]{wire=H}
[2026-09-25T19:01:04.093+00:00][P1][INFO][DEBUG_TX][sending to arduino]{wire=H}
[2026-09-25T19:01:04.634+00:00][P1][INFO][DEBUG_TX][sending to arduino]{wire=H}
[2026-09-25T19:01:05.093+00:00][P1][INFO][DEBUG_TX][sending to arduino]{wire=H}
[2026-09-25T19:01:05.614+00:00][P1][INFO][DEBUG_TX][sending to arduino]{wire=H}
[2026-09-25T19:01:06.093+00:00][P1][INFO][DEBUG_TX][sending to arduino]{wire=H}
[2026-09-25T19:01:06.610+00:00][P1][INFO][DEBUG_TX][sending to arduino]{wire=H}
[2026-09-25T19:01:07.093+00:00][P1][INFO][DEBUG_TX][sending to arduino]{wire=H}
[2026-09-25T19:01:07.624+00:00][P1][INFO][DEBUG_TX][sending to arduino]{wire=H}
[2026-09-25T19:01:08.093+00:00][P1][INFO][DEBUG_TX][sending to arduino]{wire=H}
[2026-09-25T19:01:08.599+00:00][P1][INFO][DEBUG_TX][sending to arduino]{wire=H}
[2026-09-25T19:01:09.094+00:00][P1][INFO][DEBUG_TX][sending to arduino]{wire=H}
[2026-09-25T19:01:09.624+00:00][P1][INFO][DEBUG_TX][sending to arduino]{wire=H}
[2026-09-25T19:01:10.097+00:00][P1][INFO][DEBUG_TX][sending to arduino]{wire=H}
[2026-09-25T19:01:10.623+00:00][P1][INFO][DEBUG_TX][sending to arduino]{wire=H}
[2026-09-25T19:01:11.094+00:00][P1][INFO][DEBUG_TX][sending to arduino]{wire=H}
[2026-09-25T19:01:11.610+00:00][P1][INFO][DEBUG_TX][sending to arduino]{wire=H}
[2026-09-25T19:01:12.093+00:00][P1][INFO][DEBUG_TX][sending to arduino]{wire=H}
[2026-09-25T19:01:12.623+00:00][P1][INFO][DEBUG_TX][sending to arduino]{wire=H}
[2026-09-25T19:01:13.092+00:00][P1][INFO][DEBUG_TX][sending to arduino]{wire=H}
[2026-09-25T19:01:13.611+00:00][P1][INFO][DEBUG_TX][sending to arduino]{wire=H}
[2026-09-25T19:01:14.093+00:00][P1][INFO][DEBUG_TX][sending to arduino]{wire=H}
[2026-09-25T19:01:14.623+00:00][P1][INFO][DEBUG_TX][sending to arduino]{wire=H}
[2026-09-25T19:01:15.092+00:00][P1][INFO][DEBUG_TX][sending to arduino]{wire=H}
[2026-09-25T19:01:15.640+00:00][P1][INFO][DEBUG_TX][sending to arduino]{wire=H}
[2026-09-25T19:01:16.093+00:00][P1][INFO][DEBUG_TX][sending to arduino]{wire=H}
[2026-09-25T19:01:16.624+00:00][P1][INFO][DEBUG_TX][sending to arduino]{wire=H}
[2026-09-25T19:01:17.093+00:00][P1][INFO][DEBUG_TX][sending to arduino]{wire=H}
[2026-09-25T19:01:17.616+00:00][P1][INFO][DEBUG_TX][sending to arduino]{wire=H}
[2026-09-25T19:01:18.093+00:00][P1][INFO][DEBUG_TX][sending to arduino]{wire=H}
[2026-09-25T19:01:18.630+00:00][P1][INFO][DEBUG_TX][sending to arduino]{wire=H}
[2026-09-25T19:01:19.093+00:00][P1][INFO][DEBUG_TX][sending to arduino]{wire=H}
[2026-09-25T19:01:19.599+00:00][P1][INFO][DEBUG_TX][sending to arduino]{wire=H}
[2026-09-25T19:01:20.092+00:00][P1][INFO][DEBUG_TX][sending to arduino]{wire=H}
[2026-09-25T19:01:20.593+00:00][P1][INFO][DEBUG_TX][sending to arduino]{wire=H}
[2026-09-25T19:01:21.092+00:00][P1][INFO][DEBUG_TX][sending to arduino]{wire=H}
[2026-09-25T19:01:21.596+00:00][P1][INFO][DEBUG_TX][sending to arduino]{wire=H}
[2026-09-25T19:01:22.092+00:00][P1][INFO][DEBUG_TX][sending to arduino]{wire=H}
[2026-09-25T19:01:22.594+00:00][P1][INFO][DEBUG_TX][sending to arduino]{wire=H}
[2026-09-25T19:01:23.094+00:00][P1][INFO][DEBUG_TX][sending to arduino]{wire=H}
[2026-09-25T19:01:23.625+00:00][P1][INFO][DEBUG_TX][sending to arduino]{wire=H}
[2026-09-25T19:01:24.094+00:00][P1][INFO][DEBUG_TX][sending to arduino]{wire=H}
[2026-09-25T19:01:24.602+00:00][P1][INFO][DEBUG_TX][sending to arduino]{wire=H}
[2026-09-25T19:01:25.098+00:00][P1][INFO][DEBUG_TX][sending to arduino]{wire=H}
[2026-09-25T19:01:25.611+00:00][P1][INFO][DEBUG_TX][sending to arduino]{wire=H}
[2026-09-25T19:01:26.096+00:00][P1][INFO][DEBUG_TX][sending to arduino]{wire=H}
[2026-09-25T19:01:26.624+00:00][P1][INFO][DEBUG_TX][sending to arduino]{wire=H}
[2026-09-25T19:01:27.094+00:00][P1][INFO][DEBUG_TX][sending to arduino]{wire=H}
[2026-09-25T19:01:27.623+00:00][P1][INFO][DEBUG_TX][sending to arduino]{wire=H}
[2026-09-25T19:01:28.093+00:00][P1][INFO][DEBUG_TX][sending to arduino]{wire=H}
[2026-09-25T19:01:28.600+00:00][P1][INFO][DEBUG_TX][sending to arduino]{wire=H}
[2026-09-25T19:01:29.092+00:00][P1][INFO][DEBUG_TX][sending to arduino]{wire=H}
[2026-09-25T19:01:29.626+00:00][P1][INFO][DEBUG_TX][sending to arduino]{wire=H}
[2026-09-25T19:01:30.093+00:00][P1][INFO][DEBUG_TX][sending to arduino]{wire=H}
[2026-09-25T19:01:30.627+00:00][P1][INFO][DEBUG_TX][sending to arduino]{wire=H}
[2026-09-25T19:01:31.093+00:00][P1][INFO][DEBUG_TX][sending to arduino]{wire=H}
[2026-09-25T19:01:31.596+00:00][P1][INFO][DEBUG_TX][sending to arduino]{wire=H}
[2026-09-25T19:01:32.093+00:00][P1][INFO][DEBUG_TX][sending to arduino]{wire=H}
[2026-09-25T19:01:32.636+00:00][P1][INFO][DEBUG_TX][sending to arduino]{wire=H}
[2026-09-25T19:01:33.093+00:00][P1][INFO][DEBUG_TX][sending to arduino]{wire=H}
[2026-09-25T19:01:33.599+00:00][P1][INFO][DEBUG_TX][sending to arduino]{wire=H}
[2026-09-25T19:01:34.093+00:00][P1][INFO][DEBUG_TX][sending to arduino]{wire=H}
[2026-09-25T19:01:34.624+00:00][P1][INFO][DEBUG_TX][sending to arduino]{wire=H}
[2026-09-25T19:01:35.093+00:00][P1][INFO][DEBUG_TX][sending to arduino]{wire=H}
[2026-09-25T19:01:35.623+00:00][P1][INFO][DEBUG_TX][sending to arduino]{wire=H}
[2026-09-25T19:01:36.094+00:00][P1][INFO][DEBUG_TX][sending to arduino]{wire=H}
[2026-09-25T19:01:36.625+00:00][P1][INFO][DEBUG_TX][sending to arduino]{wire=H}
[2026-09-25T19:01:37.094+00:00][P1][INFO][DEBUG_TX][sending to arduino]{wire=H}
[2026-09-25T19:01:37.632+00:00][P1][INFO][DEBUG_TX][sending to arduino]{wire=H}
[2026-09-25T19:01:38.092+00:00][P1][INFO][DEBUG_TX][sending to arduino]{wire=H}
[2026-09-25T19:01:38.600+00:00][P1][INFO][DEBUG_TX][sending to arduino]{wire=H}
[2026-09-25T19:01:39.092+00:00][P1][INFO][DEBUG_TX][sending to arduino]{wire=H}
[2026-09-25T19:01:39.599+00:00][P1][INFO][DEBUG_TX][sending to arduino]{wire=H}
[2026-09-25T19:01:40.094+00:00][P1][INFO][DEBUG_TX][sending to arduino]{wire=H}
[2026-09-25T19:01:40.624+00:00][P1][INFO][DEBUG_TX][sending to arduino]{wire=H}
[2026-09-25T19:01:41.093+00:00][P1][INFO][DEBUG_TX][sending to arduino]{wire=H}
[2026-09-25T19:01:41.625+00:00][P1][INFO][DEBUG_TX][sending to arduino]{wire=H}
[2026-09-25T19:01:42.092+00:00][P1][INFO][DEBUG_TX][sending to arduino]{wire=H}
[2026-09-25T19:01:42.624+00:00][P1][INFO][DEBUG_TX][sending to arduino]{wire=H}
[2026-09-25T19:01:43.093+00:00][P1][INFO][DEBUG_TX][sending to arduino]{wire=H}
[2026-09-25T19:01:43.623+00:00][P1][INFO][DEBUG_TX][sending to arduino]{wire=H}
[2026-09-25T19:01:44.092+00:00][P1][INFO][DEBUG_TX][sending to arduino]{wire=H}
[2026-09-25T19:01:44.623+00:00][P1][INFO][DEBUG_TX][sending to arduino]{wire=H}
[2026-09-25T19:01:45.093+00:00][P1][INFO][DEBUG_TX][sending to arduino]{wire=H}
[2026-09-25T19:01:45.628+00:00][P1][INFO][DEBUG_TX][sending to arduino]{wire=H}
[2026-09-25T19:01:46.092+00:00][P1][INFO][DEBUG_TX][sending to arduino]{wire=H}
[2026-09-25T19:01:46.634+00:00][P1][INFO][DEBUG_TX][sending to arduino]{wire=H}
[2026-09-25T19:01:47.093+00:00][P1][INFO][DEBUG_TX][sending to arduino]{wire=H}
[2026-09-25T19:01:47.627+00:00][P1][INFO][DEBUG_TX][sending to arduino]{wire=H}
[2026-09-25T19:01:48.093+00:00][P1][INFO][DEBUG_TX][sending to arduino]{wire=H}
[2026-09-25T19:01:48.610+00:00][P1][INFO][DEBUG_TX][sending to arduino]{wire=H}
[2026-09-25T19:01:49.093+00:00][P1][INFO][DEBUG_TX][sending to arduino]{wire=H}
[2026-09-25T19:01:49.610+00:00][P1][INFO][DEBUG_TX][sending to arduino]{wire=H}
[2026-09-25T19:01:50.092+00:00][P1][INFO][DEBUG_TX][sending to arduino]{wire=H}
[2026-09-25T19:01:50.625+00:00][P1][INFO][DEBUG_TX][sending to arduino]{wire=H}
[2026-09-25T19:01:51.097+00:00][P1][INFO][DEBUG_TX][sending to arduino]{wire=H}
[2026-09-25T19:01:51.622+00:00][P1][INFO][DEBUG_TX][sending to arduino]{wire=H}
[2026-09-25T19:01:52.092+00:00][P1][INFO][DEBUG_TX][sending to arduino]{wire=H}
[2026-09-25T19:01:52.600+00:00][P1][INFO][DEBUG_TX][sending to arduino]{wire=H}
[2026-09-25T19:01:53.093+00:00][P1][INFO][DEBUG_TX][sending to arduino]{wire=H}
[2026-09-25T19:01:53.624+00:00][P1][INFO][DEBUG_TX][sending to arduino]{wire=H}
[2026-09-25T19:01:54.094+00:00][P1][INFO][DEBUG_TX][sending to arduino]{wire=H}
[2026-09-25T19:01:54.623+00:00][P1][INFO][DEBUG_TX][sending to arduino]{wire=H}
[2026-09-25T19:01:55.092+00:00][P1][INFO][DEBUG_TX][sending to arduino]{wire=H}
[2026-09-25T19:01:55.593+00:00][P1][INFO][DEBUG_TX][sending to arduino]{wire=H}
[2026-09-25T19:01:56.092+00:00][P1][INFO][DEBUG_TX][sending to arduino]{wire=H}
[2026-09-25T19:01:56.599+00:00][P1][INFO][DEBUG_TX][sending to arduino]{wire=H}
[2026-09-25T19:01:57.092+00:00][P1][INFO][DEBUG_TX][sending to arduino]{wire=H}
[2026-09-25T19:01:57.623+00:00][P1][INFO][DEBUG_TX][sending to arduino]{wire=H}
[2026-09-25T19:01:58.093+00:00][P1][INFO][DEBUG_TX][sending to arduino]{wire=H}
[2026-09-25T19:01:58.627+00:00][P1][INFO][DEBUG_TX][sending to arduino]{wire=H}
[2026-09-25T19:01:59.093+00:00][P1][INFO][DEBUG_TX][sending to arduino]{wire=H}
[2026-09-25T19:01:59.599+00:00][P1][INFO][DEBUG_TX][sending to arduino]{wire=H}
[2026-09-25T19:02:00.092+00:00][P1][INFO][DEBUG_TX][sending to arduino]{wire=H}
[2026-09-25T19:02:00.605+00:00][P1][INFO][DEBUG_TX][sending to arduino]{wire=H}
[2026-09-25T19:02:01.092+00:00][P1][INFO][DEBUG_TX][sending to arduino]{wire=H}
[2026-09-25T19:02:01.622+00:00][P1][INFO][DEBUG_TX][sending to arduino]{wire=H}
[2026-09-25T19:02:02.092+00:00][P1][INFO][DEBUG_TX][sending to arduino]{wire=H}
[2026-09-25T19:02:02.602+00:00][P1][INFO][DEBUG_TX][sending to arduino]{wire=H}
[2026-09-25T19:02:03.093+00:00][P1][INFO][DEBUG_TX][sending to arduino]{wire=H}
[2026-09-25T19:02:03.623+00:00][P1][INFO][DEBUG_TX][sending to arduino]{wire=H}
[2026-09-25T19:02:04.097+00:00][P1][INFO][DEBUG_TX][sending to arduino]{wire=H}
[2026-09-25T19:02:04.625+00:00][P1][INFO][DEBUG_TX][sending to arduino]{wire=H}
[2026-09-25T19:02:05.093+00:00][P1][INFO][DEBUG_TX][sending to arduino]{wire=H}
[2026-09-25T19:02:05.623+00:00][P1][INFO][DEBUG_TX][sending to arduino]{wire=H}
[2026-09-25T19:02:06.094+00:00][P1][INFO][DEBUG_TX][sending to arduino]{wire=H}
[2026-09-25T19:02:06.625+00:00][P1][INFO][DEBUG_TX][sending to arduino]{wire=H}
[2026-09-25T19:02:07.095+00:00][P1][INFO][DEBUG_TX][sending to arduino]{wire=H}
[2026-09-25T19:02:07.611+00:00][P1][INFO][DEBUG_TX][sending to arduino]{wire=H}
[2026-09-25T19:02:08.097+00:00][P1][INFO][DEBUG_TX][sending to arduino]{wire=H}
[2026-09-25T19:02:08.625+00:00][P1][INFO][DEBUG_TX][sending to arduino]{wire=H}
[2026-09-25T19:02:09.096+00:00][P1][INFO][DEBUG_TX][sending to arduino]{wire=H}
[2026-09-25T19:02:09.623+00:00][P1][INFO][DEBUG_TX][sending to arduino]{wire=H}
[2026-09-25T19:02:10.093+00:00][P1][INFO][DEBUG_TX][sending to arduino]{wire=H}
[2026-09-25T19:02:10.625+00:00][P1][INFO][DEBUG_TX][sending to arduino]{wire=H}
[2026-09-25T19:02:11.093+00:00][P1][INFO][DEBUG_TX][sending to arduino]{wire=H}
[2026-09-25T19:02:11.611+00:00][P1][INFO][DEBUG_TX][sending to arduino]{wire=H}
[2026-09-25T19:02:12.092+00:00][P1][INFO][DEBUG_TX][sending to arduino]{wire=H}
[2026-09-25T19:02:12.600+00:00][P1][INFO][DEBUG_TX][sending to arduino]{wire=H}
[2026-09-25T19:02:13.092+00:00][P1][INFO][DEBUG_TX][sending to arduino]{wire=H}
[2026-09-25T19:02:13.624+00:00][P1][INFO][DEBUG_TX][sending to arduino]{wire=H}
[2026-09-25T19:02:14.093+00:00][P1][INFO][DEBUG_TX][sending to arduino]{wire=H}
[2026-09-25T19:02:14.639+00:00][P1][INFO][DEBUG_TX][sending to arduino]{wire=H}
[2026-09-25T19:02:15.092+00:00][P1][INFO][DEBUG_TX][sending to arduino]{wire=H}
[2026-09-25T19:02:15.633+00:00][P1][INFO][DEBUG_TX][sending to arduino]{wire=H}
[2026-09-25T19:02:16.093+00:00][P1][INFO][DEBUG_TX][sending to arduino]{wire=H}
[2026-09-25T19:02:16.624+00:00][P1][INFO][DEBUG_TX][sending to arduino]{wire=H}
[2026-09-25T19:02:17.092+00:00][P1][INFO][DEBUG_TX][sending to arduino]{wire=H}
[2026-09-25T19:02:17.600+00:00][P1][INFO][DEBUG_TX][sending to arduino]{wire=H}
[2026-09-25T19:02:18.092+00:00][P1][INFO][DEBUG_TX][sending to arduino]{wire=H}
[2026-09-25T19:02:18.599+00:00][P1][INFO][DEBUG_TX][sending to arduino]{wire=H}
[2026-09-25T19:02:19.097+00:00][P1][INFO][DEBUG_TX][sending to arduino]{wire=H}
[2026-09-25T19:02:19.628+00:00][P1][INFO][DEBUG_TX][sending to arduino]{wire=H}
[2026-09-25T19:02:20.095+00:00][P1][INFO][DEBUG_TX][sending to arduino]{wire=H}
[2026-09-25T19:02:20.595+00:00][P1][INFO][DEBUG_TX][sending to arduino]{wire=H}
[2026-09-25T19:02:21.094+00:00][P1][INFO][DEBUG_TX][sending to arduino]{wire=H}
[2026-09-25T19:02:21.625+00:00][P1][INFO][DEBUG_TX][sending to arduino]{wire=H}
[2026-09-25T19:02:22.093+00:00][P1][INFO][DEBUG_TX][sending to arduino]{wire=H}
[2026-09-25T19:02:22.623+00:00][P1][INFO][DEBUG_TX][sending to arduino]{wire=H}
[2026-09-25T19:02:23.092+00:00][P1][INFO][DEBUG_TX][sending to arduino]{wire=H}
[2026-09-25T19:02:23.599+00:00][P1][INFO][DEBUG_TX][sending to arduino]{wire=H}
[2026-09-25T19:02:24.093+00:00][P1][INFO][DEBUG_TX][sending to arduino]{wire=H}
[2026-09-25T19:02:24.609+00:00][P1][INFO][DEBUG_TX][sending to arduino]{wire=H}
[2026-09-25T19:02:25.093+00:00][P1][INFO][DEBUG_TX][sending to arduino]{wire=H}
[2026-09-25T19:02:25.629+00:00][P1][INFO][DEBUG_TX][sending to arduino]{wire=H}
[2026-09-25T19:02:26.092+00:00][P1][INFO][DEBUG_TX][sending to arduino]{wire=H}
[2026-09-25T19:02:26.600+00:00][P1][INFO][DEBUG_TX][sending to arduino]{wire=H}
[2026-09-25T19:02:27.092+00:00][P1][INFO][DEBUG_TX][sending to arduino]{wire=H}
[2026-09-25T19:02:27.629+00:00][P1][INFO][DEBUG_TX][sending to arduino]{wire=H}
[2026-09-25T19:02:28.093+00:00][P1][INFO][DEBUG_TX][sending to arduino]{wire=H}
[2026-09-25T19:02:28.625+00:00][P1][INFO][DEBUG_TX][sending to arduino]{wire=H}
[2026-09-25T19:02:29.093+00:00][P1][INFO][DEBUG_TX][sending to arduino]{wire=H}
[2026-09-25T19:02:29.610+00:00][P1][INFO][DEBUG_TX][sending to arduino]{wire=H}
[2026-09-25T19:02:30.093+00:00][P1][INFO][DEBUG_TX][sending to arduino]{wire=H}
[2026-09-25T19:02:30.594+00:00][P1][INFO][DEBUG_TX][sending to arduino]{wire=H}
[2026-09-25T19:02:31.093+00:00][P1][INFO][DEBUG_TX][sending to arduino]{wire=H}
[2026-09-25T19:02:31.625+00:00][P1][INFO][DEBUG_TX][sending to arduino]{wire=H}
[2026-09-25T19:02:32.093+00:00][P1][INFO][DEBUG_TX][sending to arduino]{wire=H}
[2026-09-25T19:02:32.610+00:00][P1][INFO][DEBUG_TX][sending to arduino]{wire=H}
[2026-09-25T19:02:33.094+00:00][P1][INFO][DEBUG_TX][sending to arduino]{wire=H}
[2026-09-25T19:02:33.625+00:00][P1][INFO][DEBUG_TX][sending to arduino]{wire=H}
[2026-09-25T19:02:34.093+00:00][P1][INFO][DEBUG_TX][sending to arduino]{wire=H}
[2026-09-25T19:02:34.599+00:00][P1][INFO][DEBUG_TX][sending to arduino]{wire=H}
[2026-09-25T19:02:35.093+00:00][P1][INFO][DEBUG_TX][sending to arduino]{wire=H}
[2026-09-25T19:02:35.625+00:00][P1][INFO][DEBUG_TX][sending to arduino]{wire=H}
[2026-09-25T19:02:36.093+00:00][P1][INFO][DEBUG_TX][sending to arduino]{wire=H}
[2026-09-25T19:02:36.623+00:00][P1][INFO][DEBUG_TX][sending to arduino]{wire=H}
[2026-09-25T19:02:37.092+00:00][P1][INFO][DEBUG_TX][sending to arduino]{wire=H}
[2026-09-25T19:02:37.623+00:00][P1][INFO][DEBUG_TX][sending to arduino]{wire=H}
[2026-09-25T19:02:38.093+00:00][P1][INFO][DEBUG_TX][sending to arduino]{wire=H}
[2026-09-25T19:02:38.610+00:00][P1][INFO][DEBUG_TX][sending to arduino]{wire=H}
[2026-09-25T19:02:39.092+00:00][P1][INFO][DEBUG_TX][sending to arduino]{wire=H}
[2026-09-25T19:02:39.696+00:00][P1][INFO][DEBUG_TX][sending to arduino]{wire=H}
[2026-09-25T19:02:40.099+00:00][P1][INFO][DEBUG_TX][sending to arduino]{wire=H}
[2026-09-25T19:02:40.630+00:00][P1][INFO][DEBUG_TX][sending to arduino]{wire=H}
[2026-09-25T19:02:41.093+00:00][P1][INFO][DEBUG_TX][sending to arduino]{wire=H}
[2026-09-25T19:02:41.599+00:00][P1][INFO][DEBUG_TX][sending to arduino]{wire=H}
[2026-09-25T19:02:42.092+00:00][P1][INFO][DEBUG_TX][sending to arduino]{wire=H}
[2026-09-25T19:02:42.594+00:00][P1][INFO][DEBUG_TX][sending to arduino]{wire=H}
[2026-09-25T19:02:43.092+00:00][P1][INFO][DEBUG_TX][sending to arduino]{wire=H}
[2026-09-25T19:02:43.599+00:00][P1][INFO][DEBUG_TX][sending to arduino]{wire=H}
[2026-09-25T19:02:44.092+00:00][P1][INFO][DEBUG_TX][sending to arduino]{wire=H}
[2026-09-25T19:02:44.609+00:00][P1][INFO][DEBUG_TX][sending to arduino]{wire=H}
[2026-09-25T19:02:45.101+00:00][P1][INFO][DEBUG_TX][sending to arduino]{wire=H}
[2026-09-25T19:02:45.610+00:00][P1][INFO][DEBUG_TX][sending to arduino]{wire=H}
[2026-09-25T19:02:46.093+00:00][P1][INFO][DEBUG_TX][sending to arduino]{wire=H}
[2026-09-25T19:02:46.624+00:00][P1][INFO][DEBUG_TX][sending to arduino]{wire=H}
[2026-09-25T19:02:47.092+00:00][P1][INFO][DEBUG_TX][sending to arduino]{wire=H}
[2026-09-25T19:02:47.594+00:00][P1][INFO][DEBUG_TX][sending to arduino]{wire=H}
[2026-09-25T19:02:48.093+00:00][P1][INFO][DEBUG_TX][sending to arduino]{wire=H}
[2026-09-25T19:02:48.623+00:00][P1][INFO][DEBUG_TX][sending to arduino]{wire=H}
[2026-09-25T19:02:49.097+00:00][P1][INFO][DEBUG_TX][sending to arduino]{wire=H}
[2026-09-25T19:02:49.623+00:00][P1][INFO][DEBUG_TX][sending to arduino]{wire=H}
[2026-09-25T19:02:50.093+00:00][P1][INFO][DEBUG_TX][sending to arduino]{wire=H}
[2026-09-25T19:02:50.593+00:00][P1][INFO][DEBUG_TX][sending to arduino]{wire=H}
[2026-09-25T19:02:51.092+00:00][P1][INFO][DEBUG_TX][sending to arduino]{wire=H}
[2026-09-25T19:02:51.622+00:00][P1][INFO][DEBUG_TX][sending to arduino]{wire=H}
[2026-09-25T19:02:52.093+00:00][P1][INFO][DEBUG_TX][sending to arduino]{wire=H}
[2026-09-25T19:02:52.623+00:00][P1][INFO][DEBUG_TX][sending to arduino]{wire=H}
[2026-09-25T19:02:53.094+00:00][P1][INFO][DEBUG_TX][sending to arduino]{wire=H}
[2026-09-25T19:02:53.610+00:00][P1][INFO][DEBUG_TX][sending to arduino]{wire=H}
[2026-09-25T19:02:54.093+00:00][P1][INFO][DEBUG_TX][sending to arduino]{wire=H}
[2026-09-25T19:02:54.624+00:00][P1][INFO][DEBUG_TX][sending to arduino]{wire=H}
[2026-09-25T19:02:55.093+00:00][P1][INFO][DEBUG_TX][sending to arduino]{wire=H}
[2026-09-25T19:02:55.601+00:00][P1][INFO][DEBUG_TX][sending to arduino]{wire=H}
[2026-09-25T19:02:56.093+00:00][P1][INFO][DEBUG_TX][sending to arduino]{wire=H}
[2026-09-25T19:02:56.617+00:00][P1][INFO][DEBUG_TX][sending to arduino]{wire=H}
[2026-09-25T19:02:57.093+00:00][P1][INFO][DEBUG_TX][sending to arduino]{wire=H}
[2026-09-25T19:02:57.600+00:00][P1][INFO][DEBUG_TX][sending to arduino]{wire=H}
[2026-09-25T19:02:58.092+00:00][P1][INFO][DEBUG_TX][sending to arduino]{wire=H}
[2026-09-25T19:02:58.606+00:00][P1][INFO][DEBUG_TX][sending to arduino]{wire=H}
[2026-09-25T19:02:59.093+00:00][P1][INFO][DEBUG_TX][sending to arduino]{wire=H}
[2026-09-25T19:02:59.626+00:00][P1][INFO][DEBUG_TX][sending to arduino]{wire=H}
[2026-09-25T19:03:00.093+00:00][P1][INFO][DEBUG_TX][sending to arduino]{wire=H}
[2026-09-25T19:03:00.612+00:00][P1][INFO][DEBUG_TX][sending to arduino]{wire=H}
[2026-09-25T19:03:01.092+00:00][P1][INFO][DEBUG_TX][sending to arduino]{wire=H}
[2026-09-25T19:03:01.623+00:00][P1][INFO][DEBUG_TX][sending to arduino]{wire=H}
[2026-09-25T19:03:02.097+00:00][P1][INFO][DEBUG_TX][sending to arduino]{wire=H}
[2026-09-25T19:03:02.624+00:00][P1][INFO][DEBUG_TX][sending to arduino]{wire=H}
[2026-09-25T19:03:03.097+00:00][P1][INFO][DEBUG_TX][sending to arduino]{wire=H}
[2026-09-25T19:03:03.623+00:00][P1][INFO][DEBUG_TX][sending to arduino]{wire=H}
[2026-09-25T19:03:04.094+00:00][P1][INFO][DEBUG_TX][sending to arduino]{wire=H}
[2026-09-25T19:03:04.623+00:00][P1][INFO][DEBUG_TX][sending to arduino]{wire=H}
[2026-09-25T19:03:05.092+00:00][P1][INFO][DEBUG_TX][sending to arduino]{wire=H}
[2026-09-25T19:03:05.640+00:00][P1][INFO][DEBUG_TX][sending to arduino]{wire=H}
[2026-09-25T19:03:06.093+00:00][P1][INFO][DEBUG_TX][sending to arduino]{wire=H}
[2026-09-25T19:03:06.613+00:00][P1][INFO][DEBUG_TX][sending to arduino]{wire=H}
[2026-09-25T19:03:07.092+00:00][P1][INFO][DEBUG_TX][sending to arduino]{wire=H}
[2026-09-25T19:03:07.623+00:00][P1][INFO][DEBUG_TX][sending to arduino]{wire=H}
[2026-09-25T19:03:08.093+00:00][P1][INFO][DEBUG_TX][sending to arduino]{wire=H}
[2026-09-25T19:03:08.625+00:00][P1][INFO][DEBUG_TX][sending to arduino]{wire=H}
[2026-09-25T19:03:09.093+00:00][P1][INFO][DEBUG_TX][sending to arduino]{wire=H}
[2026-09-25T19:03:09.611+00:00][P1][INFO][DEBUG_TX][sending to arduino]{wire=H}
[2026-09-25T19:03:10.093+00:00][P1][INFO][DEBUG_TX][sending to arduino]{wire=H}
[2026-09-25T19:03:10.632+00:00][P1][INFO][DEBUG_TX][sending to arduino]{wire=H}
[2026-09-25T19:03:11.093+00:00][P1][INFO][DEBUG_TX][sending to arduino]{wire=H}
[2026-09-25T19:03:11.604+00:00][P1][INFO][DEBUG_TX][sending to arduino]{wire=H}
[2026-09-25T19:03:12.093+00:00][P1][INFO][DEBUG_TX][sending to arduino]{wire=H}
[2026-09-25T19:03:12.621+00:00][P1][INFO][DEBUG_TX][sending to arduino]{wire=H}
[2026-09-25T19:03:13.093+00:00][P1][INFO][DEBUG_TX][sending to arduino]{wire=H}
[2026-09-25T19:03:13.611+00:00][P1][INFO][DEBUG_TX][sending to arduino]{wire=H}
[2026-09-25T19:03:14.093+00:00][P1][INFO][DEBUG_TX][sending to arduino]{wire=H}
[2026-09-25T19:03:14.623+00:00][P1][INFO][DEBUG_TX][sending to arduino]{wire=H}
[2026-09-25T19:03:15.092+00:00][P1][INFO][DEBUG_TX][sending to arduino]{wire=H}
[2026-09-25T19:03:15.593+00:00][P1][INFO][DEBUG_TX][sending to arduino]{wire=H}
[2026-09-25T19:03:16.092+00:00][P1][INFO][DEBUG_TX][sending to arduino]{wire=H}
[2026-09-25T19:03:16.625+00:00][P1][INFO][DEBUG_TX][sending to arduino]{wire=H}
[2026-09-25T19:03:17.094+00:00][P1][INFO][DEBUG_TX][sending to arduino]{wire=H}
[2026-09-25T19:03:17.626+00:00][P1][INFO][DEBUG_TX][sending to arduino]{wire=H}
[2026-09-25T19:03:18.095+00:00][P1][INFO][DEBUG_TX][sending to arduino]{wire=H}
[2026-09-25T19:03:18.599+00:00][P1][INFO][DEBUG_TX][sending to arduino]{wire=H}
[2026-09-25T19:03:19.096+00:00][P1][INFO][DEBUG_TX][sending to arduino]{wire=H}
[2026-09-25T19:03:19.623+00:00][P1][INFO][DEBUG_TX][sending to arduino]{wire=H}
[2026-09-25T19:03:20.093+00:00][P1][INFO][DEBUG_TX][sending to arduino]{wire=H}
[2026-09-25T19:03:20.612+00:00][P1][INFO][DEBUG_TX][sending to arduino]{wire=H}
[2026-09-25T19:03:21.093+00:00][P1][INFO][DEBUG_TX][sending to arduino]{wire=H}
[2026-09-25T19:03:21.628+00:00][P1][INFO][DEBUG_TX][sending to arduino]{wire=H}
[2026-09-25T19:03:22.092+00:00][P1][INFO][DEBUG_TX][sending to arduino]{wire=H}
[2026-09-25T19:03:22.624+00:00][P1][INFO][DEBUG_TX][sending to arduino]{wire=H}
[2026-09-25T19:03:23.095+00:00][P1][INFO][DEBUG_TX][sending to arduino]{wire=H}
[2026-09-25T19:03:23.638+00:00][P1][INFO][DEBUG_TX][sending to arduino]{wire=H}
[2026-09-25T19:03:24.103+00:00][P1][INFO][DEBUG_TX][sending to arduino]{wire=H}
[2026-09-25T19:03:24.605+00:00][P1][INFO][DEBUG_TX][sending to arduino]{wire=H}
[2026-09-25T19:03:25.093+00:00][P1][INFO][DEBUG_TX][sending to arduino]{wire=H}
[2026-09-25T19:03:25.625+00:00][P1][INFO][DEBUG_TX][sending to arduino]{wire=H}
[2026-09-25T19:03:26.096+00:00][P1][INFO][DEBUG_TX][sending to arduino]{wire=H}
[2026-09-25T19:03:26.600+00:00][P1][INFO][DEBUG_TX][sending to arduino]{wire=H}
[2026-09-25T19:03:27.093+00:00][P1][INFO][DEBUG_TX][sending to arduino]{wire=H}
[2026-09-25T19:03:27.623+00:00][P1][INFO][DEBUG_TX][sending to arduino]{wire=H}
[2026-09-25T19:03:28.093+00:00][P1][INFO][DEBUG_TX][sending to arduino]{wire=H}
[2026-09-25T19:03:28.625+00:00][P1][INFO][DEBUG_TX][sending to arduino]{wire=H}
[2026-09-25T19:03:29.096+00:00][P1][INFO][DEBUG_TX][sending to arduino]{wire=H}
[2026-09-25T19:03:29.599+00:00][P1][INFO][DEBUG_TX][sending to arduino]{wire=H}
[2026-09-25T19:03:30.092+00:00][P1][INFO][DEBUG_TX][sending to arduino]{wire=H}
[2026-09-25T19:03:30.593+00:00][P1][INFO][DEBUG_TX][sending to arduino]{wire=H}
[2026-09-25T19:03:31.093+00:00][P1][INFO][DEBUG_TX][sending to arduino]{wire=H}
[2026-09-25T19:03:31.611+00:00][P1][INFO][DEBUG_TX][sending to arduino]{wire=H}
[2026-09-25T19:03:32.094+00:00][P1][INFO][DEBUG_TX][sending to arduino]{wire=H}
[2026-09-25T19:03:32.624+00:00][P1][INFO][DEBUG_TX][sending to arduino]{wire=H}
[2026-09-25T19:03:33.095+00:00][P1][INFO][DEBUG_TX][sending to arduino]{wire=H}
[2026-09-25T19:03:33.625+00:00][P1][INFO][DEBUG_TX][sending to arduino]{wire=H}
[2026-09-25T19:03:34.093+00:00][P1][INFO][DEBUG_TX][sending to arduino]{wire=H}
[2026-09-25T19:03:34.594+00:00][P1][INFO][DEBUG_TX][sending to arduino]{wire=H}
[2026-09-25T19:03:35.092+00:00][P1][INFO][DEBUG_TX][sending to arduino]{wire=H}
[2026-09-25T19:03:35.599+00:00][P1][INFO][DEBUG_TX][sending to arduino]{wire=H}
[2026-09-25T19:03:36.092+00:00][P1][INFO][DEBUG_TX][sending to arduino]{wire=H}
[2026-09-25T19:03:36.625+00:00][P1][INFO][DEBUG_TX][sending to arduino]{wire=H}
[2026-09-25T19:03:37.095+00:00][P1][INFO][DEBUG_TX][sending to arduino]{wire=H}
[2026-09-25T19:03:37.624+00:00][P1][INFO][DEBUG_TX][sending to arduino]{wire=H}
[2026-09-25T19:03:38.092+00:00][P1][INFO][DEBUG_TX][sending to arduino]{wire=H}
[2026-09-25T19:03:38.611+00:00][P1][INFO][DEBUG_TX][sending to arduino]{wire=H}
[2026-09-25T19:03:39.098+00:00][P1][INFO][DEBUG_TX][sending to arduino]{wire=H}
[2026-09-25T19:03:39.645+00:00][P1][INFO][DEBUG_TX][sending to arduino]{wire=H}
[2026-09-25T19:03:40.093+00:00][P1][INFO][DEBUG_TX][sending to arduino]{wire=H}
[2026-09-25T19:03:40.628+00:00][P1][INFO][DEBUG_TX][sending to arduino]{wire=H}
[2026-09-25T19:03:41.093+00:00][P1][INFO][DEBUG_TX][sending to arduino]{wire=H}
[2026-09-25T19:03:41.593+00:00][P1][INFO][DEBUG_TX][sending to arduino]{wire=H}
[2026-09-25T19:03:42.092+00:00][P1][INFO][DEBUG_TX][sending to arduino]{wire=H}
[2026-09-25T19:03:42.623+00:00][P1][INFO][DEBUG_TX][sending to arduino]{wire=H}
[2026-09-25T19:03:43.093+00:00][P1][INFO][DEBUG_TX][sending to arduino]{wire=H}
[2026-09-25T19:03:43.629+00:00][P1][INFO][DEBUG_TX][sending to arduino]{wire=H}
[2026-09-25T19:03:44.149+00:00][P1][INFO][DEBUG_TX][sending to arduino]{wire=H}
[2026-09-25T19:03:44.628+00:00][P1][INFO][DEBUG_TX][sending to arduino]{wire=H}
[2026-09-25T19:03:45.092+00:00][P1][INFO][DEBUG_TX][sending to arduino]{wire=H}
[2026-09-25T19:03:45.600+00:00][P1][INFO][DEBUG_TX][sending to arduino]{wire=H}
[2026-09-25T19:03:46.093+00:00][P1][INFO][DEBUG_TX][sending to arduino]{wire=H}
[2026-09-25T19:03:46.622+00:00][P1][INFO][DEBUG_TX][sending to arduino]{wire=H}
[2026-09-25T19:03:47.093+00:00][P1][INFO][DEBUG_TX][sending to arduino]{wire=H}
[2026-09-25T19:03:47.609+00:00][P1][INFO][DEBUG_TX][sending to arduino]{wire=H}
[2026-09-25T19:03:48.093+00:00][P1][INFO][DEBUG_TX][sending to arduino]{wire=H}
[2026-09-25T19:03:48.610+00:00][P1][INFO][DEBUG_TX][sending to arduino]{wire=H}
[2026-09-25T19:03:49.093+00:00][P1][INFO][DEBUG_TX][sending to arduino]{wire=H}
[2026-09-25T19:03:49.626+00:00][P1][INFO][DEBUG_TX][sending to arduino]{wire=H}
[2026-09-25T19:03:50.092+00:00][P1][INFO][DEBUG_TX][sending to arduino]{wire=H}
[2026-09-25T19:03:50.626+00:00][P1][INFO][DEBUG_TX][sending to arduino]{wire=H}
[2026-09-25T19:03:51.094+00:00][P1][INFO][DEBUG_TX][sending to arduino]{wire=H}
[2026-09-25T19:03:51.633+00:00][P1][INFO][DEBUG_TX][sending to arduino]{wire=H}
[2026-09-25T19:03:52.093+00:00][P1][INFO][DEBUG_TX][sending to arduino]{wire=H}
[2026-09-25T19:03:52.604+00:00][P1][INFO][DEBUG_TX][sending to arduino]{wire=H}
[2026-09-25T19:03:53.092+00:00][P1][INFO][DEBUG_TX][sending to arduino]{wire=H}
[2026-09-25T19:03:53.601+00:00][P1][INFO][DEBUG_TX][sending to arduino]{wire=H}
[2026-09-25T19:03:54.092+00:00][P1][INFO][DEBUG_TX][sending to arduino]{wire=H}
[2026-09-25T19:03:54.624+00:00][P1][INFO][DEBUG_TX][sending to arduino]{wire=H}
[2026-09-25T19:03:55.093+00:00][P1][INFO][DEBUG_TX][sending to arduino]{wire=H}
[2026-09-25T19:03:55.626+00:00][P1][INFO][DEBUG_TX][sending to arduino]{wire=H}
[2026-09-25T19:03:56.093+00:00][P1][INFO][DEBUG_TX][sending to arduino]{wire=H}
[2026-09-25T19:03:56.625+00:00][P1][INFO][DEBUG_TX][sending to arduino]{wire=H}
[2026-09-25T19:03:57.093+00:00][P1][INFO][DEBUG_TX][sending to arduino]{wire=H}
[2026-09-25T19:03:57.623+00:00][P1][INFO][DEBUG_TX][sending to arduino]{wire=H}
[2026-09-25T19:03:58.097+00:00][P1][INFO][DEBUG_TX][sending to arduino]{wire=H}
[2026-09-25T19:03:58.594+00:00][P1][INFO][DEBUG_TX][sending to arduino]{wire=H}
[2026-09-25T19:03:59.093+00:00][P1][INFO][DEBUG_TX][sending to arduino]{wire=H}
[2026-09-25T19:03:59.624+00:00][P1][INFO][DEBUG_TX][sending to arduino]{wire=H}
[2026-09-25T19:04:00.093+00:00][P1][INFO][DEBUG_TX][sending to arduino]{wire=H}
[2026-09-25T19:04:00.624+00:00][P1][INFO][DEBUG_TX][sending to arduino]{wire=H}
[2026-09-25T19:04:01.092+00:00][P1][INFO][DEBUG_TX][sending to arduino]{wire=H}
[2026-09-25T19:04:01.715+00:00][P1][INFO][DEBUG_TX][sending to arduino]{wire=H}
[2026-09-25T19:04:02.094+00:00][P1][INFO][DEBUG_TX][sending to arduino]{wire=H}
[2026-09-25T19:04:02.605+00:00][P1][INFO][DEBUG_TX][sending to arduino]{wire=H}
[2026-09-25T19:04:03.093+00:00][P1][INFO][DEBUG_TX][sending to arduino]{wire=H}
[2026-09-25T19:04:03.637+00:00][P1][INFO][DEBUG_TX][sending to arduino]{wire=H}
[2026-09-25T19:04:04.093+00:00][P1][INFO][DEBUG_TX][sending to arduino]{wire=H}
[2026-09-25T19:04:04.594+00:00][P1][INFO][DEBUG_TX][sending to arduino]{wire=H}
[2026-09-25T19:04:05.092+00:00][P1][INFO][DEBUG_TX][sending to arduino]{wire=H}
[2026-09-25T19:04:05.599+00:00][P1][INFO][DEBUG_TX][sending to arduino]{wire=H}
[2026-09-25T19:04:06.093+00:00][P1][INFO][DEBUG_TX][sending to arduino]{wire=H}
[2026-09-25T19:04:06.628+00:00][P1][INFO][DEBUG_TX][sending to arduino]{wire=H}
[2026-09-25T19:04:07.097+00:00][P1][INFO][DEBUG_TX][sending to arduino]{wire=H}
[2026-09-25T19:04:07.623+00:00][P1][INFO][DEBUG_TX][sending to arduino]{wire=H}
[2026-09-25T19:04:08.092+00:00][P1][INFO][DEBUG_TX][sending to arduino]{wire=H}
[2026-09-25T19:04:08.612+00:00][P1][INFO][DEBUG_TX][sending to arduino]{wire=H}
[2026-09-25T19:04:09.092+00:00][P1][INFO][DEBUG_TX][sending to arduino]{wire=H}
[2026-09-25T19:04:09.601+00:00][P1][INFO][DEBUG_TX][sending to arduino]{wire=H}
[2026-09-25T19:04:10.092+00:00][P1][INFO][DEBUG_TX][sending to arduino]{wire=H}
[2026-09-25T19:04:10.600+00:00][P1][INFO][DEBUG_TX][sending to arduino]{wire=H}
[2026-09-25T19:04:11.094+00:00][P1][INFO][DEBUG_TX][sending to arduino]{wire=H}
[2026-09-25T19:04:11.611+00:00][P1][INFO][DEBUG_TX][sending to arduino]{wire=H}
[2026-09-25T19:04:12.094+00:00][P1][INFO][DEBUG_TX][sending to arduino]{wire=H}
[2026-09-25T19:04:12.624+00:00][P1][INFO][DEBUG_TX][sending to arduino]{wire=H}
[2026-09-25T19:04:13.092+00:00][P1][INFO][DEBUG_TX][sending to arduino]{wire=H}
[2026-09-25T19:04:13.610+00:00][P1][INFO][DEBUG_TX][sending to arduino]{wire=H}
[2026-09-25T19:04:14.093+00:00][P1][INFO][DEBUG_TX][sending to arduino]{wire=H}
[2026-09-25T19:04:14.625+00:00][P1][INFO][DEBUG_TX][sending to arduino]{wire=H}
[2026-09-25T19:04:15.093+00:00][P1][INFO][DEBUG_TX][sending to arduino]{wire=H}
[2026-09-25T19:04:15.626+00:00][P1][INFO][DEBUG_TX][sending to arduino]{wire=H}
[2026-09-25T19:04:16.093+00:00][P1][INFO][DEBUG_TX][sending to arduino]{wire=H}
[2026-09-25T19:04:16.626+00:00][P1][INFO][DEBUG_TX][sending to arduino]{wire=H}
[2026-09-25T19:04:17.092+00:00][P1][INFO][DEBUG_TX][sending to arduino]{wire=H}
[2026-09-25T19:04:17.593+00:00][P1][INFO][DEBUG_TX][sending to arduino]{wire=H}
[2026-09-25T19:04:18.092+00:00][P1][INFO][DEBUG_TX][sending to arduino]{wire=H}
[2026-09-25T19:04:18.631+00:00][P1][INFO][DEBUG_TX][sending to arduino]{wire=H}
[2026-09-25T19:04:19.093+00:00][P1][INFO][DEBUG_TX][sending to arduino]{wire=H}
[2026-09-25T19:04:19.634+00:00][P1][INFO][DEBUG_TX][sending to arduino]{wire=H}
[2026-09-25T19:04:20.097+00:00][P1][INFO][DEBUG_TX][sending to arduino]{wire=H}
[2026-09-25T19:04:20.607+00:00][P1][INFO][DEBUG_TX][sending to arduino]{wire=H}
[2026-09-25T19:04:21.092+00:00][P1][INFO][DEBUG_TX][sending to arduino]{wire=H}
[2026-09-25T19:04:21.601+00:00][P1][INFO][DEBUG_TX][sending to arduino]{wire=H}
[2026-09-25T19:04:22.092+00:00][P1][INFO][DEBUG_TX][sending to arduino]{wire=H}
[2026-09-25T19:04:22.599+00:00][P1][INFO][DEBUG_TX][sending to arduino]{wire=H}
[2026-09-25T19:04:23.100+00:00][P1][INFO][DEBUG_TX][sending to arduino]{wire=H}
[2026-09-25T19:04:23.612+00:00][P1][INFO][DEBUG_TX][sending to arduino]{wire=H}
[2026-09-25T19:04:24.093+00:00][P1][INFO][DEBUG_TX][sending to arduino]{wire=H}
[2026-09-25T19:04:24.599+00:00][P1][INFO][DEBUG_TX][sending to arduino]{wire=H}
[2026-09-25T19:04:25.092+00:00][P1][INFO][DEBUG_TX][sending to arduino]{wire=H}
[2026-09-25T19:04:25.624+00:00][P1][INFO][DEBUG_TX][sending to arduino]{wire=H}
[2026-09-25T19:04:26.094+00:00][P1][INFO][DEBUG_TX][sending to arduino]{wire=H}
[2026-09-25T19:04:26.600+00:00][P1][INFO][DEBUG_TX][sending to arduino]{wire=H}
[2026-09-25T19:04:27.097+00:00][P1][INFO][DEBUG_TX][sending to arduino]{wire=H}
[2026-09-25T19:04:27.626+00:00][P1][INFO][DEBUG_TX][sending to arduino]{wire=H}
[2026-09-25T19:04:28.093+00:00][P1][INFO][DEBUG_TX][sending to arduino]{wire=H}
[2026-09-25T19:04:28.600+00:00][P1][INFO][DEBUG_TX][sending to arduino]{wire=H}
[2026-09-25T19:04:29.092+00:00][P1][INFO][DEBUG_TX][sending to arduino]{wire=H}
[2026-09-25T19:04:29.600+00:00][P1][INFO][DEBUG_TX][sending to arduino]{wire=H}
[2026-09-25T19:04:30.092+00:00][P1][INFO][DEBUG_TX][sending to arduino]{wire=H}
[2026-09-25T19:04:30.594+00:00][P1][INFO][DEBUG_TX][sending to arduino]{wire=H}
[2026-09-25T19:04:31.092+00:00][P1][INFO][DEBUG_TX][sending to arduino]{wire=H}
[2026-09-25T19:04:31.610+00:00][P1][INFO][DEBUG_TX][sending to arduino]{wire=H}
[2026-09-25T19:04:32.093+00:00][P1][INFO][DEBUG_TX][sending to arduino]{wire=H}
[2026-09-25T19:04:32.623+00:00][P1][INFO][DEBUG_TX][sending to arduino]{wire=H}
[2026-09-25T19:04:33.093+00:00][P1][INFO][DEBUG_TX][sending to arduino]{wire=H}
[2026-09-25T19:04:33.599+00:00][P1][INFO][DEBUG_TX][sending to arduino]{wire=H}
[2026-09-25T19:04:34.092+00:00][P1][INFO][DEBUG_TX][sending to arduino]{wire=H}
[2026-09-25T19:04:34.594+00:00][P1][INFO][DEBUG_TX][sending to arduino]{wire=H}
[2026-09-25T19:04:35.108+00:00][P1][INFO][DEBUG_TX][sending to arduino]{wire=H}
[2026-09-25T19:04:35.615+00:00][P1][INFO][DEBUG_TX][sending to arduino]{wire=H}
[2026-09-25T19:04:36.093+00:00][P1][INFO][DEBUG_TX][sending to arduino]{wire=H}
[2026-09-25T19:04:36.625+00:00][P1][INFO][DEBUG_TX][sending to arduino]{wire=H}
[2026-09-25T19:04:37.093+00:00][P1][INFO][DEBUG_TX][sending to arduino]{wire=H}
[2026-09-25T19:04:37.600+00:00][P1][INFO][DEBUG_TX][sending to arduino]{wire=H}
[2026-09-25T19:04:38.092+00:00][P1][INFO][DEBUG_TX][sending to arduino]{wire=H}
[2026-09-25T19:04:38.601+00:00][P1][INFO][DEBUG_TX][sending to arduino]{wire=H}
[2026-09-25T19:04:39.092+00:00][P1][INFO][DEBUG_TX][sending to arduino]{wire=H}
[2026-09-25T19:04:39.625+00:00][P1][INFO][DEBUG_TX][sending to arduino]{wire=H}
[2026-09-25T19:04:40.094+00:00][P1][INFO][DEBUG_TX][sending to arduino]{wire=H}
[2026-09-25T19:04:40.623+00:00][P1][INFO][DEBUG_TX][sending to arduino]{wire=H}
[2026-09-25T19:04:41.097+00:00][P1][INFO][DEBUG_TX][sending to arduino]{wire=H}
[2026-09-25T19:04:41.625+00:00][P1][INFO][DEBUG_TX][sending to arduino]{wire=H}
[2026-09-25T19:04:42.097+00:00][P1][INFO][DEBUG_TX][sending to arduino]{wire=H}
[2026-09-25T19:04:42.623+00:00][P1][INFO][DEBUG_TX][sending to arduino]{wire=H}
[2026-09-25T19:04:43.093+00:00][P1][INFO][DEBUG_TX][sending to arduino]{wire=H}
[2026-09-25T19:04:43.628+00:00][P1][INFO][DEBUG_TX][sending to arduino]{wire=H}
[2026-09-25T19:04:44.093+00:00][P1][INFO][DEBUG_TX][sending to arduino]{wire=H}
[2026-09-25T19:04:44.612+00:00][P1][INFO][DEBUG_TX][sending to arduino]{wire=H}
[2026-09-25T19:04:45.092+00:00][P1][INFO][DEBUG_TX][sending to arduino]{wire=H}
[2026-09-25T19:04:45.599+00:00][P1][INFO][DEBUG_TX][sending to arduino]{wire=H}
[2026-09-25T19:04:46.093+00:00][P1][INFO][DEBUG_TX][sending to arduino]{wire=H}
[2026-09-25T19:04:46.623+00:00][P1][INFO][DEBUG_TX][sending to arduino]{wire=H}
[2026-09-25T19:04:47.094+00:00][P1][INFO][DEBUG_TX][sending to arduino]{wire=H}
[2026-09-25T19:04:47.612+00:00][P1][INFO][DEBUG_TX][sending to arduino]{wire=H}
[2026-09-25T19:04:48.093+00:00][P1][INFO][DEBUG_TX][sending to arduino]{wire=H}
[2026-09-25T19:04:48.629+00:00][P1][INFO][DEBUG_TX][sending to arduino]{wire=H}
[2026-09-25T19:04:49.093+00:00][P1][INFO][DEBUG_TX][sending to arduino]{wire=H}
[2026-09-25T19:04:49.599+00:00][P1][INFO][DEBUG_TX][sending to arduino]{wire=H}
[2026-09-25T19:04:50.092+00:00][P1][INFO][DEBUG_TX][sending to arduino]{wire=H}
[2026-09-25T19:04:50.600+00:00][P1][INFO][DEBUG_TX][sending to arduino]{wire=H}
[2026-09-25T19:04:51.093+00:00][P1][INFO][DEBUG_TX][sending to arduino]{wire=H}
[2026-09-25T19:04:51.623+00:00][P1][INFO][DEBUG_TX][sending to arduino]{wire=H}
[2026-09-25T19:04:52.093+00:00][P1][INFO][DEBUG_TX][sending to arduino]{wire=H}
[2026-09-25T19:04:52.623+00:00][P1][INFO][DEBUG_TX][sending to arduino]{wire=H}
[2026-09-25T19:04:53.093+00:00][P1][INFO][DEBUG_TX][sending to arduino]{wire=H}
[2026-09-25T19:04:53.622+00:00][P1][INFO][DEBUG_TX][sending to arduino]{wire=H}
[2026-09-25T19:04:54.093+00:00][P1][INFO][DEBUG_TX][sending to arduino]{wire=H}
[2026-09-25T19:04:54.623+00:00][P1][INFO][DEBUG_TX][sending to arduino]{wire=H}
[2026-09-25T19:04:55.096+00:00][P1][INFO][DEBUG_TX][sending to arduino]{wire=H}
[2026-09-25T19:04:55.623+00:00][P1][INFO][DEBUG_TX][sending to arduino]{wire=H}
[2026-09-25T19:04:56.093+00:00][P1][INFO][DEBUG_TX][sending to arduino]{wire=H}
[2026-09-25T19:04:56.623+00:00][P1][INFO][DEBUG_TX][sending to arduino]{wire=H}
[2026-09-25T19:04:57.092+00:00][P1][INFO][DEBUG_TX][sending to arduino]{wire=H}
[2026-09-25T19:04:57.599+00:00][P1][INFO][DEBUG_TX][sending to arduino]{wire=H}
[2026-09-25T19:04:58.092+00:00][P1][INFO][DEBUG_TX][sending to arduino]{wire=H}
[2026-09-25T19:04:58.602+00:00][P1][INFO][DEBUG_TX][sending to arduino]{wire=H}
[2026-09-25T19:04:59.092+00:00][P1][INFO][DEBUG_TX][sending to arduino]{wire=H}
[2026-09-25T19:04:59.599+00:00][P1][INFO][DEBUG_TX][sending to arduino]{wire=H}
[2026-09-25T19:05:00.092+00:00][P1][INFO][DEBUG_TX][sending to arduino]{wire=H}
[2026-09-25T19:05:00.594+00:00][P1][INFO][DEBUG_TX][sending to arduino]{wire=H}
[2026-09-25T19:05:01.096+00:00][P1][INFO][DEBUG_TX][sending to arduino]{wire=H}
[2026-09-25T19:05:01.599+00:00][P1][INFO][DEBUG_TX][sending to arduino]{wire=H}
[2026-09-25T19:05:02.093+00:00][P1][INFO][DEBUG_TX][sending to arduino]{wire=H}
[2026-09-25T19:05:02.623+00:00][P1][INFO][DEBUG_TX][sending to arduino]{wire=H}
[2026-09-25T19:05:03.093+00:00][P1][INFO][DEBUG_TX][sending to arduino]{wire=H}
[2026-09-25T19:05:03.636+00:00][P1][INFO][DEBUG_TX][sending to arduino]{wire=H}
[2026-09-25T19:05:04.093+00:00][P1][INFO][DEBUG_TX][sending to arduino]{wire=H}
[2026-09-25T19:05:04.638+00:00][P1][INFO][DEBUG_TX][sending to arduino]{wire=H}
[2026-09-25T19:05:05.093+00:00][P1][INFO][DEBUG_TX][sending to arduino]{wire=H}
[2026-09-25T19:05:05.594+00:00][P1][INFO][DEBUG_TX][sending to arduino]{wire=H}
[2026-09-25T19:05:06.092+00:00][P1][INFO][DEBUG_TX][sending to arduino]{wire=H}
[2026-09-25T19:05:06.593+00:00][P1][INFO][DEBUG_TX][sending to arduino]{wire=H}
[2026-09-25T19:05:07.092+00:00][P1][INFO][DEBUG_TX][sending to arduino]{wire=H}
[2026-09-25T19:05:07.618+00:00][P1][INFO][DEBUG_TX][sending to arduino]{wire=H}
[2026-09-25T19:05:08.092+00:00][P1][INFO][DEBUG_TX][sending to arduino]{wire=H}
[2026-09-25T19:05:08.622+00:00][P1][INFO][DEBUG_TX][sending to arduino]{wire=H}
[2026-09-25T19:05:09.092+00:00][P1][INFO][DEBUG_TX][sending to arduino]{wire=H}
[2026-09-25T19:05:09.626+00:00][P1][INFO][DEBUG_TX][sending to arduino]{wire=H}
[2026-09-25T19:05:10.094+00:00][P1][INFO][DEBUG_TX][sending to arduino]{wire=H}
[2026-09-25T19:05:10.624+00:00][P1][INFO][DEBUG_TX][sending to arduino]{wire=H}
[2026-09-25T19:05:11.093+00:00][P1][INFO][DEBUG_TX][sending to arduino]{wire=H}
[2026-09-25T19:05:11.600+00:00][P1][INFO][DEBUG_TX][sending to arduino]{wire=H}
[2026-09-25T19:05:12.092+00:00][P1][INFO][DEBUG_TX][sending to arduino]{wire=H}
[2026-09-25T19:05:12.599+00:00][P1][INFO][DEBUG_TX][sending to arduino]{wire=H}
[2026-09-25T19:05:13.093+00:00][P1][INFO][DEBUG_TX][sending to arduino]{wire=H}
[2026-09-25T19:05:13.629+00:00][P1][INFO][DEBUG_TX][sending to arduino]{wire=H}
[2026-09-25T19:05:14.093+00:00][P1][INFO][DEBUG_TX][sending to arduino]{wire=H}
[2026-09-25T19:05:14.622+00:00][P1][INFO][DEBUG_TX][sending to arduino]{wire=H}
[2026-09-25T19:05:15.092+00:00][P1][INFO][DEBUG_TX][sending to arduino]{wire=H}
[2026-09-25T19:05:15.624+00:00][P1][INFO][DEBUG_TX][sending to arduino]{wire=H}
[2026-09-25T19:05:16.093+00:00][P1][INFO][DEBUG_TX][sending to arduino]{wire=H}
[2026-09-25T19:05:16.631+00:00][P1][INFO][DEBUG_TX][sending to arduino]{wire=H}
[2026-09-25T19:05:17.093+00:00][P1][INFO][DEBUG_TX][sending to arduino]{wire=H}
[2026-09-25T19:05:17.628+00:00][P1][INFO][DEBUG_TX][sending to arduino]{wire=H}
[2026-09-25T19:05:18.093+00:00][P1][INFO][DEBUG_TX][sending to arduino]{wire=H}
[2026-09-25T19:05:18.625+00:00][P1][INFO][DEBUG_TX][sending to arduino]{wire=H}
[2026-09-25T19:05:19.092+00:00][P1][INFO][DEBUG_TX][sending to arduino]{wire=H}
[2026-09-25T19:05:19.601+00:00][P1][INFO][DEBUG_TX][sending to arduino]{wire=H}
[2026-09-25T19:05:20.092+00:00][P1][INFO][DEBUG_TX][sending to arduino]{wire=H}
[2026-09-25T19:05:20.593+00:00][P1][INFO][DEBUG_TX][sending to arduino]{wire=H}
[2026-09-25T19:05:21.092+00:00][P1][INFO][DEBUG_TX][sending to arduino]{wire=H}
[2026-09-25T19:05:21.599+00:00][P1][INFO][DEBUG_TX][sending to arduino]{wire=H}
[2026-09-25T19:05:22.095+00:00][P1][INFO][DEBUG_TX][sending to arduino]{wire=H}
[2026-09-25T19:05:22.623+00:00][P1][INFO][DEBUG_TX][sending to arduino]{wire=H}
[2026-09-25T19:05:23.095+00:00][P1][INFO][DEBUG_TX][sending to arduino]{wire=H}
[2026-09-25T19:05:23.600+00:00][P1][INFO][DEBUG_TX][sending to arduino]{wire=H}
[2026-09-25T19:05:24.094+00:00][P1][INFO][DEBUG_TX][sending to arduino]{wire=H}
[2026-09-25T19:05:24.610+00:00][P1][INFO][DEBUG_TX][sending to arduino]{wire=H}
[2026-09-25T19:05:25.093+00:00][P1][INFO][DEBUG_TX][sending to arduino]{wire=H}
[2026-09-25T19:05:25.610+00:00][P1][INFO][DEBUG_TX][sending to arduino]{wire=H}
[2026-09-25T19:05:26.092+00:00][P1][INFO][DEBUG_TX][sending to arduino]{wire=H}
[2026-09-25T19:05:26.593+00:00][P1][INFO][DEBUG_TX][sending to arduino]{wire=H}
[2026-09-25T19:05:27.092+00:00][P1][INFO][DEBUG_TX][sending to arduino]{wire=H}
[2026-09-25T19:05:27.595+00:00][P1][INFO][DEBUG_TX][sending to arduino]{wire=H}
[2026-09-25T19:05:28.092+00:00][P1][INFO][DEBUG_TX][sending to arduino]{wire=H}
[2026-09-25T19:05:28.609+00:00][P1][INFO][DEBUG_TX][sending to arduino]{wire=H}
[2026-09-25T19:05:29.092+00:00][P1][INFO][DEBUG_TX][sending to arduino]{wire=H}
[2026-09-25T19:05:29.599+00:00][P1][INFO][DEBUG_TX][sending to arduino]{wire=H}
[2026-09-25T19:05:30.093+00:00][P1][INFO][DEBUG_TX][sending to arduino]{wire=H}
[2026-09-25T19:05:30.626+00:00][P1][INFO][DEBUG_TX][sending to arduino]{wire=H}
[2026-09-25T19:05:31.093+00:00][P1][INFO][DEBUG_TX][sending to arduino]{wire=H}
[2026-09-25T19:05:31.610+00:00][P1][INFO][DEBUG_TX][sending to arduino]{wire=H}
[2026-09-25T19:05:32.093+00:00][P1][INFO][DEBUG_TX][sending to arduino]{wire=H}
[2026-09-25T19:05:32.629+00:00][P1][INFO][DEBUG_TX][sending to arduino]{wire=H}
[2026-09-25T19:05:33.093+00:00][P1][INFO][DEBUG_TX][sending to arduino]{wire=H}
[2026-09-25T19:05:33.623+00:00][P1][INFO][DEBUG_TX][sending to arduino]{wire=H}
[2026-09-25T19:05:34.093+00:00][P1][INFO][DEBUG_TX][sending to arduino]{wire=H}
[2026-09-25T19:05:34.622+00:00][P1][INFO][DEBUG_TX][sending to arduino]{wire=H}
[2026-09-25T19:05:35.094+00:00][P1][INFO][DEBUG_TX][sending to arduino]{wire=H}
[2026-09-25T19:05:35.623+00:00][P1][INFO][DEBUG_TX][sending to arduino]{wire=H}
[2026-09-25T19:05:36.093+00:00][P1][INFO][DEBUG_TX][sending to arduino]{wire=H}
[2026-09-25T19:05:36.625+00:00][P1][INFO][DEBUG_TX][sending to arduino]{wire=H}
[2026-09-25T19:05:37.094+00:00][P1][INFO][DEBUG_TX][sending to arduino]{wire=H}
[2026-09-25T19:05:37.624+00:00][P1][INFO][DEBUG_TX][sending to arduino]{wire=H}
[2026-09-25T19:05:38.093+00:00][P1][INFO][DEBUG_TX][sending to arduino]{wire=H}
[2026-09-25T19:05:38.609+00:00][P1][INFO][DEBUG_TX][sending to arduino]{wire=H}
[2026-09-25T19:05:39.095+00:00][P1][INFO][DEBUG_TX][sending to arduino]{wire=H}
[2026-09-25T19:05:39.624+00:00][P1][INFO][DEBUG_TX][sending to arduino]{wire=H}
[2026-09-25T19:05:40.093+00:00][P1][INFO][DEBUG_TX][sending to arduino]{wire=H}
[2026-09-25T19:05:40.624+00:00][P1][INFO][DEBUG_TX][sending to arduino]{wire=H}
[2026-09-25T19:05:41.093+00:00][P1][INFO][DEBUG_TX][sending to arduino]{wire=H}
[2026-09-25T19:05:41.623+00:00][P1][INFO][DEBUG_TX][sending to arduino]{wire=H}
[2026-09-25T19:05:42.093+00:00][P1][INFO][DEBUG_TX][sending to arduino]{wire=H}
[2026-09-25T19:05:42.626+00:00][P1][INFO][DEBUG_TX][sending to arduino]{wire=H}
[2026-09-25T19:05:43.097+00:00][P1][INFO][DEBUG_TX][sending to arduino]{wire=H}
[2026-09-25T19:05:43.624+00:00][P1][INFO][DEBUG_TX][sending to arduino]{wire=H}
[2026-09-25T19:05:44.093+00:00][P1][INFO][DEBUG_TX][sending to arduino]{wire=H}
[2026-09-25T19:05:44.610+00:00][P1][INFO][DEBUG_TX][sending to arduino]{wire=H}
[2026-09-25T19:05:45.093+00:00][P1][INFO][DEBUG_TX][sending to arduino]{wire=H}
[2026-09-25T19:05:45.600+00:00][P1][INFO][DEBUG_TX][sending to arduino]{wire=H}
[2026-09-25T19:05:46.092+00:00][P1][INFO][DEBUG_TX][sending to arduino]{wire=H}
[2026-09-25T19:05:46.593+00:00][P1][INFO][DEBUG_TX][sending to arduino]{wire=H}
[2026-09-25T19:05:47.092+00:00][P1][INFO][DEBUG_TX][sending to arduino]{wire=H}
[2026-09-25T19:05:47.602+00:00][P1][INFO][DEBUG_TX][sending to arduino]{wire=H}
[2026-09-25T19:05:48.093+00:00][P1][INFO][DEBUG_TX][sending to arduino]{wire=H}
[2026-09-25T19:05:48.628+00:00][P1][INFO][DEBUG_TX][sending to arduino]{wire=H}
[2026-09-25T19:05:49.098+00:00][P1][INFO][DEBUG_TX][sending to arduino]{wire=H}
[2026-09-25T19:05:49.601+00:00][P1][INFO][DEBUG_TX][sending to arduino]{wire=H}
[2026-09-25T19:05:50.092+00:00][P1][INFO][DEBUG_TX][sending to arduino]{wire=H}
[2026-09-25T19:05:50.599+00:00][P1][INFO][DEBUG_TX][sending to arduino]{wire=H}
[2026-09-25T19:05:51.093+00:00][P1][INFO][DEBUG_TX][sending to arduino]{wire=H}
[2026-09-25T19:05:51.609+00:00][P1][INFO][DEBUG_TX][sending to arduino]{wire=H}
[2026-09-25T19:05:52.093+00:00][P1][INFO][DEBUG_TX][sending to arduino]{wire=H}
[2026-09-25T19:05:52.624+00:00][P1][INFO][DEBUG_TX][sending to arduino]{wire=H}
[2026-09-25T19:05:53.097+00:00][P1][INFO][DEBUG_TX][sending to arduino]{wire=H}
[2026-09-25T19:05:53.610+00:00][P1][INFO][DEBUG_TX][sending to arduino]{wire=H}
[2026-09-25T19:05:54.093+00:00][P1][INFO][DEBUG_TX][sending to arduino]{wire=H}
[2026-09-25T19:05:54.604+00:00][P1][INFO][DEBUG_TX][sending to arduino]{wire=H}
[2026-09-25T19:05:55.093+00:00][P1][INFO][DEBUG_TX][sending to arduino]{wire=H}
[2026-09-25T19:05:55.622+00:00][P1][INFO][DEBUG_TX][sending to arduino]{wire=H}
[2026-09-25T19:05:56.094+00:00][P1][INFO][DEBUG_TX][sending to arduino]{wire=H}
[2026-09-25T19:05:56.610+00:00][P1][INFO][DEBUG_TX][sending to arduino]{wire=H}
[2026-09-25T19:05:57.092+00:00][P1][INFO][DEBUG_TX][sending to arduino]{wire=H}
[2026-09-25T19:05:57.594+00:00][P1][INFO][DEBUG_TX][sending to arduino]{wire=H}
[2026-09-25T19:05:58.092+00:00][P1][INFO][DEBUG_TX][sending to arduino]{wire=H}
[2026-09-25T19:05:58.609+00:00][P1][INFO][DEBUG_TX][sending to arduino]{wire=H}
[2026-09-25T19:05:59.093+00:00][P1][INFO][DEBUG_TX][sending to arduino]{wire=H}
[2026-09-25T19:05:59.628+00:00][P1][INFO][DEBUG_TX][sending to arduino]{wire=H}
[2026-09-25T19:06:00.093+00:00][P1][INFO][DEBUG_TX][sending to arduino]{wire=H}
[2026-09-25T19:06:00.677+00:00][P1][INFO][DEBUG_TX][sending to arduino]{wire=H}
[2026-09-25T19:06:01.093+00:00][P1][INFO][DEBUG_TX][sending to arduino]{wire=H}
[2026-09-25T19:06:01.617+00:00][P1][INFO][DEBUG_TX][sending to arduino]{wire=H}
[2026-09-25T19:06:02.093+00:00][P1][INFO][DEBUG_TX][sending to arduino]{wire=H}
[2026-09-25T19:06:02.625+00:00][P1][INFO][DEBUG_TX][sending to arduino]{wire=H}
[2026-09-25T19:06:03.092+00:00][P1][INFO][DEBUG_TX][sending to arduino]{wire=H}
[2026-09-25T19:06:03.601+00:00][P1][INFO][DEBUG_TX][sending to arduino]{wire=H}
[2026-09-25T19:06:04.093+00:00][P1][INFO][DEBUG_TX][sending to arduino]{wire=H}
[2026-09-25T19:06:04.610+00:00][P1][INFO][DEBUG_TX][sending to arduino]{wire=H}
[2026-09-25T19:06:05.093+00:00][P1][INFO][DEBUG_TX][sending to arduino]{wire=H}
[2026-09-25T19:06:05.622+00:00][P1][INFO][DEBUG_TX][sending to arduino]{wire=H}
[2026-09-25T19:06:06.093+00:00][P1][INFO][DEBUG_TX][sending to arduino]{wire=H}
[2026-09-25T19:06:06.599+00:00][P1][INFO][DEBUG_TX][sending to arduino]{wire=H}
[2026-09-25T19:06:07.092+00:00][P1][INFO][DEBUG_TX][sending to arduino]{wire=H}
[2026-09-25T19:06:07.611+00:00][P1][INFO][DEBUG_TX][sending to arduino]{wire=H}
[2026-09-25T19:06:08.094+00:00][P1][INFO][DEBUG_TX][sending to arduino]{wire=H}
[2026-09-25T19:06:08.624+00:00][P1][INFO][DEBUG_TX][sending to arduino]{wire=H}
[2026-09-25T19:06:09.093+00:00][P1][INFO][DEBUG_TX][sending to arduino]{wire=H}
[2026-09-25T19:06:09.624+00:00][P1][INFO][DEBUG_TX][sending to arduino]{wire=H}
[2026-09-25T19:06:10.093+00:00][P1][INFO][DEBUG_TX][sending to arduino]{wire=H}
[2026-09-25T19:06:10.611+00:00][P1][INFO][DEBUG_TX][sending to arduino]{wire=H}
[2026-09-25T19:06:11.092+00:00][P1][INFO][DEBUG_TX][sending to arduino]{wire=H}
[2026-09-25T19:06:11.595+00:00][P1][INFO][DEBUG_TX][sending to arduino]{wire=H}
[2026-09-25T19:06:12.092+00:00][P1][INFO][DEBUG_TX][sending to arduino]{wire=H}
[2026-09-25T19:06:12.599+00:00][P1][INFO][DEBUG_TX][sending to arduino]{wire=H}
[2026-09-25T19:06:13.092+00:00][P1][INFO][DEBUG_TX][sending to arduino]{wire=H}
[2026-09-25T19:06:13.623+00:00][P1][INFO][DEBUG_TX][sending to arduino]{wire=H}
[2026-09-25T19:06:14.097+00:00][P1][INFO][DEBUG_TX][sending to arduino]{wire=H}
[2026-09-25T19:06:14.625+00:00][P1][INFO][DEBUG_TX][sending to arduino]{wire=H}
[2026-09-25T19:06:15.092+00:00][P1][INFO][DEBUG_TX][sending to arduino]{wire=H}
[2026-09-25T19:06:15.599+00:00][P1][INFO][DEBUG_TX][sending to arduino]{wire=H}
[2026-09-25T19:06:16.092+00:00][P1][INFO][DEBUG_TX][sending to arduino]{wire=H}
[2026-09-25T19:06:16.615+00:00][P1][INFO][DEBUG_TX][sending to arduino]{wire=H}
[2026-09-25T19:06:17.093+00:00][P1][INFO][DEBUG_TX][sending to arduino]{wire=H}
[2026-09-25T19:06:17.612+00:00][P1][INFO][DEBUG_TX][sending to arduino]{wire=H}
[2026-09-25T19:06:18.093+00:00][P1][INFO][DEBUG_TX][sending to arduino]{wire=H}
[2026-09-25T19:06:18.599+00:00][P1][INFO][DEBUG_TX][sending to arduino]{wire=H}
[2026-09-25T19:06:19.092+00:00][P1][INFO][DEBUG_TX][sending to arduino]{wire=H}
[2026-09-25T19:06:19.593+00:00][P1][INFO][DEBUG_TX][sending to arduino]{wire=H}
[2026-09-25T19:06:20.093+00:00][P1][INFO][DEBUG_TX][sending to arduino]{wire=H}
[2026-09-25T19:06:20.623+00:00][P1][INFO][DEBUG_TX][sending to arduino]{wire=H}
[2026-09-25T19:06:21.093+00:00][P1][INFO][DEBUG_TX][sending to arduino]{wire=H}
[2026-09-25T19:06:21.595+00:00][P1][INFO][DEBUG_TX][sending to arduino]{wire=H}
[2026-09-25T19:06:22.105+00:00][P1][INFO][DEBUG_TX][sending to arduino]{wire=H}
[2026-09-25T19:06:22.627+00:00][P1][INFO][DEBUG_TX][sending to arduino]{wire=H}
[2026-09-25T19:06:23.094+00:00][P1][INFO][DEBUG_TX][sending to arduino]{wire=H}
[2026-09-25T19:06:23.624+00:00][P1][INFO][DEBUG_TX][sending to arduino]{wire=H}
[2026-09-25T19:06:24.092+00:00][P1][INFO][DEBUG_TX][sending to arduino]{wire=H}
[2026-09-25T19:06:24.594+00:00][P1][INFO][DEBUG_TX][sending to arduino]{wire=H}
[2026-09-25T19:06:25.092+00:00][P1][INFO][DEBUG_TX][sending to arduino]{wire=H}
[2026-09-25T19:06:25.627+00:00][P1][INFO][DEBUG_TX][sending to arduino]{wire=H}
[2026-09-25T19:06:26.093+00:00][P1][INFO][DEBUG_TX][sending to arduino]{wire=H}
[2026-09-25T19:06:26.623+00:00][P1][INFO][DEBUG_TX][sending to arduino]{wire=H}
[2026-09-25T19:06:27.092+00:00][P1][INFO][DEBUG_TX][sending to arduino]{wire=H}
[2026-09-25T19:06:27.600+00:00][P1][INFO][DEBUG_TX][sending to arduino]{wire=H}
[2026-09-25T19:06:28.092+00:00][P1][INFO][DEBUG_TX][sending to arduino]{wire=H}
[2026-09-25T19:06:28.599+00:00][P1][INFO][DEBUG_TX][sending to arduino]{wire=H}
[2026-09-25T19:06:29.092+00:00][P1][INFO][DEBUG_TX][sending to arduino]{wire=H}
[2026-09-25T19:06:29.599+00:00][P1][INFO][DEBUG_TX][sending to arduino]{wire=H}
[2026-09-25T19:06:30.092+00:00][P1][INFO][DEBUG_TX][sending to arduino]{wire=H}
[2026-09-25T19:06:30.623+00:00][P1][INFO][DEBUG_TX][sending to arduino]{wire=H}
[2026-09-25T19:06:31.093+00:00][P1][INFO][DEBUG_TX][sending to arduino]{wire=H}
[2026-09-25T19:06:31.625+00:00][P1][INFO][DEBUG_TX][sending to arduino]{wire=H}
[2026-09-25T19:06:32.092+00:00][P1][INFO][DEBUG_TX][sending to arduino]{wire=H}
[2026-09-25T19:06:32.638+00:00][P1][INFO][DEBUG_TX][sending to arduino]{wire=H}
[2026-09-25T19:06:33.092+00:00][P1][INFO][DEBUG_TX][sending to arduino]{wire=H}
[2026-09-25T19:06:33.629+00:00][P1][INFO][DEBUG_TX][sending to arduino]{wire=H}
[2026-09-25T19:06:34.092+00:00][P1][INFO][DEBUG_TX][sending to arduino]{wire=H}
[2026-09-25T19:06:34.599+00:00][P1][INFO][DEBUG_TX][sending to arduino]{wire=H}
[2026-09-25T19:06:35.092+00:00][P1][INFO][DEBUG_TX][sending to arduino]{wire=H}
[2026-09-25T19:06:35.599+00:00][P1][INFO][DEBUG_TX][sending to arduino]{wire=H}
[2026-09-25T19:06:36.093+00:00][P1][INFO][DEBUG_TX][sending to arduino]{wire=H}
[2026-09-25T19:06:36.623+00:00][P1][INFO][DEBUG_TX][sending to arduino]{wire=H}
[2026-09-25T19:06:37.105+00:00][P1][INFO][DEBUG_TX][sending to arduino]{wire=H}
[2026-09-25T19:06:37.613+00:00][P1][INFO][DEBUG_TX][sending to arduino]{wire=H}
[2026-09-25T19:06:38.093+00:00][P1][INFO][DEBUG_TX][sending to arduino]{wire=H}
[2026-09-25T19:06:38.624+00:00][P1][INFO][DEBUG_TX][sending to arduino]{wire=H}
[2026-09-25T19:06:39.094+00:00][P1][INFO][DEBUG_TX][sending to arduino]{wire=H}
[2026-09-25T19:06:39.623+00:00][P1][INFO][DEBUG_TX][sending to arduino]{wire=H}
[2026-09-25T19:06:40.095+00:00][P1][INFO][DEBUG_TX][sending to arduino]{wire=H}
[2026-09-25T19:06:40.610+00:00][P1][INFO][DEBUG_TX][sending to arduino]{wire=H}
[2026-09-25T19:06:41.092+00:00][P1][INFO][DEBUG_TX][sending to arduino]{wire=H}
[2026-09-25T19:06:41.601+00:00][P1][INFO][DEBUG_TX][sending to arduino]{wire=H}
[2026-09-25T19:06:42.092+00:00][P1][INFO][DEBUG_TX][sending to arduino]{wire=H}
[2026-09-25T19:06:42.624+00:00][P1][INFO][DEBUG_TX][sending to arduino]{wire=H}
[2026-09-25T19:06:43.093+00:00][P1][INFO][DEBUG_TX][sending to arduino]{wire=H}
[2026-09-25T19:06:43.625+00:00][P1][INFO][DEBUG_TX][sending to arduino]{wire=H}
[2026-09-25T19:06:44.093+00:00][P1][INFO][DEBUG_TX][sending to arduino]{wire=H}
[2026-09-25T19:06:44.624+00:00][P1][INFO][DEBUG_TX][sending to arduino]{wire=H}
[2026-09-25T19:06:45.099+00:00][P1][INFO][DEBUG_TX][sending to arduino]{wire=H}
[2026-09-25T19:06:45.599+00:00][P1][INFO][DEBUG_TX][sending to arduino]{wire=H}
[2026-09-25T19:06:46.092+00:00][P1][INFO][DEBUG_TX][sending to arduino]{wire=H}
[2026-09-25T19:06:46.602+00:00][P1][INFO][DEBUG_TX][sending to arduino]{wire=H}
[2026-09-25T19:06:47.093+00:00][P1][INFO][DEBUG_TX][sending to arduino]{wire=H}
[2026-09-25T19:06:47.594+00:00][P1][INFO][DEBUG_TX][sending to arduino]{wire=H}
[2026-09-25T19:06:48.094+00:00][P1][INFO][DEBUG_TX][sending to arduino]{wire=H}
[2026-09-25T19:06:48.627+00:00][P1][INFO][DEBUG_TX][sending to arduino]{wire=H}
[2026-09-25T19:06:49.093+00:00][P1][INFO][DEBUG_TX][sending to arduino]{wire=H}
[2026-09-25T19:06:49.623+00:00][P1][INFO][DEBUG_TX][sending to arduino]{wire=H}
[2026-09-25T19:06:50.092+00:00][P1][INFO][DEBUG_TX][sending to arduino]{wire=H}
[2026-09-25T19:06:50.599+00:00][P1][INFO][DEBUG_TX][sending to arduino]{wire=H}
[2026-09-25T19:06:51.092+00:00][P1][INFO][DEBUG_TX][sending to arduino]{wire=H}
[2026-09-25T19:06:51.599+00:00][P1][INFO][DEBUG_TX][sending to arduino]{wire=H}
[2026-09-25T19:06:52.092+00:00][P1][INFO][DEBUG_TX][sending to arduino]{wire=H}
[2026-09-25T19:06:52.599+00:00][P1][INFO][DEBUG_TX][sending to arduino]{wire=H}
[2026-09-25T19:06:53.093+00:00][P1][INFO][DEBUG_TX][sending to arduino]{wire=H}
[2026-09-25T19:06:53.623+00:00][P1][INFO][DEBUG_TX][sending to arduino]{wire=H}
[2026-09-25T19:06:54.094+00:00][P1][INFO][DEBUG_TX][sending to arduino]{wire=H}
[2026-09-25T19:06:54.625+00:00][P1][INFO][DEBUG_TX][sending to arduino]{wire=H}
[2026-09-25T19:06:55.092+00:00][P1][INFO][DEBUG_TX][sending to arduino]{wire=H}
[2026-09-25T19:06:55.624+00:00][P1][INFO][DEBUG_TX][sending to arduino]{wire=H}
[2026-09-25T19:06:56.097+00:00][P1][INFO][DEBUG_TX][sending to arduino]{wire=H}
[2026-09-25T19:06:56.622+00:00][P1][INFO][DEBUG_TX][sending to arduino]{wire=H}
[2026-09-25T19:06:57.092+00:00][P1][INFO][DEBUG_TX][sending to arduino]{wire=H}
[2026-09-25T19:06:57.628+00:00][P1][INFO][DEBUG_TX][sending to arduino]{wire=H}
[2026-09-25T19:06:58.094+00:00][P1][INFO][DEBUG_TX][sending to arduino]{wire=H}
[2026-09-25T19:06:58.623+00:00][P1][INFO][DEBUG_TX][sending to arduino]{wire=H}
[2026-09-25T19:06:59.092+00:00][P1][INFO][DEBUG_TX][sending to arduino]{wire=H}
[2026-09-25T19:06:59.610+00:00][P1][INFO][DEBUG_TX][sending to arduino]{wire=H}
[2026-09-25T19:07:00.093+00:00][P1][INFO][DEBUG_TX][sending to arduino]{wire=H}
[2026-09-25T19:07:00.624+00:00][P1][INFO][DEBUG_TX][sending to arduino]{wire=H}
[2026-09-25T19:07:01.093+00:00][P1][INFO][DEBUG_TX][sending to arduino]{wire=H}
[2026-09-25T19:07:01.600+00:00][P1][INFO][DEBUG_TX][sending to arduino]{wire=H}
[2026-09-25T19:07:02.097+00:00][P1][INFO][DEBUG_TX][sending to arduino]{wire=H}
[2026-09-25T19:07:02.649+00:00][P1][INFO][DEBUG_TX][sending to arduino]{wire=H}
[2026-09-25T19:07:03.097+00:00][P1][INFO][DEBUG_TX][sending to arduino]{wire=H}
[2026-09-25T19:07:03.631+00:00][P1][INFO][DEBUG_TX][sending to arduino]{wire=H}
[2026-09-25T19:07:04.092+00:00][P1][INFO][DEBUG_TX][sending to arduino]{wire=H}
[2026-09-25T19:07:04.599+00:00][P1][INFO][DEBUG_TX][sending to arduino]{wire=H}
[2026-09-25T19:07:05.092+00:00][P1][INFO][DEBUG_TX][sending to arduino]{wire=H}
[2026-09-25T19:07:05.601+00:00][P1][INFO][DEBUG_TX][sending to arduino]{wire=H}
[2026-09-25T19:07:06.093+00:00][P1][INFO][DEBUG_TX][sending to arduino]{wire=H}
[2026-09-25T19:07:06.625+00:00][P1][INFO][DEBUG_TX][sending to arduino]{wire=H}
[2026-09-25T19:07:07.093+00:00][P1][INFO][DEBUG_TX][sending to arduino]{wire=H}
[2026-09-25T19:07:07.600+00:00][P1][INFO][DEBUG_TX][sending to arduino]{wire=H}
[2026-09-25T19:07:08.093+00:00][P1][INFO][DEBUG_TX][sending to arduino]{wire=H}
[2026-09-25T19:07:08.623+00:00][P1][INFO][DEBUG_TX][sending to arduino]{wire=H}
[2026-09-25T19:07:09.096+00:00][P1][INFO][DEBUG_TX][sending to arduino]{wire=H}
[2026-09-25T19:07:09.599+00:00][P1][INFO][DEBUG_TX][sending to arduino]{wire=H}
[2026-09-25T19:07:10.092+00:00][P1][INFO][DEBUG_TX][sending to arduino]{wire=H}
[2026-09-25T19:07:10.600+00:00][P1][INFO][DEBUG_TX][sending to arduino]{wire=H}
[2026-09-25T19:07:11.092+00:00][P1][INFO][DEBUG_TX][sending to arduino]{wire=H}
[2026-09-25T19:07:11.622+00:00][P1][INFO][DEBUG_TX][sending to arduino]{wire=H}
[2026-09-25T19:07:12.094+00:00][P1][INFO][DEBUG_TX][sending to arduino]{wire=H}
[2026-09-25T19:07:12.623+00:00][P1][INFO][DEBUG_TX][sending to arduino]{wire=H}
[2026-09-25T19:07:13.092+00:00][P1][INFO][DEBUG_TX][sending to arduino]{wire=H}
[2026-09-25T19:07:13.623+00:00][P1][INFO][DEBUG_TX][sending to arduino]{wire=H}
[2026-09-25T19:07:14.093+00:00][P1][INFO][DEBUG_TX][sending to arduino]{wire=H}
[2026-09-25T19:07:14.623+00:00][P1][INFO][DEBUG_TX][sending to arduino]{wire=H}
[2026-09-25T19:07:15.094+00:00][P1][INFO][DEBUG_TX][sending to arduino]{wire=H}
[2026-09-25T19:07:15.624+00:00][P1][INFO][DEBUG_TX][sending to arduino]{wire=H}
[2026-09-25T19:07:16.093+00:00][P1][INFO][DEBUG_TX][sending to arduino]{wire=H}
[2026-09-25T19:07:16.623+00:00][P1][INFO][DEBUG_TX][sending to arduino]{wire=H}
[2026-09-25T19:07:17.092+00:00][P1][INFO][DEBUG_TX][sending to arduino]{wire=H}
[2026-09-25T19:07:17.600+00:00][P1][INFO][DEBUG_TX][sending to arduino]{wire=H}
[2026-09-25T19:07:18.092+00:00][P1][INFO][DEBUG_TX][sending to arduino]{wire=H}
[2026-09-25T19:07:18.620+00:00][P1][INFO][DEBUG_TX][sending to arduino]{wire=H}
[2026-09-25T19:07:19.093+00:00][P1][INFO][DEBUG_TX][sending to arduino]{wire=H}
[2026-09-25T19:07:19.613+00:00][P1][INFO][DEBUG_TX][sending to arduino]{wire=H}
[2026-09-25T19:07:20.098+00:00][P1][INFO][DEBUG_TX][sending to arduino]{wire=H}
[2026-09-25T19:07:20.627+00:00][P1][INFO][DEBUG_TX][sending to arduino]{wire=H}
[2026-09-25T19:07:21.095+00:00][P1][INFO][DEBUG_TX][sending to arduino]{wire=H}
[2026-09-25T19:07:21.611+00:00][P1][INFO][DEBUG_TX][sending to arduino]{wire=H}
[2026-09-25T19:07:22.094+00:00][P1][INFO][DEBUG_TX][sending to arduino]{wire=H}
[2026-09-25T19:07:22.622+00:00][P1][INFO][DEBUG_TX][sending to arduino]{wire=H}
[2026-09-25T19:07:23.094+00:00][P1][INFO][DEBUG_TX][sending to arduino]{wire=H}
[2026-09-25T19:07:23.623+00:00][P1][INFO][DEBUG_TX][sending to arduino]{wire=H}
[2026-09-25T19:07:24.093+00:00][P1][INFO][DEBUG_TX][sending to arduino]{wire=H}
[2026-09-25T19:07:24.625+00:00][P1][INFO][DEBUG_TX][sending to arduino]{wire=H}
[2026-09-25T19:07:25.094+00:00][P1][INFO][DEBUG_TX][sending to arduino]{wire=H}
[2026-09-25T19:07:25.624+00:00][P1][INFO][DEBUG_TX][sending to arduino]{wire=H}
[2026-09-25T19:07:26.092+00:00][P1][INFO][DEBUG_TX][sending to arduino]{wire=H}
[2026-09-25T19:07:26.594+00:00][P1][INFO][DEBUG_TX][sending to arduino]{wire=H}
[2026-09-25T19:07:27.092+00:00][P1][INFO][DEBUG_TX][sending to arduino]{wire=H}
[2026-09-25T19:07:27.623+00:00][P1][INFO][DEBUG_TX][sending to arduino]{wire=H}
[2026-09-25T19:07:28.097+00:00][P1][INFO][DEBUG_TX][sending to arduino]{wire=H}
[2026-09-25T19:07:28.625+00:00][P1][INFO][DEBUG_TX][sending to arduino]{wire=H}
[2026-09-25T19:07:29.093+00:00][P1][INFO][DEBUG_TX][sending to arduino]{wire=H}
[2026-09-25T19:07:29.623+00:00][P1][INFO][DEBUG_TX][sending to arduino]{wire=H}
[2026-09-25T19:07:30.093+00:00][P1][INFO][DEBUG_TX][sending to arduino]{wire=H}
[2026-09-25T19:07:30.623+00:00][P1][INFO][DEBUG_TX][sending to arduino]{wire=H}
[2026-09-25T19:07:31.093+00:00][P1][INFO][DEBUG_TX][sending to arduino]{wire=H}
[2026-09-25T19:07:31.599+00:00][P1][INFO][DEBUG_TX][sending to arduino]{wire=H}
[2026-09-25T19:07:32.092+00:00][P1][INFO][DEBUG_TX][sending to arduino]{wire=H}
[2026-09-25T19:07:32.637+00:00][P1][INFO][DEBUG_TX][sending to arduino]{wire=H}
[2026-09-25T19:07:33.093+00:00][P1][INFO][DEBUG_TX][sending to arduino]{wire=H}
[2026-09-25T19:07:33.631+00:00][P1][INFO][DEBUG_TX][sending to arduino]{wire=H}
[2026-09-25T19:07:34.092+00:00][P1][INFO][DEBUG_TX][sending to arduino]{wire=H}
[2026-09-25T19:07:34.599+00:00][P1][INFO][DEBUG_TX][sending to arduino]{wire=H}
[2026-09-25T19:07:35.092+00:00][P1][INFO][DEBUG_TX][sending to arduino]{wire=H}
[2026-09-25T19:07:35.600+00:00][P1][INFO][DEBUG_TX][sending to arduino]{wire=H}
[2026-09-25T19:07:36.092+00:00][P1][INFO][DEBUG_TX][sending to arduino]{wire=H}
[2026-09-25T19:07:36.613+00:00][P1][INFO][DEBUG_TX][sending to arduino]{wire=H}
[2026-09-25T19:07:37.093+00:00][P1][INFO][DEBUG_TX][sending to arduino]{wire=H}
[2026-09-25T19:07:37.596+00:00][P1][INFO][DEBUG_TX][sending to arduino]{wire=H}
[2026-09-25T19:07:38.093+00:00][P1][INFO][DEBUG_TX][sending to arduino]{wire=H}
[2026-09-25T19:07:38.610+00:00][P1][INFO][DEBUG_TX][sending to arduino]{wire=H}
[2026-09-25T19:07:39.094+00:00][P1][INFO][DEBUG_TX][sending to arduino]{wire=H}
[2026-09-25T19:07:39.624+00:00][P1][INFO][DEBUG_TX][sending to arduino]{wire=H}
[2026-09-25T19:07:40.092+00:00][P1][INFO][DEBUG_TX][sending to arduino]{wire=H}
[2026-09-25T19:07:40.599+00:00][P1][INFO][DEBUG_TX][sending to arduino]{wire=H}
[2026-09-25T19:07:41.099+00:00][P1][INFO][DEBUG_TX][sending to arduino]{wire=H}
[2026-09-25T19:07:41.611+00:00][P1][INFO][DEBUG_TX][sending to arduino]{wire=H}
[2026-09-25T19:07:42.093+00:00][P1][INFO][DEBUG_TX][sending to arduino]{wire=H}
[2026-09-25T19:07:42.623+00:00][P1][INFO][DEBUG_TX][sending to arduino]{wire=H}
[2026-09-25T19:07:43.092+00:00][P1][INFO][DEBUG_TX][sending to arduino]{wire=H}
[2026-09-25T19:07:43.624+00:00][P1][INFO][DEBUG_TX][sending to arduino]{wire=H}
[2026-09-25T19:07:44.093+00:00][P1][INFO][DEBUG_TX][sending to arduino]{wire=H}
[2026-09-25T19:07:44.622+00:00][P1][INFO][DEBUG_TX][sending to arduino]{wire=H}
[2026-09-25T19:07:45.093+00:00][P1][INFO][DEBUG_TX][sending to arduino]{wire=H}
[2026-09-25T19:07:45.685+00:00][P1][INFO][DEBUG_TX][sending to arduino]{wire=H}
[2026-09-25T19:07:46.109+00:00][P1][INFO][DEBUG_TX][sending to arduino]{wire=H}
[2026-09-25T19:07:46.629+00:00][P1][INFO][DEBUG_TX][sending to arduino]{wire=H}
[2026-09-25T19:07:47.094+00:00][P1][INFO][DEBUG_TX][sending to arduino]{wire=H}
[2026-09-25T19:07:47.630+00:00][P1][INFO][DEBUG_TX][sending to arduino]{wire=H}
[2026-09-25T19:07:48.092+00:00][P1][INFO][DEBUG_TX][sending to arduino]{wire=H}
[2026-09-25T19:07:48.600+00:00][P1][INFO][DEBUG_TX][sending to arduino]{wire=H}
[2026-09-25T19:07:49.092+00:00][P1][INFO][DEBUG_TX][sending to arduino]{wire=H}
[2026-09-25T19:07:49.599+00:00][P1][INFO][DEBUG_TX][sending to arduino]{wire=H}
[2026-09-25T19:07:50.092+00:00][P1][INFO][DEBUG_TX][sending to arduino]{wire=H}
[2026-09-25T19:07:50.594+00:00][P1][INFO][DEBUG_TX][sending to arduino]{wire=H}
[2026-09-25T19:07:51.095+00:00][P1][INFO][DEBUG_TX][sending to arduino]{wire=H}
[2026-09-25T19:07:51.624+00:00][P1][INFO][DEBUG_TX][sending to arduino]{wire=H}
[2026-09-25T19:07:52.097+00:00][P1][INFO][DEBUG_TX][sending to arduino]{wire=H}
[2026-09-25T19:07:52.622+00:00][P1][INFO][DEBUG_TX][sending to arduino]{wire=H}
[2026-09-25T19:07:53.093+00:00][P1][INFO][DEBUG_TX][sending to arduino]{wire=H}
[2026-09-25T19:07:53.629+00:00][P1][INFO][DEBUG_TX][sending to arduino]{wire=H}
[2026-09-25T19:07:54.095+00:00][P1][INFO][DEBUG_TX][sending to arduino]{wire=H}
[2026-09-25T19:07:54.605+00:00][P1][INFO][DEBUG_TX][sending to arduino]{wire=H}
[2026-09-25T19:07:55.092+00:00][P1][INFO][DEBUG_TX][sending to arduino]{wire=H}
[2026-09-25T19:07:55.599+00:00][P1][INFO][DEBUG_TX][sending to arduino]{wire=H}
[2026-09-25T19:07:56.093+00:00][P1][INFO][DEBUG_TX][sending to arduino]{wire=H}
[2026-09-25T19:07:56.623+00:00][P1][INFO][DEBUG_TX][sending to arduino]{wire=H}
[2026-09-25T19:07:57.093+00:00][P1][INFO][DEBUG_TX][sending to arduino]{wire=H}
[2026-09-25T19:07:57.623+00:00][P1][INFO][DEBUG_TX][sending to arduino]{wire=H}
[2026-09-25T19:07:58.092+00:00][P1][INFO][DEBUG_TX][sending to arduino]{wire=H}
[2026-09-25T19:07:58.610+00:00][P1][INFO][DEBUG_TX][sending to arduino]{wire=H}
[2026-09-25T19:07:59.093+00:00][P1][INFO][DEBUG_TX][sending to arduino]{wire=H}
[2026-09-25T19:07:59.625+00:00][P1][INFO][DEBUG_TX][sending to arduino]{wire=H}
[2026-09-25T19:08:00.092+00:00][P1][INFO][DEBUG_TX][sending to arduino]{wire=H}
[2026-09-25T19:08:00.626+00:00][P1][INFO][DEBUG_TX][sending to arduino]{wire=H}
[2026-09-25T19:08:01.093+00:00][P1][INFO][DEBUG_TX][sending to arduino]{wire=H}
[2026-09-25T19:08:01.627+00:00][P1][INFO][DEBUG_TX][sending to arduino]{wire=H}
[2026-09-25T19:08:02.093+00:00][P1][INFO][DEBUG_TX][sending to arduino]{wire=H}
[2026-09-25T19:08:02.638+00:00][P1][INFO][DEBUG_TX][sending to arduino]{wire=H}
[2026-09-25T19:08:03.093+00:00][P1][INFO][DEBUG_TX][sending to arduino]{wire=H}
[2026-09-25T19:08:03.628+00:00][P1][INFO][DEBUG_TX][sending to arduino]{wire=H}
[2026-09-25T19:08:04.093+00:00][P1][INFO][DEBUG_TX][sending to arduino]{wire=H}
[2026-09-25T19:08:04.598+00:00][P1][INFO][DEBUG_TX][sending to arduino]{wire=H}
[2026-09-25T19:08:05.092+00:00][P1][INFO][DEBUG_TX][sending to arduino]{wire=H}
[2026-09-25T19:08:05.593+00:00][P1][INFO][DEBUG_TX][sending to arduino]{wire=H}
[2026-09-25T19:08:06.092+00:00][P1][INFO][DEBUG_TX][sending to arduino]{wire=H}
[2026-09-25T19:08:06.600+00:00][P1][INFO][DEBUG_TX][sending to arduino]{wire=H}
[2026-09-25T19:08:07.092+00:00][P1][INFO][DEBUG_TX][sending to arduino]{wire=H}
[2026-09-25T19:08:07.599+00:00][P1][INFO][DEBUG_TX][sending to arduino]{wire=H}
[2026-09-25T19:08:08.092+00:00][P1][INFO][DEBUG_TX][sending to arduino]{wire=H}
[2026-09-25T19:08:08.599+00:00][P1][INFO][DEBUG_TX][sending to arduino]{wire=H}
[2026-09-25T19:08:09.094+00:00][P1][INFO][DEBUG_TX][sending to arduino]{wire=H}
[2026-09-25T19:08:09.625+00:00][P1][INFO][DEBUG_TX][sending to arduino]{wire=H}
[2026-09-25T19:08:10.097+00:00][P1][INFO][DEBUG_TX][sending to arduino]{wire=H}
[2026-09-25T19:08:10.624+00:00][P1][INFO][DEBUG_TX][sending to arduino]{wire=H}
[2026-09-25T19:08:11.093+00:00][P1][INFO][DEBUG_TX][sending to arduino]{wire=H}
[2026-09-25T19:08:11.626+00:00][P1][INFO][DEBUG_TX][sending to arduino]{wire=H}
[2026-09-25T19:08:12.094+00:00][P1][INFO][DEBUG_TX][sending to arduino]{wire=H}
[2026-09-25T19:08:12.623+00:00][P1][INFO][DEBUG_TX][sending to arduino]{wire=H}
[2026-09-25T19:08:13.093+00:00][P1][INFO][DEBUG_TX][sending to arduino]{wire=H}
[2026-09-25T19:08:13.622+00:00][P1][INFO][DEBUG_TX][sending to arduino]{wire=H}
[2026-09-25T19:08:14.093+00:00][P1][INFO][DEBUG_TX][sending to arduino]{wire=H}
[2026-09-25T19:08:14.622+00:00][P1][INFO][DEBUG_TX][sending to arduino]{wire=H}
[2026-09-25T19:08:15.092+00:00][P1][INFO][DEBUG_TX][sending to arduino]{wire=H}
[2026-09-25T19:08:15.599+00:00][P1][INFO][DEBUG_TX][sending to arduino]{wire=H}
[2026-09-25T19:08:16.092+00:00][P1][INFO][DEBUG_TX][sending to arduino]{wire=H}
[2026-09-25T19:08:16.594+00:00][P1][INFO][DEBUG_TX][sending to arduino]{wire=H}
[2026-09-25T19:08:17.092+00:00][P1][INFO][DEBUG_TX][sending to arduino]{wire=H}
[2026-09-25T19:08:17.625+00:00][P1][INFO][DEBUG_TX][sending to arduino]{wire=H}
[2026-09-25T19:08:18.093+00:00][P1][INFO][DEBUG_TX][sending to arduino]{wire=H}
[2026-09-25T19:08:18.624+00:00][P1][INFO][DEBUG_TX][sending to arduino]{wire=H}
[2026-09-25T19:08:19.097+00:00][P1][INFO][DEBUG_TX][sending to arduino]{wire=H}
[2026-09-25T19:08:19.638+00:00][P1][INFO][DEBUG_TX][sending to arduino]{wire=H}
[2026-09-25T19:08:20.093+00:00][P1][INFO][DEBUG_TX][sending to arduino]{wire=H}
[2026-09-25T19:08:20.629+00:00][P1][INFO][DEBUG_TX][sending to arduino]{wire=H}
[2026-09-25T19:08:21.093+00:00][P1][INFO][DEBUG_TX][sending to arduino]{wire=H}
[2026-09-25T19:08:21.624+00:00][P1][INFO][DEBUG_TX][sending to arduino]{wire=H}
[2026-09-25T19:08:22.093+00:00][P1][INFO][DEBUG_TX][sending to arduino]{wire=H}
[2026-09-25T19:08:22.598+00:00][P1][INFO][DEBUG_TX][sending to arduino]{wire=H}
[2026-09-25T19:08:23.092+00:00][P1][INFO][DEBUG_TX][sending to arduino]{wire=H}
[2026-09-25T19:08:23.598+00:00][P1][INFO][DEBUG_TX][sending to arduino]{wire=H}
[2026-09-25T19:08:24.093+00:00][P1][INFO][DEBUG_TX][sending to arduino]{wire=H}
[2026-09-25T19:08:24.622+00:00][P1][INFO][DEBUG_TX][sending to arduino]{wire=H}
[2026-09-25T19:08:25.094+00:00][P1][INFO][DEBUG_TX][sending to arduino]{wire=H}
[2026-09-25T19:08:25.600+00:00][P1][INFO][DEBUG_TX][sending to arduino]{wire=H}
[2026-09-25T19:08:26.093+00:00][P1][INFO][DEBUG_TX][sending to arduino]{wire=H}
[2026-09-25T19:08:26.611+00:00][P1][INFO][DEBUG_TX][sending to arduino]{wire=H}
[2026-09-25T19:08:27.094+00:00][P1][INFO][DEBUG_TX][sending to arduino]{wire=H}
[2026-09-25T19:08:27.625+00:00][P1][INFO][DEBUG_TX][sending to arduino]{wire=H}
[2026-09-25T19:08:28.092+00:00][P1][INFO][DEBUG_TX][sending to arduino]{wire=H}
[2026-09-25T19:08:28.625+00:00][P1][INFO][DEBUG_TX][sending to arduino]{wire=H}
[2026-09-25T19:08:29.093+00:00][P1][INFO][DEBUG_TX][sending to arduino]{wire=H}
[2026-09-25T19:08:29.622+00:00][P1][INFO][DEBUG_TX][sending to arduino]{wire=H}
[2026-09-25T19:08:30.092+00:00][P1][INFO][DEBUG_TX][sending to arduino]{wire=H}
[2026-09-25T19:08:30.626+00:00][P1][INFO][DEBUG_TX][sending to arduino]{wire=H}
[2026-09-25T19:08:31.093+00:00][P1][INFO][DEBUG_TX][sending to arduino]{wire=H}
[2026-09-25T19:08:31.626+00:00][P1][INFO][DEBUG_TX][sending to arduino]{wire=H}
[2026-09-25T19:08:32.092+00:00][P1][INFO][DEBUG_TX][sending to arduino]{wire=H}
[2026-09-25T19:08:32.614+00:00][P1][INFO][DEBUG_TX][sending to arduino]{wire=H}
[2026-09-25T19:08:33.093+00:00][P1][INFO][DEBUG_TX][sending to arduino]{wire=H}
[2026-09-25T19:08:33.613+00:00][P1][INFO][DEBUG_TX][sending to arduino]{wire=H}
[2026-09-25T19:08:34.092+00:00][P1][INFO][DEBUG_TX][sending to arduino]{wire=H}
[2026-09-25T19:08:34.599+00:00][P1][INFO][DEBUG_TX][sending to arduino]{wire=H}
[2026-09-25T19:08:35.092+00:00][P1][INFO][DEBUG_TX][sending to arduino]{wire=H}
[2026-09-25T19:08:35.600+00:00][P1][INFO][DEBUG_TX][sending to arduino]{wire=H}
[2026-09-25T19:08:36.093+00:00][P1][INFO][DEBUG_TX][sending to arduino]{wire=H}
[2026-09-25T19:08:36.623+00:00][P1][INFO][DEBUG_TX][sending to arduino]{wire=H}
[2026-09-25T19:08:37.093+00:00][P1][INFO][DEBUG_TX][sending to arduino]{wire=H}
[2026-09-25T19:08:37.622+00:00][P1][INFO][DEBUG_TX][sending to arduino]{wire=H}
[2026-09-25T19:08:38.093+00:00][P1][INFO][DEBUG_TX][sending to arduino]{wire=H}
[2026-09-25T19:08:38.623+00:00][P1][INFO][DEBUG_TX][sending to arduino]{wire=H}
[2026-09-25T19:08:39.129+00:00][P1][INFO][DEBUG_TX][sending to arduino]{wire=H}
[2026-09-25T19:08:39.600+00:00][P1][INFO][DEBUG_TX][sending to arduino]{wire=H}
[2026-09-25T19:08:40.094+00:00][P1][INFO][DEBUG_TX][sending to arduino]{wire=H}
[2026-09-25T19:08:40.623+00:00][P1][INFO][DEBUG_TX][sending to arduino]{wire=H}
[2026-09-25T19:08:41.097+00:00][P1][INFO][DEBUG_TX][sending to arduino]{wire=H}
[2026-09-25T19:08:41.624+00:00][P1][INFO][DEBUG_TX][sending to arduino]{wire=H}
[2026-09-25T19:08:42.092+00:00][P1][INFO][DEBUG_TX][sending to arduino]{wire=H}
[2026-09-25T19:08:42.598+00:00][P1][INFO][DEBUG_TX][sending to arduino]{wire=H}
[2026-09-25T19:08:43.092+00:00][P1][INFO][DEBUG_TX][sending to arduino]{wire=H}
[2026-09-25T19:08:43.623+00:00][P1][INFO][DEBUG_TX][sending to arduino]{wire=H}
[2026-09-25T19:08:44.093+00:00][P1][INFO][DEBUG_TX][sending to arduino]{wire=H}
[2026-09-25T19:08:44.625+00:00][P1][INFO][DEBUG_TX][sending to arduino]{wire=H}
[2026-09-25T19:08:45.092+00:00][P1][INFO][DEBUG_TX][sending to arduino]{wire=H}
[2026-09-25T19:08:45.600+00:00][P1][INFO][DEBUG_TX][sending to arduino]{wire=H}
[2026-09-25T19:08:46.092+00:00][P1][INFO][DEBUG_TX][sending to arduino]{wire=H}
[2026-09-25T19:08:46.625+00:00][P1][INFO][DEBUG_TX][sending to arduino]{wire=H}
[2026-09-25T19:08:47.094+00:00][P1][INFO][DEBUG_TX][sending to arduino]{wire=H}
[2026-09-25T19:08:47.637+00:00][P1][INFO][DEBUG_TX][sending to arduino]{wire=H}
[2026-09-25T19:08:48.094+00:00][P1][INFO][DEBUG_TX][sending to arduino]{wire=H}
[2026-09-25T19:08:48.597+00:00][P1][INFO][DEBUG_TX][sending to arduino]{wire=H}
[2026-09-25T19:08:49.093+00:00][P1][INFO][DEBUG_TX][sending to arduino]{wire=H}
[2026-09-25T19:08:49.605+00:00][P1][INFO][DEBUG_TX][sending to arduino]{wire=H}
[2026-09-25T19:08:50.093+00:00][P1][INFO][DEBUG_TX][sending to arduino]{wire=H}
[2026-09-25T19:08:50.625+00:00][P1][INFO][DEBUG_TX][sending to arduino]{wire=H}
[2026-09-25T19:08:51.168+00:00][P1][INFO][DEBUG_TX][sending to arduino]{wire=H}
[2026-09-25T19:08:51.610+00:00][P1][INFO][DEBUG_TX][sending to arduino]{wire=H}
[2026-09-25T19:08:52.093+00:00][P1][INFO][DEBUG_TX][sending to arduino]{wire=H}
[2026-09-25T19:08:52.623+00:00][P1][INFO][DEBUG_TX][sending to arduino]{wire=H}
[2026-09-25T19:08:53.095+00:00][P1][INFO][DEBUG_TX][sending to arduino]{wire=H}
[2026-09-25T19:08:53.624+00:00][P1][INFO][DEBUG_TX][sending to arduino]{wire=H}
[2026-09-25T19:08:54.093+00:00][P1][INFO][DEBUG_TX][sending to arduino]{wire=H}
[2026-09-25T19:08:54.610+00:00][P1][INFO][DEBUG_TX][sending to arduino]{wire=H}
[2026-09-25T19:08:55.093+00:00][P1][INFO][DEBUG_TX][sending to arduino]{wire=H}
[2026-09-25T19:08:55.624+00:00][P1][INFO][DEBUG_TX][sending to arduino]{wire=H}
[2026-09-25T19:08:56.093+00:00][P1][INFO][DEBUG_TX][sending to arduino]{wire=H}
[2026-09-25T19:08:56.624+00:00][P1][INFO][DEBUG_TX][sending to arduino]{wire=H}
[2026-09-25T19:08:57.093+00:00][P1][INFO][DEBUG_TX][sending to arduino]{wire=H}
[2026-09-25T19:08:57.620+00:00][P1][INFO][DEBUG_TX][sending to arduino]{wire=H}
[2026-09-25T19:08:58.093+00:00][P1][INFO][DEBUG_TX][sending to arduino]{wire=H}
[2026-09-25T19:08:58.600+00:00][P1][INFO][DEBUG_TX][sending to arduino]{wire=H}
[2026-09-25T19:08:59.092+00:00][P1][INFO][DEBUG_TX][sending to arduino]{wire=H}
[2026-09-25T19:08:59.595+00:00][P1][INFO][DEBUG_TX][sending to arduino]{wire=H}
[2026-09-25T19:09:00.093+00:00][P1][INFO][DEBUG_TX][sending to arduino]{wire=H}
[2026-09-25T19:09:00.626+00:00][P1][INFO][DEBUG_TX][sending to arduino]{wire=H}
[2026-09-25T19:09:01.093+00:00][P1][INFO][DEBUG_TX][sending to arduino]{wire=H}
[2026-09-25T19:09:01.623+00:00][P1][INFO][DEBUG_TX][sending to arduino]{wire=H}
[2026-09-25T19:09:02.095+00:00][P1][INFO][DEBUG_TX][sending to arduino]{wire=H}
[2026-09-25T19:09:02.623+00:00][P1][INFO][DEBUG_TX][sending to arduino]{wire=H}
[2026-09-25T19:09:03.093+00:00][P1][INFO][DEBUG_TX][sending to arduino]{wire=H}
[2026-09-25T19:09:03.599+00:00][P1][INFO][DEBUG_TX][sending to arduino]{wire=H}
[2026-09-25T19:09:04.092+00:00][P1][INFO][DEBUG_TX][sending to arduino]{wire=H}
[2026-09-25T19:09:04.594+00:00][P1][INFO][DEBUG_TX][sending to arduino]{wire=H}
[2026-09-25T19:09:05.092+00:00][P1][INFO][DEBUG_TX][sending to arduino]{wire=H}
[2026-09-25T19:09:05.596+00:00][P1][INFO][DEBUG_TX][sending to arduino]{wire=H}
[2026-09-25T19:09:06.093+00:00][P1][INFO][DEBUG_TX][sending to arduino]{wire=H}
[2026-09-25T19:09:06.624+00:00][P1][INFO][DEBUG_TX][sending to arduino]{wire=H}
[2026-09-25T19:09:07.093+00:00][P1][INFO][DEBUG_TX][sending to arduino]{wire=H}
[2026-09-25T19:09:07.594+00:00][P1][INFO][DEBUG_TX][sending to arduino]{wire=H}
[2026-09-25T19:09:08.092+00:00][P1][INFO][DEBUG_TX][sending to arduino]{wire=H}
[2026-09-25T19:09:08.622+00:00][P1][INFO][DEBUG_TX][sending to arduino]{wire=H}
[2026-09-25T19:09:09.093+00:00][P1][INFO][DEBUG_TX][sending to arduino]{wire=H}
[2026-09-25T19:09:09.623+00:00][P1][INFO][DEBUG_TX][sending to arduino]{wire=H}
[2026-09-25T19:09:10.093+00:00][P1][INFO][DEBUG_TX][sending to arduino]{wire=H}
[2026-09-25T19:09:10.601+00:00][P1][INFO][DEBUG_TX][sending to arduino]{wire=H}
[2026-09-25T19:09:11.093+00:00][P1][INFO][DEBUG_TX][sending to arduino]{wire=H}
[2026-09-25T19:09:11.623+00:00][P1][INFO][DEBUG_TX][sending to arduino]{wire=H}
[2026-09-25T19:09:12.125+00:00][P1][INFO][DEBUG_TX][sending to arduino]{wire=H}
[2026-09-25T19:09:12.628+00:00][P1][INFO][DEBUG_TX][sending to arduino]{wire=H}
[2026-09-25T19:09:13.092+00:00][P1][INFO][DEBUG_TX][sending to arduino]{wire=H}
[2026-09-25T19:09:13.630+00:00][P1][INFO][DEBUG_TX][sending to arduino]{wire=H}
[2026-09-25T19:09:14.097+00:00][P1][INFO][DEBUG_TX][sending to arduino]{wire=H}
[2026-09-25T19:09:14.661+00:00][P1][INFO][DEBUG_TX][sending to arduino]{wire=H}
[2026-09-25T19:09:15.127+00:00][P1][INFO][DEBUG_TX][sending to arduino]{wire=H}
[2026-09-25T19:09:15.650+00:00][P1][INFO][DEBUG_TX][sending to arduino]{wire=H}
[2026-09-25T19:09:16.094+00:00][P1][INFO][DEBUG_TX][sending to arduino]{wire=H}
[2026-09-25T19:09:16.729+00:00][P1][INFO][DEBUG_TX][sending to arduino]{wire=H}
[2026-09-25T19:09:17.212+00:00][P1][INFO][DEBUG_TX][sending to arduino]{wire=H}
[2026-09-25T19:09:17.602+00:00][P1][INFO][DEBUG_TX][sending to arduino]{wire=H}
[2026-09-25T19:09:18.364+00:00][P1][INFO][DEBUG_TX][sending to arduino]{wire=H}
[2026-09-25T19:09:18.738+00:00][P1][INFO][DEBUG_TX][sending to arduino]{wire=H}
[2026-09-25T19:09:19.165+00:00][P1][INFO][DEBUG_TX][sending to arduino]{wire=H}
[2026-09-25T19:09:19.614+00:00][P1][INFO][DEBUG_TX][sending to arduino]{wire=H}
[2026-09-25T19:09:19.780+00:00][P1][INFO][DEBUG_TX][sending to arduino]{wire=F120}
[2026-09-25T19:09:20.093+00:00][P1][INFO][DEBUG_TX][sending to arduino]{wire=H}
[2026-09-25T19:09:20.617+00:00][P1][INFO][DEBUG_TX][sending to arduino]{wire=H}
[2026-09-25T19:09:20.973+00:00][P1][INFO][DEBUG_TX][sending to arduino]{wire=S}
[2026-09-25T19:09:21.105+00:00][P1][INFO][DEBUG_TX][sending to arduino]{wire=H}
[2026-09-25T19:09:21.623+00:00][P1][INFO][DEBUG_TX][sending to arduino]{wire=H}
[2026-09-25T19:09:22.131+00:00][P1][INFO][DEBUG_TX][sending to arduino]{wire=H}
[2026-09-25T19:09:22.619+00:00][P1][INFO][DEBUG_TX][sending to arduino]{wire=H}
[2026-09-25T19:09:23.111+00:00][P1][INFO][DEBUG_TX][sending to arduino]{wire=H}
[2026-09-25T19:09:23.642+00:00][P1][INFO][DEBUG_TX][sending to arduino]{wire=H}
[2026-09-25T19:09:24.276+00:00][P1][INFO][DEBUG_TX][sending to arduino]{wire=H}
[2026-09-25T19:09:24.650+00:00][P1][INFO][DEBUG_TX][sending to arduino]{wire=H}
[2026-09-25T19:09:25.118+00:00][P1][INFO][DEBUG_TX][sending to arduino]{wire=H}
[2026-09-25T19:09:25.711+00:00][P1][INFO][DEBUG_TX][sending to arduino]{wire=H}
[2026-09-25T19:09:26.118+00:00][P1][INFO][DEBUG_TX][sending to arduino]{wire=H}
[2026-09-25T19:09:26.616+00:00][P1][INFO][DEBUG_TX][sending to arduino]{wire=H}
[2026-09-25T19:09:27.173+00:00][P1][INFO][DEBUG_TX][sending to arduino]{wire=H}
[2026-09-25T19:09:27.693+00:00][P1][INFO][DEBUG_TX][sending to arduino]{wire=H}
[2026-09-25T19:09:28.096+00:00][P1][INFO][DEBUG_TX][sending to arduino]{wire=H}
[2026-09-25T19:09:28.748+00:00][P1][INFO][DEBUG_TX][sending to arduino]{wire=H}
[2026-09-25T19:09:29.146+00:00][P1][INFO][DEBUG_TX][sending to arduino]{wire=H}
[2026-09-25T19:09:29.614+00:00][P1][INFO][DEBUG_TX][sending to arduino]{wire=H}
[2026-09-25T19:09:30.106+00:00][P1][INFO][DEBUG_TX][sending to arduino]{wire=H}
[2026-09-25T19:09:30.610+00:00][P1][INFO][DEBUG_TX][sending to arduino]{wire=H}
[2026-09-25T19:09:31.095+00:00][P1][INFO][DEBUG_TX][sending to arduino]{wire=H}
[2026-09-25T19:09:31.610+00:00][P1][INFO][DEBUG_TX][sending to arduino]{wire=H}
[2026-09-25T19:09:32.143+00:00][P1][INFO][DEBUG_TX][sending to arduino]{wire=H}
[2026-09-25T19:09:32.599+00:00][P1][INFO][DEBUG_TX][sending to arduino]{wire=H}
[2026-09-25T19:09:33.116+00:00][P1][INFO][DEBUG_TX][sending to arduino]{wire=H}
[2026-09-25T19:09:33.619+00:00][P1][INFO][DEBUG_TX][sending to arduino]{wire=H}
[2026-09-25T19:09:34.133+00:00][P1][INFO][DEBUG_TX][sending to arduino]{wire=H}
[2026-09-25T19:09:34.651+00:00][P1][INFO][DEBUG_TX][sending to arduino]{wire=H}
[2026-09-25T19:09:35.096+00:00][P1][INFO][DEBUG_TX][sending to arduino]{wire=H}
[2026-09-25T19:09:35.657+00:00][P1][INFO][DEBUG_TX][sending to arduino]{wire=H}
[2026-09-25T19:09:36.101+00:00][P1][INFO][DEBUG_TX][sending to arduino]{wire=H}
[2026-09-25T19:09:36.598+00:00][P1][INFO][DEBUG_TX][sending to arduino]{wire=H}
[2026-09-25T19:09:37.096+00:00][P1][INFO][DEBUG_TX][sending to arduino]{wire=H}
[2026-09-25T19:09:37.600+00:00][P1][INFO][DEBUG_TX][sending to arduino]{wire=H}
[2026-09-25T19:09:38.096+00:00][P1][INFO][DEBUG_TX][sending to arduino]{wire=H}
[2026-09-25T19:09:38.594+00:00][P1][INFO][DEBUG_TX][sending to arduino]{wire=H}
[2026-09-25T19:09:39.151+00:00][P1][INFO][DEBUG_TX][sending to arduino]{wire=H}
[2026-09-25T19:09:39.614+00:00][P1][INFO][DEBUG_TX][sending to arduino]{wire=H}
[2026-09-25T19:09:40.153+00:00][P1][INFO][DEBUG_TX][sending to arduino]{wire=H}
[2026-09-25T19:09:40.648+00:00][P1][INFO][DEBUG_TX][sending to arduino]{wire=H}
[2026-09-25T19:09:41.123+00:00][P1][INFO][DEBUG_TX][sending to arduino]{wire=H}
[2026-09-25T19:09:41.618+00:00][P1][INFO][DEBUG_TX][sending to arduino]{wire=H}
[2026-09-25T19:09:42.277+00:00][P1][INFO][DEBUG_TX][sending to arduino]{wire=H}
[2026-09-25T19:09:42.653+00:00][P1][INFO][DEBUG_TX][sending to arduino]{wire=H}
[2026-09-25T19:09:43.133+00:00][P1][INFO][DEBUG_TX][sending to arduino]{wire=H}
[2026-09-25T19:09:43.622+00:00][P1][INFO][DEBUG_TX][sending to arduino]{wire=H}
[2026-09-25T19:09:44.096+00:00][P1][INFO][DEBUG_TX][sending to arduino]{wire=H}
[2026-09-25T19:09:44.605+00:00][P1][INFO][DEBUG_TX][sending to arduino]{wire=H}
[2026-09-25T19:09:45.099+00:00][P1][INFO][DEBUG_TX][sending to arduino]{wire=H}
[2026-09-25T19:09:45.671+00:00][P1][INFO][DEBUG_TX][sending to arduino]{wire=H}
[2026-09-25T19:09:46.095+00:00][P1][INFO][DEBUG_TX][sending to arduino]{wire=H}
[2026-09-25T19:09:46.631+00:00][P1][INFO][DEBUG_TX][sending to arduino]{wire=H}
[2026-09-25T19:09:47.121+00:00][P1][INFO][DEBUG_TX][sending to arduino]{wire=H}
[2026-09-25T19:09:47.616+00:00][P1][INFO][DEBUG_TX][sending to arduino]{wire=H}
[2026-09-25T19:09:48.110+00:00][P1][INFO][DEBUG_TX][sending to arduino]{wire=H}
[2026-09-25T19:09:48.624+00:00][P1][INFO][DEBUG_TX][sending to arduino]{wire=H}
[2026-09-25T19:09:49.098+00:00][P1][INFO][DEBUG_TX][sending to arduino]{wire=H}
[2026-09-25T19:09:49.624+00:00][P1][INFO][DEBUG_TX][sending to arduino]{wire=H}
[2026-09-25T19:09:50.093+00:00][P1][INFO][DEBUG_TX][sending to arduino]{wire=H}
[2026-09-25T19:09:50.626+00:00][P1][INFO][DEBUG_TX][sending to arduino]{wire=H}
[2026-09-25T19:09:51.092+00:00][P1][INFO][DEBUG_TX][sending to arduino]{wire=H}
[2026-09-25T19:09:51.646+00:00][P1][INFO][DEBUG_TX][sending to arduino]{wire=H}
[2026-09-25T19:09:52.093+00:00][P1][INFO][DEBUG_TX][sending to arduino]{wire=H}
[2026-09-25T19:09:52.632+00:00][P1][INFO][DEBUG_TX][sending to arduino]{wire=H}
[2026-09-25T19:09:53.093+00:00][P1][INFO][DEBUG_TX][sending to arduino]{wire=H}
[2026-09-25T19:09:53.613+00:00][P1][INFO][DEBUG_TX][sending to arduino]{wire=H}
[2026-09-25T19:09:54.093+00:00][P1][INFO][DEBUG_TX][sending to arduino]{wire=H}
[2026-09-25T19:09:54.637+00:00][P1][INFO][DEBUG_TX][sending to arduino]{wire=H}
[2026-09-25T19:09:55.093+00:00][P1][INFO][DEBUG_TX][sending to arduino]{wire=H}
[2026-09-25T19:09:55.607+00:00][P1][INFO][DEBUG_TX][sending to arduino]{wire=H}
[2026-09-25T19:09:56.094+00:00][P1][INFO][DEBUG_TX][sending to arduino]{wire=H}
[2026-09-25T19:09:56.623+00:00][P1][INFO][DEBUG_TX][sending to arduino]{wire=H}
[2026-09-25T19:09:57.097+00:00][P1][INFO][DEBUG_TX][sending to arduino]{wire=H}
[2026-09-25T19:09:57.619+00:00][P1][INFO][DEBUG_TX][sending to arduino]{wire=H}
[2026-09-25T19:09:58.093+00:00][P1][INFO][DEBUG_TX][sending to arduino]{wire=H}
[2026-09-25T19:09:58.628+00:00][P1][INFO][DEBUG_TX][sending to arduino]{wire=H}
[2026-09-25T19:09:59.093+00:00][P1][INFO][DEBUG_TX][sending to arduino]{wire=H}
[2026-09-25T19:09:59.600+00:00][P1][INFO][DEBUG_TX][sending to arduino]{wire=H}
[2026-09-25T19:10:00.095+00:00][P1][INFO][DEBUG_TX][sending to arduino]{wire=H}
[2026-09-25T19:10:00.628+00:00][P1][INFO][DEBUG_TX][sending to arduino]{wire=H}
[2026-09-25T19:10:01.093+00:00][P1][INFO][DEBUG_TX][sending to arduino]{wire=H}
[2026-09-25T19:10:01.598+00:00][P1][INFO][DEBUG_TX][sending to arduino]{wire=H}
[2026-09-25T19:10:02.093+00:00][P1][INFO][DEBUG_TX][sending to arduino]{wire=H}
[2026-09-25T19:10:02.638+00:00][P1][INFO][DEBUG_TX][sending to arduino]{wire=H}
[2026-09-25T19:10:03.093+00:00][P1][INFO][DEBUG_TX][sending to arduino]{wire=H}
[2026-09-25T19:10:03.638+00:00][P1][INFO][DEBUG_TX][sending to arduino]{wire=H}
[2026-09-25T19:10:04.095+00:00][P1][INFO][DEBUG_TX][sending to arduino]{wire=H}
[2026-09-25T19:10:04.646+00:00][P1][INFO][DEBUG_TX][sending to arduino]{wire=H}
[2026-09-25T19:10:05.094+00:00][P1][INFO][DEBUG_TX][sending to arduino]{wire=H}
[2026-09-25T19:10:05.594+00:00][P1][INFO][DEBUG_TX][sending to arduino]{wire=H}
[2026-09-25T19:10:06.094+00:00][P1][INFO][DEBUG_TX][sending to arduino]{wire=H}
[2026-09-25T19:10:06.649+00:00][P1][INFO][DEBUG_TX][sending to arduino]{wire=H}
[2026-09-25T19:10:07.097+00:00][P1][INFO][DEBUG_TX][sending to arduino]{wire=H}
[2026-09-25T19:10:07.600+00:00][P1][INFO][DEBUG_TX][sending to arduino]{wire=H}
[2026-09-25T19:10:08.103+00:00][P1][INFO][DEBUG_TX][sending to arduino]{wire=H}
[2026-09-25T19:10:08.658+00:00][P1][INFO][DEBUG_TX][sending to arduino]{wire=H}
[2026-09-25T19:10:09.146+00:00][P1][INFO][DEBUG_TX][sending to arduino]{wire=H}
[2026-09-25T19:10:09.633+00:00][P1][INFO][DEBUG_TX][sending to arduino]{wire=H}
[2026-09-25T19:10:10.096+00:00][P1][INFO][DEBUG_TX][sending to arduino]{wire=H}
[2026-09-25T19:10:10.631+00:00][P1][INFO][DEBUG_TX][sending to arduino]{wire=H}
[2026-09-25T19:10:11.098+00:00][P1][INFO][DEBUG_TX][sending to arduino]{wire=H}
[2026-09-25T19:10:11.635+00:00][P1][INFO][DEBUG_TX][sending to arduino]{wire=H}
[2026-09-25T19:10:12.095+00:00][P1][INFO][DEBUG_TX][sending to arduino]{wire=H}
[2026-09-25T19:10:12.618+00:00][P1][INFO][DEBUG_TX][sending to arduino]{wire=H}
[2026-09-25T19:10:13.099+00:00][P1][INFO][DEBUG_TX][sending to arduino]{wire=H}
[2026-09-25T19:10:13.637+00:00][P1][INFO][DEBUG_TX][sending to arduino]{wire=H}
[2026-09-25T19:10:14.093+00:00][P1][INFO][DEBUG_TX][sending to arduino]{wire=H}
[2026-09-25T19:10:14.623+00:00][P1][INFO][DEBUG_TX][sending to arduino]{wire=H}
[2026-09-25T19:10:15.124+00:00][P1][INFO][DEBUG_TX][sending to arduino]{wire=H}
[2026-09-25T19:10:15.640+00:00][P1][INFO][DEBUG_TX][sending to arduino]{wire=H}
[2026-09-25T19:10:16.115+00:00][P1][INFO][DEBUG_TX][sending to arduino]{wire=H}
[2026-09-25T19:10:16.628+00:00][P1][INFO][DEBUG_TX][sending to arduino]{wire=H}
[2026-09-25T19:10:17.108+00:00][P1][INFO][DEBUG_TX][sending to arduino]{wire=H}
[2026-09-25T19:10:17.599+00:00][P1][INFO][DEBUG_TX][sending to arduino]{wire=H}
[2026-09-25T19:10:18.092+00:00][P1][INFO][DEBUG_TX][sending to arduino]{wire=H}
[2026-09-25T19:10:18.647+00:00][P1][INFO][DEBUG_TX][sending to arduino]{wire=H}
[2026-09-25T19:10:19.097+00:00][P1][INFO][DEBUG_TX][sending to arduino]{wire=H}
[2026-09-25T19:10:19.595+00:00][P1][INFO][DEBUG_TX][sending to arduino]{wire=H}
[2026-09-25T19:10:20.126+00:00][P1][INFO][DEBUG_TX][sending to arduino]{wire=H}
[2026-09-25T19:10:20.603+00:00][P1][INFO][DEBUG_TX][sending to arduino]{wire=H}
[2026-09-25T19:10:21.094+00:00][P1][INFO][DEBUG_TX][sending to arduino]{wire=H}
[2026-09-25T19:10:21.609+00:00][P1][INFO][DEBUG_TX][sending to arduino]{wire=H}
[2026-09-25T19:10:22.105+00:00][P1][INFO][DEBUG_TX][sending to arduino]{wire=H}
[2026-09-25T19:10:22.602+00:00][P1][INFO][DEBUG_TX][sending to arduino]{wire=H}
[2026-09-25T19:10:23.155+00:00][P1][INFO][DEBUG_TX][sending to arduino]{wire=H}
[2026-09-25T19:10:23.601+00:00][P1][INFO][DEBUG_TX][sending to arduino]{wire=H}
[2026-09-25T19:10:24.110+00:00][P1][INFO][DEBUG_TX][sending to arduino]{wire=H}
[2026-09-25T19:10:24.594+00:00][P1][INFO][DEBUG_TX][sending to arduino]{wire=H}
[2026-09-25T19:10:25.125+00:00][P1][INFO][DEBUG_TX][sending to arduino]{wire=H}
[2026-09-25T19:10:25.627+00:00][P1][INFO][DEBUG_TX][sending to arduino]{wire=H}
[2026-09-25T19:10:26.093+00:00][P1][INFO][DEBUG_TX][sending to arduino]{wire=H}
[2026-09-25T19:10:26.711+00:00][P1][INFO][DEBUG_TX][sending to arduino]{wire=H}
[2026-09-25T19:10:27.153+00:00][P1][INFO][DEBUG_TX][sending to arduino]{wire=H}
[2026-09-25T19:10:27.697+00:00][P1][INFO][DEBUG_TX][sending to arduino]{wire=H}
[2026-09-25T19:10:28.099+00:00][P1][INFO][DEBUG_TX][sending to arduino]{wire=H}
[2026-09-25T19:10:28.641+00:00][P1][INFO][DEBUG_TX][sending to arduino]{wire=H}
[2026-09-25T19:10:29.153+00:00][P1][INFO][DEBUG_TX][sending to arduino]{wire=H}
[2026-09-25T19:10:29.627+00:00][P1][INFO][DEBUG_TX][sending to arduino]{wire=H}
[2026-09-25T19:10:30.107+00:00][P1][INFO][DEBUG_TX][sending to arduino]{wire=H}
[2026-09-25T19:10:30.622+00:00][P1][INFO][DEBUG_TX][sending to arduino]{wire=H}
[2026-09-25T19:10:31.357+00:00][P1][INFO][DEBUG_TX][sending to arduino]{wire=H}
[2026-09-25T19:10:31.600+00:00][P1][INFO][DEBUG_TX][sending to arduino]{wire=H}
[2026-09-25T19:10:32.122+00:00][P1][INFO][DEBUG_TX][sending to arduino]{wire=H}
[2026-09-25T19:10:32.637+00:00][P1][INFO][DEBUG_TX][sending to arduino]{wire=H}
[2026-09-25T19:10:33.125+00:00][P1][INFO][DEBUG_TX][sending to arduino]{wire=H}
[2026-09-25T19:10:33.623+00:00][P1][INFO][DEBUG_TX][sending to arduino]{wire=H}
[2026-09-25T19:10:34.096+00:00][P1][INFO][DEBUG_TX][sending to arduino]{wire=H}
[2026-09-25T19:10:34.624+00:00][P1][INFO][DEBUG_TX][sending to arduino]{wire=H}
[2026-09-25T19:10:35.100+00:00][P1][INFO][DEBUG_TX][sending to arduino]{wire=H}
[2026-09-25T19:10:35.667+00:00][P1][INFO][DEBUG_TX][sending to arduino]{wire=H}
[2026-09-25T19:10:36.099+00:00][P1][INFO][DEBUG_TX][sending to arduino]{wire=H}
[2026-09-25T19:10:36.602+00:00][P1][INFO][DEBUG_TX][sending to arduino]{wire=H}
[2026-09-25T19:10:37.095+00:00][P1][INFO][DEBUG_TX][sending to arduino]{wire=H}
[2026-09-25T19:10:37.662+00:00][P1][INFO][DEBUG_TX][sending to arduino]{wire=H}
[2026-09-25T19:10:38.097+00:00][P1][INFO][DEBUG_TX][sending to arduino]{wire=H}
[2026-09-25T19:10:38.632+00:00][P1][INFO][DEBUG_TX][sending to arduino]{wire=H}
[2026-09-25T19:10:39.098+00:00][P1][INFO][DEBUG_TX][sending to arduino]{wire=H}
[2026-09-25T19:10:39.633+00:00][P1][INFO][DEBUG_TX][sending to arduino]{wire=H}
[2026-09-25T19:10:40.092+00:00][P1][INFO][DEBUG_TX][sending to arduino]{wire=H}
[2026-09-25T19:10:40.600+00:00][P1][INFO][DEBUG_TX][sending to arduino]{wire=H}
[2026-09-25T19:10:41.097+00:00][P1][INFO][DEBUG_TX][sending to arduino]{wire=H}
[2026-09-25T19:10:41.627+00:00][P1][INFO][DEBUG_TX][sending to arduino]{wire=H}
[2026-09-25T19:10:42.097+00:00][P1][INFO][DEBUG_TX][sending to arduino]{wire=H}
[2026-09-25T19:10:42.594+00:00][P1][INFO][DEBUG_TX][sending to arduino]{wire=H}
[2026-09-25T19:10:43.093+00:00][P1][INFO][DEBUG_TX][sending to arduino]{wire=H}
[2026-09-25T19:10:43.609+00:00][P1][INFO][DEBUG_TX][sending to arduino]{wire=H}
[2026-09-25T19:10:44.093+00:00][P1][INFO][DEBUG_TX][sending to arduino]{wire=H}
[2026-09-25T19:10:44.630+00:00][P1][INFO][DEBUG_TX][sending to arduino]{wire=H}
[2026-09-25T19:10:45.093+00:00][P1][INFO][DEBUG_TX][sending to arduino]{wire=H}
[2026-09-25T19:10:45.596+00:00][P1][INFO][DEBUG_TX][sending to arduino]{wire=H}
[2026-09-25T19:10:46.094+00:00][P1][INFO][DEBUG_TX][sending to arduino]{wire=H}
[2026-09-25T19:10:46.614+00:00][P1][INFO][DEBUG_TX][sending to arduino]{wire=H}
[2026-09-25T19:10:47.092+00:00][P1][INFO][DEBUG_TX][sending to arduino]{wire=H}
[2026-09-25T19:10:47.605+00:00][P1][INFO][DEBUG_TX][sending to arduino]{wire=H}
[2026-09-25T19:10:48.095+00:00][P1][INFO][DEBUG_TX][sending to arduino]{wire=H}
[2026-09-25T19:10:48.637+00:00][P1][INFO][DEBUG_TX][sending to arduino]{wire=H}
[2026-09-25T19:10:49.094+00:00][P1][INFO][DEBUG_TX][sending to arduino]{wire=H}
[2026-09-25T19:10:49.629+00:00][P1][INFO][DEBUG_TX][sending to arduino]{wire=H}
[2026-09-25T19:10:50.093+00:00][P1][INFO][DEBUG_TX][sending to arduino]{wire=H}
[2026-09-25T19:10:50.661+00:00][P1][INFO][DEBUG_TX][sending to arduino]{wire=H}
[2026-09-25T19:10:51.092+00:00][P1][INFO][DEBUG_TX][sending to arduino]{wire=H}
[2026-09-25T19:10:51.595+00:00][P1][INFO][DEBUG_TX][sending to arduino]{wire=H}
[2026-09-25T19:10:52.095+00:00][P1][INFO][DEBUG_TX][sending to arduino]{wire=H}
[2026-09-25T19:10:52.645+00:00][P1][INFO][DEBUG_TX][sending to arduino]{wire=H}
[2026-09-25T19:10:53.098+00:00][P1][INFO][DEBUG_TX][sending to arduino]{wire=H}
[2026-09-25T19:10:53.596+00:00][P1][INFO][DEBUG_TX][sending to arduino]{wire=H}
[2026-09-25T19:10:54.095+00:00][P1][INFO][DEBUG_TX][sending to arduino]{wire=H}
[2026-09-25T19:10:54.627+00:00][P1][INFO][DEBUG_TX][sending to arduino]{wire=H}
[2026-09-25T19:10:55.094+00:00][P1][INFO][DEBUG_TX][sending to arduino]{wire=H}
[2026-09-25T19:10:55.637+00:00][P1][INFO][DEBUG_TX][sending to arduino]{wire=H}
[2026-09-25T19:10:56.097+00:00][P1][INFO][DEBUG_TX][sending to arduino]{wire=H}
[2026-09-25T19:10:56.636+00:00][P1][INFO][DEBUG_TX][sending to arduino]{wire=H}
[2026-09-25T19:10:57.109+00:00][P1][INFO][DEBUG_TX][sending to arduino]{wire=H}
[2026-09-25T19:10:57.624+00:00][P1][INFO][DEBUG_TX][sending to arduino]{wire=H}
[2026-09-25T19:10:58.111+00:00][P1][INFO][DEBUG_TX][sending to arduino]{wire=H}
[2026-09-25T19:10:58.595+00:00][P1][INFO][DEBUG_TX][sending to arduino]{wire=H}
[2026-09-25T19:10:59.130+00:00][P1][INFO][DEBUG_TX][sending to arduino]{wire=H}
[2026-09-25T19:10:59.617+00:00][P1][INFO][DEBUG_TX][sending to arduino]{wire=H}
[2026-09-25T19:11:00.108+00:00][P1][INFO][DEBUG_TX][sending to arduino]{wire=H}
[2026-09-25T19:11:00.705+00:00][P1][INFO][DEBUG_TX][sending to arduino]{wire=H}
[2026-09-25T19:11:01.094+00:00][P1][INFO][DEBUG_TX][sending to arduino]{wire=H}
[2026-09-25T19:11:01.657+00:00][P1][INFO][DEBUG_TX][sending to arduino]{wire=H}
[2026-09-25T19:11:02.123+00:00][P1][INFO][DEBUG_TX][sending to arduino]{wire=H}
[2026-09-25T19:11:02.612+00:00][P1][INFO][DEBUG_TX][sending to arduino]{wire=H}
[2026-09-25T19:11:03.100+00:00][P1][INFO][DEBUG_TX][sending to arduino]{wire=H}
[2026-09-25T19:11:03.605+00:00][P1][INFO][DEBUG_TX][sending to arduino]{wire=H}
[2026-09-25T19:11:04.255+00:00][P1][INFO][DEBUG_TX][sending to arduino]{wire=H}
[2026-09-25T19:11:04.627+00:00][P1][INFO][DEBUG_TX][sending to arduino]{wire=H}
[2026-09-25T19:11:05.595+00:00][P1][INFO][DEBUG_TX][sending to arduino]{wire=H}
[2026-09-25T19:11:06.528+00:00][P1][INFO][DEBUG_TX][sending to arduino]{wire=H}
[2026-09-25T19:11:07.539+00:00][P1][INFO][DEBUG_TX][sending to arduino]{wire=H}
[2026-09-25T19:11:08.616+00:00][P1][INFO][DEBUG_TX][sending to arduino]{wire=H}
[2026-09-25T19:11:09.601+00:00][P1][INFO][DEBUG_TX][sending to arduino]{wire=H}
[2026-09-25T19:11:10.577+00:00][P1][INFO][DEBUG_TX][sending to arduino]{wire=H}
[2026-09-25T19:11:11.533+00:00][P1][INFO][DEBUG_TX][sending to arduino]{wire=H}
[2026-09-25T19:11:12.655+00:00][P1][INFO][DEBUG_TX][sending to arduino]{wire=H}
[2026-09-25T19:11:13.530+00:00][P1][INFO][DEBUG_TX][sending to arduino]{wire=H}
[2026-09-25T19:11:14.671+00:00][P1][INFO][DEBUG_TX][sending to arduino]{wire=H}
[2026-09-25T19:11:15.568+00:00][P1][INFO][DEBUG_TX][sending to arduino]{wire=H}
[2026-09-25T19:11:16.655+00:00][P1][INFO][DEBUG_TX][sending to arduino]{wire=H}
[2026-09-25T19:11:17.529+00:00][P1][INFO][DEBUG_TX][sending to arduino]{wire=H}
[2026-09-25T19:11:18.544+00:00][P1][INFO][DEBUG_TX][sending to arduino]{wire=H}
[2026-09-25T19:11:19.530+00:00][P1][INFO][DEBUG_TX][sending to arduino]{wire=H}
[2026-09-25T19:11:20.601+00:00][P1][INFO][DEBUG_TX][sending to arduino]{wire=H}
[2026-09-25T19:11:21.526+00:00][P1][INFO][DEBUG_TX][sending to arduino]{wire=H}
[2026-09-25T19:11:22.527+00:00][P1][INFO][DEBUG_TX][sending to arduino]{wire=H}
[2026-09-25T19:11:23.525+00:00][P1][INFO][DEBUG_TX][sending to arduino]{wire=H}
[2026-09-25T19:11:24.525+00:00][P1][INFO][DEBUG_TX][sending to arduino]{wire=H}
[2026-09-25T19:11:25.526+00:00][P1][INFO][DEBUG_TX][sending to arduino]{wire=H}
[2026-09-25T19:11:26.525+00:00][P1][INFO][DEBUG_TX][sending to arduino]{wire=H}
[2026-09-25T19:11:27.526+00:00][P1][INFO][DEBUG_TX][sending to arduino]{wire=H}
[2026-09-25T19:11:28.526+00:00][P1][INFO][DEBUG_TX][sending to arduino]{wire=H}
[2026-09-25T19:11:29.532+00:00][P1][INFO][DEBUG_TX][sending to arduino]{wire=H}
[2026-09-25T19:11:30.525+00:00][P1][INFO][DEBUG_TX][sending to arduino]{wire=H}
[2026-09-25T19:11:31.528+00:00][P1][INFO][DEBUG_TX][sending to arduino]{wire=H}
[2026-09-25T19:11:32.526+00:00][P1][INFO][DEBUG_TX][sending to arduino]{wire=H}
[2026-09-25T19:11:33.531+00:00][P1][INFO][DEBUG_TX][sending to arduino]{wire=H}
[2026-09-25T19:11:34.526+00:00][P1][INFO][DEBUG_TX][sending to arduino]{wire=H}
[2026-09-25T19:11:35.528+00:00][P1][INFO][DEBUG_TX][sending to arduino]{wire=H}
[2026-09-25T19:11:36.525+00:00][P1][INFO][DEBUG_TX][sending to arduino]{wire=H}
[2026-09-25T19:11:37.530+00:00][P1][INFO][DEBUG_TX][sending to arduino]{wire=H}
[2026-09-25T19:11:38.526+00:00][P1][INFO][DEBUG_TX][sending to arduino]{wire=H}
[2026-09-25T19:11:39.532+00:00][P1][INFO][DEBUG_TX][sending to arduino]{wire=H}
[2026-09-25T19:11:40.526+00:00][P1][INFO][DEBUG_TX][sending to arduino]{wire=H}
[2026-09-25T19:11:41.530+00:00][P1][INFO][DEBUG_TX][sending to arduino]{wire=H}
[2026-09-25T19:11:42.525+00:00][P1][INFO][DEBUG_TX][sending to arduino]{wire=H}
[2026-09-25T19:11:43.526+00:00][P1][INFO][DEBUG_TX][sending to arduino]{wire=H}
[2026-09-25T19:11:44.526+00:00][P1][INFO][DEBUG_TX][sending to arduino]{wire=H}
[2026-09-25T19:11:45.525+00:00][P1][INFO][DEBUG_TX][sending to arduino]{wire=H}
[2026-09-25T19:11:46.526+00:00][P1][INFO][DEBUG_TX][sending to arduino]{wire=H}
[2026-09-25T19:11:47.525+00:00][P1][INFO][DEBUG_TX][sending to arduino]{wire=H}
[2026-09-25T19:11:48.525+00:00][P1][INFO][DEBUG_TX][sending to arduino]{wire=H}
[2026-09-25T19:11:49.525+00:00][P1][INFO][DEBUG_TX][sending to arduino]{wire=H}
[2026-09-25T19:11:50.525+00:00][P1][INFO][DEBUG_TX][sending to arduino]{wire=H}
[2026-09-25T19:11:51.526+00:00][P1][INFO][DEBUG_TX][sending to arduino]{wire=H}
[2026-09-25T19:11:52.525+00:00][P1][INFO][DEBUG_TX][sending to arduino]{wire=H}
[2026-09-25T19:11:53.526+00:00][P1][INFO][DEBUG_TX][sending to arduino]{wire=H}
[2026-09-25T19:11:54.526+00:00][P1][INFO][DEBUG_TX][sending to arduino]{wire=H}
[2026-09-25T19:11:55.525+00:00][P1][INFO][DEBUG_TX][sending to arduino]{wire=H}
[2026-09-25T19:11:56.526+00:00][P1][INFO][DEBUG_TX][sending to arduino]{wire=H}
[2026-09-25T19:11:57.526+00:00][P1][INFO][DEBUG_TX][sending to arduino]{wire=H}
[2026-09-25T19:11:58.525+00:00][P1][INFO][DEBUG_TX][sending to arduino]{wire=H}
[2026-09-25T19:11:59.525+00:00][P1][INFO][DEBUG_TX][sending to arduino]{wire=H}
[2026-09-25T19:12:00.525+00:00][P1][INFO][DEBUG_TX][sending to arduino]{wire=H}
[2026-09-25T19:12:01.529+00:00][P1][INFO][DEBUG_TX][sending to arduino]{wire=H}
[2026-09-25T19:12:02.526+00:00][P1][INFO][DEBUG_TX][sending to arduino]{wire=H}
[2026-09-25T19:12:03.526+00:00][P1][INFO][DEBUG_TX][sending to arduino]{wire=H}
[2026-09-25T19:12:04.526+00:00][P1][INFO][DEBUG_TX][sending to arduino]{wire=H}
[2026-09-25T19:12:05.526+00:00][P1][INFO][DEBUG_TX][sending to arduino]{wire=H}
[2026-09-25T19:12:06.525+00:00][P1][INFO][DEBUG_TX][sending to arduino]{wire=H}
[2026-09-25T19:12:07.526+00:00][P1][INFO][DEBUG_TX][sending to arduino]{wire=H}
[2026-09-25T19:12:08.525+00:00][P1][INFO][DEBUG_TX][sending to arduino]{wire=H}
[2026-09-25T19:12:09.525+00:00][P1][INFO][DEBUG_TX][sending to arduino]{wire=H}
[2026-09-25T19:12:10.525+00:00][P1][INFO][DEBUG_TX][sending to arduino]{wire=H}
[2026-09-25T19:12:11.525+00:00][P1][INFO][DEBUG_TX][sending to arduino]{wire=H}
[2026-09-25T19:12:12.525+00:00][P1][INFO][DEBUG_TX][sending to arduino]{wire=H}
[2026-09-25T19:12:13.525+00:00][P1][INFO][DEBUG_TX][sending to arduino]{wire=H}
[2026-09-25T19:12:14.525+00:00][P1][INFO][DEBUG_TX][sending to arduino]{wire=H}
[2026-09-25T19:12:15.525+00:00][P1][INFO][DEBUG_TX][sending to arduino]{wire=H}
[2026-09-25T19:12:16.525+00:00][P1][INFO][DEBUG_TX][sending to arduino]{wire=H}
[2026-09-25T19:12:17.526+00:00][P1][INFO][DEBUG_TX][sending to arduino]{wire=H}
[2026-09-25T19:12:18.525+00:00][P1][INFO][DEBUG_TX][sending to arduino]{wire=H}
[2026-09-25T19:12:19.525+00:00][P1][INFO][DEBUG_TX][sending to arduino]{wire=H}
[2026-09-25T19:12:20.529+00:00][P1][INFO][DEBUG_TX][sending to arduino]{wire=H}
[2026-09-25T19:12:21.526+00:00][P1][INFO][DEBUG_TX][sending to arduino]{wire=H}
[2026-09-25T19:12:22.525+00:00][P1][INFO][DEBUG_TX][sending to arduino]{wire=H}
[2026-09-25T19:12:23.526+00:00][P1][INFO][DEBUG_TX][sending to arduino]{wire=H}
[2026-09-25T19:12:24.525+00:00][P1][INFO][DEBUG_TX][sending to arduino]{wire=H}
[2026-09-25T19:12:25.525+00:00][P1][INFO][DEBUG_TX][sending to arduino]{wire=H}
[2026-09-25T19:12:26.525+00:00][P1][INFO][DEBUG_TX][sending to arduino]{wire=H}
[2026-09-25T19:12:27.525+00:00][P1][INFO][DEBUG_TX][sending to arduino]{wire=H}
[2026-09-25T19:12:28.525+00:00][P1][INFO][DEBUG_TX][sending to arduino]{wire=H}
[2026-09-25T19:12:29.525+00:00][P1][INFO][DEBUG_TX][sending to arduino]{wire=H}
[2026-09-25T19:12:30.526+00:00][P1][INFO][DEBUG_TX][sending to arduino]{wire=H}
[2026-09-25T19:12:31.525+00:00][P1][INFO][DEBUG_TX][sending to arduino]{wire=H}
[2026-09-25T19:12:32.525+00:00][P1][INFO][DEBUG_TX][sending to arduino]{wire=H}
[2026-09-25T19:12:33.525+00:00][P1][INFO][DEBUG_TX][sending to arduino]{wire=H}
[2026-09-25T19:12:34.525+00:00][P1][INFO][DEBUG_TX][sending to arduino]{wire=H}
[2026-09-25T19:12:35.525+00:00][P1][INFO][DEBUG_TX][sending to arduino]{wire=H}
[2026-09-25T19:12:36.525+00:00][P1][INFO][DEBUG_TX][sending to arduino]{wire=H}
[2026-09-25T19:12:37.525+00:00][P1][INFO][DEBUG_TX][sending to arduino]{wire=H}
[2026-09-25T19:12:38.525+00:00][P1][INFO][DEBUG_TX][sending to arduino]{wire=H}
[2026-09-25T19:12:39.525+00:00][P1][INFO][DEBUG_TX][sending to arduino]{wire=H}
[2026-09-25T19:12:40.525+00:00][P1][INFO][DEBUG_TX][sending to arduino]{wire=H}
[2026-09-25T19:12:41.525+00:00][P1][INFO][DEBUG_TX][sending to arduino]{wire=H}
[2026-09-25T19:12:42.525+00:00][P1][INFO][DEBUG_TX][sending to arduino]{wire=H}
[2026-09-25T19:12:43.525+00:00][P1][INFO][DEBUG_TX][sending to arduino]{wire=H}
[2026-09-25T19:12:44.525+00:00][P1][INFO][DEBUG_TX][sending to arduino]{wire=H}
[2026-09-25T19:12:45.525+00:00][P1][INFO][DEBUG_TX][sending to arduino]{wire=H}
[2026-09-25T19:12:46.525+00:00][P1][INFO][DEBUG_TX][sending to arduino]{wire=H}
[2026-09-25T19:12:47.525+00:00][P1][INFO][DEBUG_TX][sending to arduino]{wire=H}
[2026-09-25T19:12:48.526+00:00][P1][INFO][DEBUG_TX][sending to arduino]{wire=H}
[2026-09-25T19:12:49.525+00:00][P1][INFO][DEBUG_TX][sending to arduino]{wire=H}
[2026-09-25T19:12:50.526+00:00][P1][INFO][DEBUG_TX][sending to arduino]{wire=H}
[2026-09-25T19:12:51.525+00:00][P1][INFO][DEBUG_TX][sending to arduino]{wire=H}
[2026-09-25T19:12:52.526+00:00][P1][INFO][DEBUG_TX][sending to arduino]{wire=H}
[2026-09-25T19:12:53.525+00:00][P1][INFO][DEBUG_TX][sending to arduino]{wire=H}
[2026-09-25T19:12:54.525+00:00][P1][INFO][DEBUG_TX][sending to arduino]{wire=H}
[2026-09-25T19:12:55.525+00:00][P1][INFO][DEBUG_TX][sending to arduino]{wire=H}
[2026-09-25T19:12:56.526+00:00][P1][INFO][DEBUG_TX][sending to arduino]{wire=H}
[2026-09-25T19:12:57.525+00:00][P1][INFO][DEBUG_TX][sending to arduino]{wire=H}
[2026-09-25T19:12:58.525+00:00][P1][INFO][DEBUG_TX][sending to arduino]{wire=H}
[2026-09-25T19:12:59.525+00:00][P1][INFO][DEBUG_TX][sending to arduino]{wire=H}
[2026-09-25T19:13:00.525+00:00][P1][INFO][DEBUG_TX][sending to arduino]{wire=H}
[2026-09-25T19:13:01.525+00:00][P1][INFO][DEBUG_TX][sending to arduino]{wire=H}
[2026-09-25T19:13:02.526+00:00][P1][INFO][DEBUG_TX][sending to arduino]{wire=H}
[2026-09-25T19:13:03.525+00:00][P1][INFO][DEBUG_TX][sending to arduino]{wire=H}
[2026-09-25T19:13:04.525+00:00][P1][INFO][DEBUG_TX][sending to arduino]{wire=H}
[2026-09-25T19:13:05.526+00:00][P1][INFO][DEBUG_TX][sending to arduino]{wire=H}
[2026-09-25T19:13:06.525+00:00][P1][INFO][DEBUG_TX][sending to arduino]{wire=H}
[2026-09-25T19:13:07.525+00:00][P1][INFO][DEBUG_TX][sending to arduino]{wire=H}
[2026-09-25T19:13:08.525+00:00][P1][INFO][DEBUG_TX][sending to arduino]{wire=H}
[2026-09-25T19:13:09.525+00:00][P1][INFO][DEBUG_TX][sending to arduino]{wire=H}
[2026-09-25T19:13:10.525+00:00][P1][INFO][DEBUG_TX][sending to arduino]{wire=H}
[2026-09-25T19:13:11.525+00:00][P1][INFO][DEBUG_TX][sending to arduino]{wire=H}
[2026-09-25T19:13:12.525+00:00][P1][INFO][DEBUG_TX][sending to arduino]{wire=H}
[2026-09-25T19:13:13.525+00:00][P1][INFO][DEBUG_TX][sending to arduino]{wire=H}
[2026-09-25T19:13:14.525+00:00][P1][INFO][DEBUG_TX][sending to arduino]{wire=H}
[2026-09-25T19:13:15.525+00:00][P1][INFO][DEBUG_TX][sending to arduino]{wire=H}
[2026-09-25T19:13:16.525+00:00][P1][INFO][DEBUG_TX][sending to arduino]{wire=H}
[2026-09-25T19:13:17.526+00:00][P1][INFO][DEBUG_TX][sending to arduino]{wire=H}
[2026-09-25T19:13:18.534+00:00][P1][INFO][DEBUG_TX][sending to arduino]{wire=H}
[2026-09-25T19:13:19.527+00:00][P1][INFO][DEBUG_TX][sending to arduino]{wire=H}
[2026-09-25T19:13:20.531+00:00][P1][INFO][DEBUG_TX][sending to arduino]{wire=H}
[2026-09-25T19:13:21.531+00:00][P1][INFO][DEBUG_TX][sending to arduino]{wire=H}
[2026-09-25T19:13:22.526+00:00][P1][INFO][DEBUG_TX][sending to arduino]{wire=H}
[2026-09-25T19:13:23.525+00:00][P1][INFO][DEBUG_TX][sending to arduino]{wire=H}
[2026-09-25T19:13:24.530+00:00][P1][INFO][DEBUG_TX][sending to arduino]{wire=H}
[2026-09-25T19:13:25.526+00:00][P1][INFO][DEBUG_TX][sending to arduino]{wire=H}
[2026-09-25T19:13:26.526+00:00][P1][INFO][DEBUG_TX][sending to arduino]{wire=H}
[2026-09-25T19:13:27.529+00:00][P1][INFO][DEBUG_TX][sending to arduino]{wire=H}
[2026-09-25T19:13:28.554+00:00][P1][INFO][DEBUG_TX][sending to arduino]{wire=H}
[2026-09-25T19:13:29.691+00:00][P1][INFO][DEBUG_TX][sending to arduino]{wire=H}
[2026-09-25T19:13:30.537+00:00][P1][INFO][DEBUG_TX][sending to arduino]{wire=H}
[2026-09-25T19:13:31.529+00:00][P1][INFO][DEBUG_TX][sending to arduino]{wire=H}
[2026-09-25T19:13:32.533+00:00][P1][INFO][DEBUG_TX][sending to arduino]{wire=H}
[2026-09-25T19:13:33.922+00:00][P1][INFO][DEBUG_TX][sending to arduino]{wire=H}
[2026-09-25T19:13:34.599+00:00][P1][INFO][DEBUG_TX][sending to arduino]{wire=H}
[2026-09-25T19:13:35.605+00:00][P1][INFO][DEBUG_TX][sending to arduino]{wire=H}
[2026-09-25T19:13:36.536+00:00][P1][INFO][DEBUG_TX][sending to arduino]{wire=H}
[2026-09-25T19:13:37.526+00:00][P1][INFO][DEBUG_TX][sending to arduino]{wire=H}
[2026-09-25T19:13:38.563+00:00][P1][INFO][DEBUG_TX][sending to arduino]{wire=H}
[2026-09-25T19:13:39.549+00:00][P1][INFO][DEBUG_TX][sending to arduino]{wire=H}
[2026-09-25T19:13:40.576+00:00][P1][INFO][DEBUG_TX][sending to arduino]{wire=H}
[2026-09-25T19:13:41.527+00:00][P1][INFO][DEBUG_TX][sending to arduino]{wire=H}
[2026-09-25T19:13:42.547+00:00][P1][INFO][DEBUG_TX][sending to arduino]{wire=H}
[2026-09-25T19:13:43.526+00:00][P1][INFO][DEBUG_TX][sending to arduino]{wire=H}
[2026-09-25T19:13:44.527+00:00][P1][INFO][DEBUG_TX][sending to arduino]{wire=H}
[2026-09-25T19:13:45.525+00:00][P1][INFO][DEBUG_TX][sending to arduino]{wire=H}
[2026-09-25T19:13:46.537+00:00][P1][INFO][DEBUG_TX][sending to arduino]{wire=H}
[2026-09-25T19:13:47.576+00:00][P1][INFO][DEBUG_TX][sending to arduino]{wire=H}
[2026-09-25T19:13:48.541+00:00][P1][INFO][DEBUG_TX][sending to arduino]{wire=H}
[2026-09-25T19:13:49.525+00:00][P1][INFO][DEBUG_TX][sending to arduino]{wire=H}
[2026-09-25T19:13:50.529+00:00][P1][INFO][DEBUG_TX][sending to arduino]{wire=H}
[2026-09-25T19:13:51.526+00:00][P1][INFO][DEBUG_TX][sending to arduino]{wire=H}
[2026-09-25T19:13:52.526+00:00][P1][INFO][DEBUG_TX][sending to arduino]{wire=H}
[2026-09-25T19:13:53.527+00:00][P1][INFO][DEBUG_TX][sending to arduino]{wire=H}
[2026-09-25T19:13:54.530+00:00][P1][INFO][DEBUG_TX][sending to arduino]{wire=H}
[2026-09-25T19:13:55.534+00:00][P1][INFO][DEBUG_TX][sending to arduino]{wire=H}
[2026-09-25T19:13:56.526+00:00][P1][INFO][DEBUG_TX][sending to arduino]{wire=H}
[2026-09-25T19:13:57.621+00:00][P1][INFO][DEBUG_TX][sending to arduino]{wire=H}
[2026-09-25T19:13:58.526+00:00][P1][INFO][DEBUG_TX][sending to arduino]{wire=H}
[2026-09-25T19:13:59.540+00:00][P1][INFO][DEBUG_TX][sending to arduino]{wire=H}
[2026-09-25T19:14:00.528+00:00][P1][INFO][DEBUG_TX][sending to arduino]{wire=H}
[2026-09-25T19:14:01.530+00:00][P1][INFO][DEBUG_TX][sending to arduino]{wire=H}
[2026-09-25T19:14:02.526+00:00][P1][INFO][DEBUG_TX][sending to arduino]{wire=H}
[2026-09-25T19:14:03.526+00:00][P1][INFO][DEBUG_TX][sending to arduino]{wire=H}
[2026-09-25T19:14:04.526+00:00][P1][INFO][DEBUG_TX][sending to arduino]{wire=H}
[2026-09-25T19:14:05.528+00:00][P1][INFO][DEBUG_TX][sending to arduino]{wire=H}
[2026-09-25T19:14:06.580+00:00][P1][INFO][DEBUG_TX][sending to arduino]{wire=H}
[2026-09-25T19:14:07.533+00:00][P1][INFO][DEBUG_TX][sending to arduino]{wire=H}
[2026-09-25T19:14:08.527+00:00][P1][INFO][DEBUG_TX][sending to arduino]{wire=H}
[2026-09-25T19:14:09.526+00:00][P1][INFO][DEBUG_TX][sending to arduino]{wire=H}
[2026-09-25T19:14:10.531+00:00][P1][INFO][DEBUG_TX][sending to arduino]{wire=H}
[2026-09-25T19:14:11.538+00:00][P1][INFO][DEBUG_TX][sending to arduino]{wire=H}
[2026-09-25T19:14:12.526+00:00][P1][INFO][DEBUG_TX][sending to arduino]{wire=H}
[2026-09-25T19:14:13.527+00:00][P1][INFO][DEBUG_TX][sending to arduino]{wire=H}
[2026-09-25T19:14:14.525+00:00][P1][INFO][DEBUG_TX][sending to arduino]{wire=H}
[2026-09-25T19:14:15.525+00:00][P1][INFO][DEBUG_TX][sending to arduino]{wire=H}
[2026-09-25T19:14:16.526+00:00][P1][INFO][DEBUG_TX][sending to arduino]{wire=H}
[2026-09-25T19:14:17.526+00:00][P1][INFO][DEBUG_TX][sending to arduino]{wire=H}
[2026-09-25T19:14:18.528+00:00][P1][INFO][DEBUG_TX][sending to arduino]{wire=H}
[2026-09-25T19:14:19.527+00:00][P1][INFO][DEBUG_TX][sending to arduino]{wire=H}
[2026-09-25T19:14:20.526+00:00][P1][INFO][DEBUG_TX][sending to arduino]{wire=H}
[2026-09-25T19:14:21.529+00:00][P1][INFO][DEBUG_TX][sending to arduino]{wire=H}
[2026-09-25T19:14:22.527+00:00][P1][INFO][DEBUG_TX][sending to arduino]{wire=H}
[2026-09-25T19:14:23.525+00:00][P1][INFO][DEBUG_TX][sending to arduino]{wire=H}
[2026-09-25T19:14:24.528+00:00][P1][INFO][DEBUG_TX][sending to arduino]{wire=H}
[2026-09-25T19:14:25.595+00:00][P1][INFO][DEBUG_TX][sending to arduino]{wire=H}
[2026-09-25T19:14:26.549+00:00][P1][INFO][DEBUG_TX][sending to arduino]{wire=H}
[2026-09-25T19:14:27.528+00:00][P1][INFO][DEBUG_TX][sending to arduino]{wire=H}
[2026-09-25T19:14:28.575+00:00][P1][INFO][DEBUG_TX][sending to arduino]{wire=H}
[2026-09-25T19:14:29.527+00:00][P1][INFO][DEBUG_TX][sending to arduino]{wire=H}
[2026-09-25T19:14:30.529+00:00][P1][INFO][DEBUG_TX][sending to arduino]{wire=H}
[2026-09-25T19:14:31.527+00:00][P1][INFO][DEBUG_TX][sending to arduino]{wire=H}
[2026-09-25T19:14:32.537+00:00][P1][INFO][DEBUG_TX][sending to arduino]{wire=H}
[2026-09-25T19:14:33.526+00:00][P1][INFO][DEBUG_TX][sending to arduino]{wire=H}
[2026-09-25T19:14:34.533+00:00][P1][INFO][DEBUG_TX][sending to arduino]{wire=H}
[2026-09-25T19:14:35.533+00:00][P1][INFO][DEBUG_TX][sending to arduino]{wire=H}
[2026-09-25T19:14:36.530+00:00][P1][INFO][DEBUG_TX][sending to arduino]{wire=H}
[2026-09-25T19:14:37.527+00:00][P1][INFO][DEBUG_TX][sending to arduino]{wire=H}
[2026-09-25T19:14:38.527+00:00][P1][INFO][DEBUG_TX][sending to arduino]{wire=H}
[2026-09-25T19:14:39.533+00:00][P1][INFO][DEBUG_TX][sending to arduino]{wire=H}
[2026-09-25T19:14:40.535+00:00][P1][INFO][DEBUG_TX][sending to arduino]{wire=H}
[2026-09-25T19:14:41.538+00:00][P1][INFO][DEBUG_TX][sending to arduino]{wire=H}
[2026-09-25T19:14:42.576+00:00][P1][INFO][DEBUG_TX][sending to arduino]{wire=H}
[2026-09-25T19:14:43.532+00:00][P1][INFO][DEBUG_TX][sending to arduino]{wire=H}
[2026-09-25T19:14:44.525+00:00][P1][INFO][DEBUG_TX][sending to arduino]{wire=H}
[2026-09-25T19:14:45.528+00:00][P1][INFO][DEBUG_TX][sending to arduino]{wire=H}
[2026-09-25T19:14:46.526+00:00][P1][INFO][DEBUG_TX][sending to arduino]{wire=H}
[2026-09-25T19:14:47.536+00:00][P1][INFO][DEBUG_TX][sending to arduino]{wire=H}
[2026-09-25T19:14:48.526+00:00][P1][INFO][DEBUG_TX][sending to arduino]{wire=H}
[2026-09-25T19:14:49.550+00:00][P1][INFO][DEBUG_TX][sending to arduino]{wire=H}
[2026-09-25T19:14:50.529+00:00][P1][INFO][DEBUG_TX][sending to arduino]{wire=H}
[2026-09-25T19:14:51.525+00:00][P1][INFO][DEBUG_TX][sending to arduino]{wire=H}
[2026-09-25T19:14:52.527+00:00][P1][INFO][DEBUG_TX][sending to arduino]{wire=H}
[2026-09-25T19:14:53.530+00:00][P1][INFO][DEBUG_TX][sending to arduino]{wire=H}
[2026-09-25T19:14:54.527+00:00][P1][INFO][DEBUG_TX][sending to arduino]{wire=H}
[2026-09-25T19:14:55.530+00:00][P1][INFO][DEBUG_TX][sending to arduino]{wire=H}
[2026-09-25T19:14:56.525+00:00][P1][INFO][DEBUG_TX][sending to arduino]{wire=H}
[2026-09-25T19:14:57.527+00:00][P1][INFO][DEBUG_TX][sending to arduino]{wire=H}
[2026-09-25T19:14:58.529+00:00][P1][INFO][DEBUG_TX][sending to arduino]{wire=H}
[2026-09-25T19:14:59.526+00:00][P1][INFO][DEBUG_TX][sending to arduino]{wire=H}
[2026-09-25T19:15:00.532+00:00][P1][INFO][DEBUG_TX][sending to arduino]{wire=H}
[2026-09-25T19:15:01.529+00:00][P1][INFO][DEBUG_TX][sending to arduino]{wire=H}
[2026-09-25T19:15:02.530+00:00][P1][INFO][DEBUG_TX][sending to arduino]{wire=H}
[2026-09-25T19:15:03.531+00:00][P1][INFO][DEBUG_TX][sending to arduino]{wire=H}
[2026-09-25T19:15:04.526+00:00][P1][INFO][DEBUG_TX][sending to arduino]{wire=H}
[2026-09-25T19:15:05.526+00:00][P1][INFO][DEBUG_TX][sending to arduino]{wire=H}
[2026-09-25T19:15:06.526+00:00][P1][INFO][DEBUG_TX][sending to arduino]{wire=H}
[2026-09-25T19:15:07.526+00:00][P1][INFO][DEBUG_TX][sending to arduino]{wire=H}
[2026-09-25T19:15:08.525+00:00][P1][INFO][DEBUG_TX][sending to arduino]{wire=H}
[2026-09-25T19:15:09.525+00:00][P1][INFO][DEBUG_TX][sending to arduino]{wire=H}
[2026-09-25T19:15:10.525+00:00][P1][INFO][DEBUG_TX][sending to arduino]{wire=H}
[2026-09-25T19:15:11.525+00:00][P1][INFO][DEBUG_TX][sending to arduino]{wire=H}
[2026-09-25T19:15:12.525+00:00][P1][INFO][DEBUG_TX][sending to arduino]{wire=H}
[2026-09-25T19:15:13.525+00:00][P1][INFO][DEBUG_TX][sending to arduino]{wire=H}
[2026-09-25T19:15:14.526+00:00][P1][INFO][DEBUG_TX][sending to arduino]{wire=H}
[2026-09-25T19:15:15.525+00:00][P1][INFO][DEBUG_TX][sending to arduino]{wire=H}
[2026-09-25T19:15:16.526+00:00][P1][INFO][DEBUG_TX][sending to arduino]{wire=H}
[2026-09-25T19:15:17.525+00:00][P1][INFO][DEBUG_TX][sending to arduino]{wire=H}
[2026-09-25T19:15:18.525+00:00][P1][INFO][DEBUG_TX][sending to arduino]{wire=H}
[2026-09-25T19:15:19.525+00:00][P1][INFO][DEBUG_TX][sending to arduino]{wire=H}
[2026-09-25T19:15:20.528+00:00][P1][INFO][DEBUG_TX][sending to arduino]{wire=H}
[2026-09-25T19:15:21.525+00:00][P1][INFO][DEBUG_TX][sending to arduino]{wire=H}
[2026-09-25T19:15:22.529+00:00][P1][INFO][DEBUG_TX][sending to arduino]{wire=H}
[2026-09-25T19:15:23.530+00:00][P1][INFO][DEBUG_TX][sending to arduino]{wire=H}
[2026-09-25T19:15:24.525+00:00][P1][INFO][DEBUG_TX][sending to arduino]{wire=H}
[2026-09-25T19:15:25.525+00:00][P1][INFO][DEBUG_TX][sending to arduino]{wire=H}
[2026-09-25T19:15:26.525+00:00][P1][INFO][DEBUG_TX][sending to arduino]{wire=H}
[2026-09-25T19:15:27.525+00:00][P1][INFO][DEBUG_TX][sending to arduino]{wire=H}
[2026-09-25T19:15:28.525+00:00][P1][INFO][DEBUG_TX][sending to arduino]{wire=H}
[2026-09-25T19:15:29.526+00:00][P1][INFO][DEBUG_TX][sending to arduino]{wire=H}
[2026-09-25T19:15:30.529+00:00][P1][INFO][DEBUG_TX][sending to arduino]{wire=H}
[2026-09-25T19:15:31.527+00:00][P1][INFO][DEBUG_TX][sending to arduino]{wire=H}
[2026-09-25T19:15:32.531+00:00][P1][INFO][DEBUG_TX][sending to arduino]{wire=H}
[2026-09-25T19:15:33.527+00:00][P1][INFO][DEBUG_TX][sending to arduino]{wire=H}
[2026-09-25T19:15:34.548+00:00][P1][INFO][DEBUG_TX][sending to arduino]{wire=H}
[2026-09-25T19:15:35.533+00:00][P1][INFO][DEBUG_TX][sending to arduino]{wire=H}
[2026-09-25T19:15:36.527+00:00][P1][INFO][DEBUG_TX][sending to arduino]{wire=H}
[2026-09-25T19:15:37.526+00:00][P1][INFO][DEBUG_TX][sending to arduino]{wire=H}
[2026-09-25T19:15:38.527+00:00][P1][INFO][DEBUG_TX][sending to arduino]{wire=H}
[2026-09-25T19:15:39.525+00:00][P1][INFO][DEBUG_TX][sending to arduino]{wire=H}
[2026-09-25T19:15:40.525+00:00][P1][INFO][DEBUG_TX][sending to arduino]{wire=H}
[2026-09-25T19:15:41.526+00:00][P1][INFO][DEBUG_TX][sending to arduino]{wire=H}
[2026-09-25T19:15:42.541+00:00][P1][INFO][DEBUG_TX][sending to arduino]{wire=H}
[2026-09-25T19:15:43.533+00:00][P1][INFO][DEBUG_TX][sending to arduino]{wire=H}
[2026-09-25T19:15:44.528+00:00][P1][INFO][DEBUG_TX][sending to arduino]{wire=H}
[2026-09-25T19:15:45.529+00:00][P1][INFO][DEBUG_TX][sending to arduino]{wire=H}
[2026-09-25T19:15:46.555+00:00][P1][INFO][DEBUG_TX][sending to arduino]{wire=H}
[2026-09-25T19:15:47.530+00:00][P1][INFO][DEBUG_TX][sending to arduino]{wire=H}
[2026-09-25T19:15:48.526+00:00][P1][INFO][DEBUG_TX][sending to arduino]{wire=H}
[2026-09-25T19:15:49.526+00:00][P1][INFO][DEBUG_TX][sending to arduino]{wire=H}
[2026-09-25T19:15:50.529+00:00][P1][INFO][DEBUG_TX][sending to arduino]{wire=H}
[2026-09-25T19:15:51.526+00:00][P1][INFO][DEBUG_TX][sending to arduino]{wire=H}
[2026-09-25T19:15:52.526+00:00][P1][INFO][DEBUG_TX][sending to arduino]{wire=H}
[2026-09-25T19:15:53.526+00:00][P1][INFO][DEBUG_TX][sending to arduino]{wire=H}
[2026-09-25T19:15:54.525+00:00][P1][INFO][DEBUG_TX][sending to arduino]{wire=H}
[2026-09-25T19:15:55.525+00:00][P1][INFO][DEBUG_TX][sending to arduino]{wire=H}
[2026-09-25T19:15:56.525+00:00][P1][INFO][DEBUG_TX][sending to arduino]{wire=H}
[2026-09-25T19:15:57.525+00:00][P1][INFO][DEBUG_TX][sending to arduino]{wire=H}
[2026-09-25T19:15:58.525+00:00][P1][INFO][DEBUG_TX][sending to arduino]{wire=H}
[2026-09-25T19:15:59.525+00:00][P1][INFO][DEBUG_TX][sending to arduino]{wire=H}
[2026-09-25T19:16:00.525+00:00][P1][INFO][DEBUG_TX][sending to arduino]{wire=H}
[2026-09-25T19:16:01.525+00:00][P1][INFO][DEBUG_TX][sending to arduino]{wire=H}
[2026-09-25T19:16:02.525+00:00][P1][INFO][DEBUG_TX][sending to arduino]{wire=H}
[2026-09-25T19:16:03.524+00:00][P1][INFO][DEBUG_TX][sending to arduino]{wire=H}
[2026-09-25T19:16:04.527+00:00][P1][INFO][DEBUG_TX][sending to arduino]{wire=H}
[2026-09-25T19:16:05.525+00:00][P1][INFO][DEBUG_TX][sending to arduino]{wire=H}
[2026-09-25T19:16:06.525+00:00][P1][INFO][DEBUG_TX][sending to arduino]{wire=H}
[2026-09-25T19:16:07.525+00:00][P1][INFO][DEBUG_TX][sending to arduino]{wire=H}
[2026-09-25T19:16:08.525+00:00][P1][INFO][DEBUG_TX][sending to arduino]{wire=H}
[2026-09-25T19:16:09.525+00:00][P1][INFO][DEBUG_TX][sending to arduino]{wire=H}
[2026-09-25T19:16:10.525+00:00][P1][INFO][DEBUG_TX][sending to arduino]{wire=H}
[2026-09-25T19:16:11.525+00:00][P1][INFO][DEBUG_TX][sending to arduino]{wire=H}
[2026-09-25T19:16:12.524+00:00][P1][INFO][DEBUG_TX][sending to arduino]{wire=H}
[2026-09-25T19:16:13.525+00:00][P1][INFO][DEBUG_TX][sending to arduino]{wire=H}
[2026-09-25T19:16:14.526+00:00][P1][INFO][DEBUG_TX][sending to arduino]{wire=H}
[2026-09-25T19:16:15.526+00:00][P1][INFO][DEBUG_TX][sending to arduino]{wire=H}
[2026-09-25T19:16:16.526+00:00][P1][INFO][DEBUG_TX][sending to arduino]{wire=H}
[2026-09-25T19:16:17.525+00:00][P1][INFO][DEBUG_TX][sending to arduino]{wire=H}
[2026-09-25T19:16:18.528+00:00][P1][INFO][DEBUG_TX][sending to arduino]{wire=H}
[2026-09-25T19:16:19.528+00:00][P1][INFO][DEBUG_TX][sending to arduino]{wire=H}
[2026-09-25T19:16:20.525+00:00][P1][INFO][DEBUG_TX][sending to arduino]{wire=H}
[2026-09-25T19:16:21.525+00:00][P1][INFO][DEBUG_TX][sending to arduino]{wire=H}
[2026-09-25T19:16:22.525+00:00][P1][INFO][DEBUG_TX][sending to arduino]{wire=H}
[2026-09-25T19:16:23.525+00:00][P1][INFO][DEBUG_TX][sending to arduino]{wire=H}
[2026-09-25T19:16:24.525+00:00][P1][INFO][DEBUG_TX][sending to arduino]{wire=H}
[2026-09-25T19:16:25.525+00:00][P1][INFO][DEBUG_TX][sending to arduino]{wire=H}
[2026-09-25T19:16:26.525+00:00][P1][INFO][DEBUG_TX][sending to arduino]{wire=H}
[2026-09-25T19:16:27.525+00:00][P1][INFO][DEBUG_TX][sending to arduino]{wire=H}
[2026-09-25T19:16:28.525+00:00][P1][INFO][DEBUG_TX][sending to arduino]{wire=H}
[2026-09-25T19:16:29.525+00:00][P1][INFO][DEBUG_TX][sending to arduino]{wire=H}
[2026-09-25T19:16:30.526+00:00][P1][INFO][DEBUG_TX][sending to arduino]{wire=H}
[2026-09-25T19:16:31.526+00:00][P1][INFO][DEBUG_TX][sending to arduino]{wire=H}
[2026-09-25T19:16:32.526+00:00][P1][INFO][DEBUG_TX][sending to arduino]{wire=H}
[2026-09-25T19:16:33.526+00:00][P1][INFO][DEBUG_TX][sending to arduino]{wire=H}
[2026-09-25T19:16:34.529+00:00][P1][INFO][DEBUG_TX][sending to arduino]{wire=H}
[2026-09-25T19:16:35.526+00:00][P1][INFO][DEBUG_TX][sending to arduino]{wire=H}
[2026-09-25T19:16:36.526+00:00][P1][INFO][DEBUG_TX][sending to arduino]{wire=H}
[2026-09-25T19:16:37.533+00:00][P1][INFO][DEBUG_TX][sending to arduino]{wire=H}
[2026-09-25T19:16:38.526+00:00][P1][INFO][DEBUG_TX][sending to arduino]{wire=H}
[2026-09-25T19:16:39.526+00:00][P1][INFO][DEBUG_TX][sending to arduino]{wire=H}
[2026-09-25T19:16:40.580+00:00][P1][INFO][DEBUG_TX][sending to arduino]{wire=H}
[2026-09-25T19:16:41.801+00:00][P1][INFO][DEBUG_TX][sending to arduino]{wire=H}
[2026-09-25T19:16:42.526+00:00][P1][INFO][DEBUG_TX][sending to arduino]{wire=H}
[2026-09-25T19:16:43.528+00:00][P1][INFO][DEBUG_TX][sending to arduino]{wire=H}
[2026-09-25T19:16:44.525+00:00][P1][INFO][DEBUG_TX][sending to arduino]{wire=H}
[2026-09-25T19:16:45.526+00:00][P1][INFO][DEBUG_TX][sending to arduino]{wire=H}
[2026-09-25T19:16:46.525+00:00][P1][INFO][DEBUG_TX][sending to arduino]{wire=H}
[2026-09-25T19:16:47.529+00:00][P1][INFO][DEBUG_TX][sending to arduino]{wire=H}
[2026-09-25T19:16:48.525+00:00][P1][INFO][DEBUG_TX][sending to arduino]{wire=H}
[2026-09-25T19:16:49.543+00:00][P1][INFO][DEBUG_TX][sending to arduino]{wire=H}
[2026-09-25T19:16:50.526+00:00][P1][INFO][DEBUG_TX][sending to arduino]{wire=H}
[2026-09-25T19:16:51.525+00:00][P1][INFO][DEBUG_TX][sending to arduino]{wire=H}
[2026-09-25T19:16:52.525+00:00][P1][INFO][DEBUG_TX][sending to arduino]{wire=H}
[2026-09-25T19:16:53.526+00:00][P1][INFO][DEBUG_TX][sending to arduino]{wire=H}
[2026-09-25T19:16:54.525+00:00][P1][INFO][DEBUG_TX][sending to arduino]{wire=H}
[2026-09-25T19:16:55.525+00:00][P1][INFO][DEBUG_TX][sending to arduino]{wire=H}
[2026-09-25T19:16:56.525+00:00][P1][INFO][DEBUG_TX][sending to arduino]{wire=H}
[2026-09-25T19:16:57.525+00:00][P1][INFO][DEBUG_TX][sending to arduino]{wire=H}
[2026-09-25T19:16:58.526+00:00][P1][INFO][DEBUG_TX][sending to arduino]{wire=H}
[2026-09-25T19:16:59.525+00:00][P1][INFO][DEBUG_TX][sending to arduino]{wire=H}
[2026-09-25T19:17:00.535+00:00][P1][INFO][DEBUG_TX][sending to arduino]{wire=H}
[2026-09-25T19:17:01.525+00:00][P1][INFO][DEBUG_TX][sending to arduino]{wire=H}
[2026-09-25T19:17:02.529+00:00][P1][INFO][DEBUG_TX][sending to arduino]{wire=H}
[2026-09-25T19:17:03.529+00:00][P1][INFO][DEBUG_TX][sending to arduino]{wire=H}
[2026-09-25T19:17:04.526+00:00][P1][INFO][DEBUG_TX][sending to arduino]{wire=H}
[2026-09-25T19:17:05.526+00:00][P1][INFO][DEBUG_TX][sending to arduino]{wire=H}
[2026-09-25T19:17:06.525+00:00][P1][INFO][DEBUG_TX][sending to arduino]{wire=H}
[2026-09-25T19:17:07.525+00:00][P1][INFO][DEBUG_TX][sending to arduino]{wire=H}
[2026-09-25T19:17:08.525+00:00][P1][INFO][DEBUG_TX][sending to arduino]{wire=H}
[2026-09-25T19:17:09.525+00:00][P1][INFO][DEBUG_TX][sending to arduino]{wire=H}
[2026-09-25T19:17:10.525+00:00][P1][INFO][DEBUG_TX][sending to arduino]{wire=H}
[2026-09-25T19:17:11.525+00:00][P1][INFO][DEBUG_TX][sending to arduino]{wire=H}
[2026-09-25T19:17:12.526+00:00][P1][INFO][DEBUG_TX][sending to arduino]{wire=H}
[2026-09-25T19:17:13.526+00:00][P1][INFO][DEBUG_TX][sending to arduino]{wire=H}
[2026-09-25T19:17:14.526+00:00][P1][INFO][DEBUG_TX][sending to arduino]{wire=H}
[2026-09-25T19:17:15.527+00:00][P1][INFO][DEBUG_TX][sending to arduino]{wire=H}
[2026-09-25T19:17:16.526+00:00][P1][INFO][DEBUG_TX][sending to arduino]{wire=H}
[2026-09-25T19:17:17.525+00:00][P1][INFO][DEBUG_TX][sending to arduino]{wire=H}
[2026-09-25T19:17:18.525+00:00][P1][INFO][DEBUG_TX][sending to arduino]{wire=H}
[2026-09-25T19:17:19.533+00:00][P1][INFO][DEBUG_TX][sending to arduino]{wire=H}
[2026-09-25T19:17:20.525+00:00][P1][INFO][DEBUG_TX][sending to arduino]{wire=H}
[2026-09-25T19:17:21.525+00:00][P1][INFO][DEBUG_TX][sending to arduino]{wire=H}
[2026-09-25T19:17:22.527+00:00][P1][INFO][DEBUG_TX][sending to arduino]{wire=H}
[2026-09-25T19:17:23.549+00:00][P1][INFO][DEBUG_TX][sending to arduino]{wire=H}
[2026-09-25T19:17:24.526+00:00][P1][INFO][DEBUG_TX][sending to arduino]{wire=H}
[2026-09-25T19:17:25.525+00:00][P1][INFO][DEBUG_TX][sending to arduino]{wire=H}
[2026-09-25T19:17:26.525+00:00][P1][INFO][DEBUG_TX][sending to arduino]{wire=H}
[2026-09-25T19:17:27.525+00:00][P1][INFO][DEBUG_TX][sending to arduino]{wire=H}
[2026-09-25T19:17:28.526+00:00][P1][INFO][DEBUG_TX][sending to arduino]{wire=H}
[2026-09-25T19:17:29.525+00:00][P1][INFO][DEBUG_TX][sending to arduino]{wire=H}
[2026-09-25T19:17:30.528+00:00][P1][INFO][DEBUG_TX][sending to arduino]{wire=H}
[2026-09-25T19:17:31.525+00:00][P1][INFO][DEBUG_TX][sending to arduino]{wire=H}
[2026-09-25T19:17:32.525+00:00][P1][INFO][DEBUG_TX][sending to arduino]{wire=H}
[2026-09-25T19:17:33.525+00:00][P1][INFO][DEBUG_TX][sending to arduino]{wire=H}
[2026-09-25T19:17:34.526+00:00][P1][INFO][DEBUG_TX][sending to arduino]{wire=H}
[2026-09-25T19:17:35.525+00:00][P1][INFO][DEBUG_TX][sending to arduino]{wire=H}
[2026-09-25T19:17:36.525+00:00][P1][INFO][DEBUG_TX][sending to arduino]{wire=H}
[2026-09-25T19:17:37.525+00:00][P1][INFO][DEBUG_TX][sending to arduino]{wire=H}
[2026-09-25T19:17:38.525+00:00][P1][INFO][DEBUG_TX][sending to arduino]{wire=H}
[2026-09-25T19:17:39.525+00:00][P1][INFO][DEBUG_TX][sending to arduino]{wire=H}
[2026-09-25T19:17:40.525+00:00][P1][INFO][DEBUG_TX][sending to arduino]{wire=H}
[2026-09-25T19:17:41.531+00:00][P1][INFO][DEBUG_TX][sending to arduino]{wire=H}
[2026-09-25T19:17:42.525+00:00][P1][INFO][DEBUG_TX][sending to arduino]{wire=H}
[2026-09-25T19:17:43.542+00:00][P1][INFO][DEBUG_TX][sending to arduino]{wire=H}
[2026-09-25T19:17:44.596+00:00][P1][INFO][DEBUG_TX][sending to arduino]{wire=H}
[2026-09-25T19:17:45.526+00:00][P1][INFO][DEBUG_TX][sending to arduino]{wire=H}
[2026-09-25T19:17:46.573+00:00][P1][INFO][DEBUG_TX][sending to arduino]{wire=H}
[2026-09-25T19:17:47.527+00:00][P1][INFO][DEBUG_TX][sending to arduino]{wire=H}
[2026-09-25T19:17:48.530+00:00][P1][INFO][DEBUG_TX][sending to arduino]{wire=H}
[2026-09-25T19:17:49.527+00:00][P1][INFO][DEBUG_TX][sending to arduino]{wire=H}
[2026-09-25T19:17:50.532+00:00][P1][INFO][DEBUG_TX][sending to arduino]{wire=H}
[2026-09-25T19:17:51.534+00:00][P1][INFO][DEBUG_TX][sending to arduino]{wire=H}
[2026-09-25T19:17:52.527+00:00][P1][INFO][DEBUG_TX][sending to arduino]{wire=H}
[2026-09-25T19:17:53.527+00:00][P1][INFO][DEBUG_TX][sending to arduino]{wire=H}
[2026-09-25T19:17:54.533+00:00][P1][INFO][DEBUG_TX][sending to arduino]{wire=H}
[2026-09-25T19:17:55.526+00:00][P1][INFO][DEBUG_TX][sending to arduino]{wire=H}
[2026-09-25T19:17:56.526+00:00][P1][INFO][DEBUG_TX][sending to arduino]{wire=H}
[2026-09-25T19:17:57.527+00:00][P1][INFO][DEBUG_TX][sending to arduino]{wire=H}
[2026-09-25T19:17:58.526+00:00][P1][INFO][DEBUG_TX][sending to arduino]{wire=H}
[2026-09-25T19:17:59.526+00:00][P1][INFO][DEBUG_TX][sending to arduino]{wire=H}
[2026-09-25T19:18:00.529+00:00][P1][INFO][DEBUG_TX][sending to arduino]{wire=H}
[2026-09-25T19:18:01.530+00:00][P1][INFO][DEBUG_TX][sending to arduino]{wire=H}
[2026-09-25T19:18:02.532+00:00][P1][INFO][DEBUG_TX][sending to arduino]{wire=H}
[2026-09-25T19:18:03.534+00:00][P1][INFO][DEBUG_TX][sending to arduino]{wire=H}
[2026-09-25T19:18:04.533+00:00][P1][INFO][DEBUG_TX][sending to arduino]{wire=H}
[2026-09-25T19:18:05.538+00:00][P1][INFO][DEBUG_TX][sending to arduino]{wire=H}
[2026-09-25T19:18:06.529+00:00][P1][INFO][DEBUG_TX][sending to arduino]{wire=H}
[2026-09-25T19:18:07.529+00:00][P1][INFO][DEBUG_TX][sending to arduino]{wire=H}
[2026-09-25T19:18:08.527+00:00][P1][INFO][DEBUG_TX][sending to arduino]{wire=H}
[2026-09-25T19:18:09.526+00:00][P1][INFO][DEBUG_TX][sending to arduino]{wire=H}
[2026-09-25T19:18:10.529+00:00][P1][INFO][DEBUG_TX][sending to arduino]{wire=H}
[2026-09-25T19:18:11.525+00:00][P1][INFO][DEBUG_TX][sending to arduino]{wire=H}
[2026-09-25T19:18:12.532+00:00][P1][INFO][DEBUG_TX][sending to arduino]{wire=H}
[2026-09-25T19:18:13.525+00:00][P1][INFO][DEBUG_TX][sending to arduino]{wire=H}
[2026-09-25T19:18:14.539+00:00][P1][INFO][DEBUG_TX][sending to arduino]{wire=H}
[2026-09-25T19:18:15.526+00:00][P1][INFO][DEBUG_TX][sending to arduino]{wire=H}
[2026-09-25T19:18:16.529+00:00][P1][INFO][DEBUG_TX][sending to arduino]{wire=H}
[2026-09-25T19:18:17.526+00:00][P1][INFO][DEBUG_TX][sending to arduino]{wire=H}
[2026-09-25T19:18:18.543+00:00][P1][INFO][DEBUG_TX][sending to arduino]{wire=H}
[2026-09-25T19:18:19.527+00:00][P1][INFO][DEBUG_TX][sending to arduino]{wire=H}
[2026-09-25T19:18:20.528+00:00][P1][INFO][DEBUG_TX][sending to arduino]{wire=H}
[2026-09-25T19:18:21.529+00:00][P1][INFO][DEBUG_TX][sending to arduino]{wire=H}
[2026-09-25T19:18:22.527+00:00][P1][INFO][DEBUG_TX][sending to arduino]{wire=H}
[2026-09-25T19:18:23.530+00:00][P1][INFO][DEBUG_TX][sending to arduino]{wire=H}
[2026-09-25T19:18:24.526+00:00][P1][INFO][DEBUG_TX][sending to arduino]{wire=H}
[2026-09-25T19:18:25.532+00:00][P1][INFO][DEBUG_TX][sending to arduino]{wire=H}
[2026-09-25T19:18:26.533+00:00][P1][INFO][DEBUG_TX][sending to arduino]{wire=H}
[2026-09-25T19:18:27.537+00:00][P1][INFO][DEBUG_TX][sending to arduino]{wire=H}
[2026-09-25T19:18:28.529+00:00][P1][INFO][DEBUG_TX][sending to arduino]{wire=H}
[2026-09-25T19:18:29.528+00:00][P1][INFO][DEBUG_TX][sending to arduino]{wire=H}
[2026-09-25T19:18:30.530+00:00][P1][INFO][DEBUG_TX][sending to arduino]{wire=H}
[2026-09-25T19:18:31.526+00:00][P1][INFO][DEBUG_TX][sending to arduino]{wire=H}
[2026-09-25T19:18:32.530+00:00][P1][INFO][DEBUG_TX][sending to arduino]{wire=H}
[2026-09-25T19:18:33.526+00:00][P1][INFO][DEBUG_TX][sending to arduino]{wire=H}
[2026-09-25T19:18:34.526+00:00][P1][INFO][DEBUG_TX][sending to arduino]{wire=H}
[2026-09-25T19:18:35.533+00:00][P1][INFO][DEBUG_TX][sending to arduino]{wire=H}
[2026-09-25T19:18:36.526+00:00][P1][INFO][DEBUG_TX][sending to arduino]{wire=H}
[2026-09-25T19:18:37.525+00:00][P1][INFO][DEBUG_TX][sending to arduino]{wire=H}
[2026-09-25T19:18:38.525+00:00][P1][INFO][DEBUG_TX][sending to arduino]{wire=H}
[2026-09-25T19:18:39.528+00:00][P1][INFO][DEBUG_TX][sending to arduino]{wire=H}
[2026-09-25T19:18:40.525+00:00][P1][INFO][DEBUG_TX][sending to arduino]{wire=H}
[2026-09-25T19:18:41.527+00:00][P1][INFO][DEBUG_TX][sending to arduino]{wire=H}
[2026-09-25T19:18:42.526+00:00][P1][INFO][DEBUG_TX][sending to arduino]{wire=H}
[2026-09-25T19:18:43.526+00:00][P1][INFO][DEBUG_TX][sending to arduino]{wire=H}
[2026-09-25T19:18:44.526+00:00][P1][INFO][DEBUG_TX][sending to arduino]{wire=H}
[2026-09-25T19:18:45.529+00:00][P1][INFO][DEBUG_TX][sending to arduino]{wire=H}
[2026-09-25T19:18:46.528+00:00][P1][INFO][DEBUG_TX][sending to arduino]{wire=H}
[2026-09-25T19:18:47.528+00:00][P1][INFO][DEBUG_TX][sending to arduino]{wire=H}
[2026-09-25T19:18:48.532+00:00][P1][INFO][DEBUG_TX][sending to arduino]{wire=H}
[2026-09-25T19:18:49.526+00:00][P1][INFO][DEBUG_TX][sending to arduino]{wire=H}
[2026-09-25T19:18:50.525+00:00][P1][INFO][DEBUG_TX][sending to arduino]{wire=H}
[2026-09-25T19:18:51.525+00:00][P1][INFO][DEBUG_TX][sending to arduino]{wire=H}
[2026-09-25T19:18:52.525+00:00][P1][INFO][DEBUG_TX][sending to arduino]{wire=H}
[2026-09-25T19:18:53.530+00:00][P1][INFO][DEBUG_TX][sending to arduino]{wire=H}
[2026-09-25T19:18:54.542+00:00][P1][INFO][DEBUG_TX][sending to arduino]{wire=H}
[2026-09-25T19:18:55.526+00:00][P1][INFO][DEBUG_TX][sending to arduino]{wire=H}
[2026-09-25T19:18:56.526+00:00][P1][INFO][DEBUG_TX][sending to arduino]{wire=H}
[2026-09-25T19:18:57.525+00:00][P1][INFO][DEBUG_TX][sending to arduino]{wire=H}
[2026-09-25T19:18:58.526+00:00][P1][INFO][DEBUG_TX][sending to arduino]{wire=H}
[2026-09-25T19:18:59.525+00:00][P1][INFO][DEBUG_TX][sending to arduino]{wire=H}
[2026-09-25T19:19:00.536+00:00][P1][INFO][DEBUG_TX][sending to arduino]{wire=H}
[2026-09-25T19:19:01.526+00:00][P1][INFO][DEBUG_TX][sending to arduino]{wire=H}
[2026-09-25T19:19:02.526+00:00][P1][INFO][DEBUG_TX][sending to arduino]{wire=H}
[2026-09-25T19:19:03.525+00:00][P1][INFO][DEBUG_TX][sending to arduino]{wire=H}
[2026-09-25T19:19:04.529+00:00][P1][INFO][DEBUG_TX][sending to arduino]{wire=H}
[2026-09-25T19:19:05.526+00:00][P1][INFO][DEBUG_TX][sending to arduino]{wire=H}
[2026-09-25T19:19:06.526+00:00][P1][INFO][DEBUG_TX][sending to arduino]{wire=H}
[2026-09-25T19:19:07.525+00:00][P1][INFO][DEBUG_TX][sending to arduino]{wire=H}
[2026-09-25T19:19:08.526+00:00][P1][INFO][DEBUG_TX][sending to arduino]{wire=H}
[2026-09-25T19:19:09.526+00:00][P1][INFO][DEBUG_TX][sending to arduino]{wire=H}
[2026-09-25T19:19:10.526+00:00][P1][INFO][DEBUG_TX][sending to arduino]{wire=H}
[2026-09-25T19:19:11.525+00:00][P1][INFO][DEBUG_TX][sending to arduino]{wire=H}
[2026-09-25T19:19:12.526+00:00][P1][INFO][DEBUG_TX][sending to arduino]{wire=H}
[2026-09-25T19:19:13.526+00:00][P1][INFO][DEBUG_TX][sending to arduino]{wire=H}
[2026-09-25T19:19:14.525+00:00][P1][INFO][DEBUG_TX][sending to arduino]{wire=H}
[2026-09-25T19:19:15.525+00:00][P1][INFO][DEBUG_TX][sending to arduino]{wire=H}
[2026-09-25T19:19:16.526+00:00][P1][INFO][DEBUG_TX][sending to arduino]{wire=H}
[2026-09-25T19:19:17.525+00:00][P1][INFO][DEBUG_TX][sending to arduino]{wire=H}
[2026-09-25T19:19:18.528+00:00][P1][INFO][DEBUG_TX][sending to arduino]{wire=H}
[2026-09-25T19:19:19.529+00:00][P1][INFO][DEBUG_TX][sending to arduino]{wire=H}
[2026-09-25T19:19:20.525+00:00][P1][INFO][DEBUG_TX][sending to arduino]{wire=H}
[2026-09-25T19:19:21.531+00:00][P1][INFO][DEBUG_TX][sending to arduino]{wire=H}
[2026-09-25T19:19:22.525+00:00][P1][INFO][DEBUG_TX][sending to arduino]{wire=H}
[2026-09-25T19:19:23.525+00:00][P1][INFO][DEBUG_TX][sending to arduino]{wire=H}
[2026-09-25T19:19:24.525+00:00][P1][INFO][DEBUG_TX][sending to arduino]{wire=H}
[2026-09-25T19:19:25.526+00:00][P1][INFO][DEBUG_TX][sending to arduino]{wire=H}
[2026-09-25T19:19:26.526+00:00][P1][INFO][DEBUG_TX][sending to arduino]{wire=H}
[2026-09-25T19:19:27.529+00:00][P1][INFO][DEBUG_TX][sending to arduino]{wire=H}
[2026-09-25T19:19:28.525+00:00][P1][INFO][DEBUG_TX][sending to arduino]{wire=H}
[2026-09-25T19:19:29.526+00:00][P1][INFO][DEBUG_TX][sending to arduino]{wire=H}
[2026-09-25T19:19:30.525+00:00][P1][INFO][DEBUG_TX][sending to arduino]{wire=H}
[2026-09-25T19:19:31.526+00:00][P1][INFO][DEBUG_TX][sending to arduino]{wire=H}
[2026-09-25T19:19:32.533+00:00][P1][INFO][DEBUG_TX][sending to arduino]{wire=H}
[2026-09-25T19:19:33.525+00:00][P1][INFO][DEBUG_TX][sending to arduino]{wire=H}
[2026-09-25T19:19:34.525+00:00][P1][INFO][DEBUG_TX][sending to arduino]{wire=H}
[2026-09-25T19:19:35.525+00:00][P1][INFO][DEBUG_TX][sending to arduino]{wire=H}
[2026-09-25T19:19:36.526+00:00][P1][INFO][DEBUG_TX][sending to arduino]{wire=H}
[2026-09-25T19:19:37.525+00:00][P1][INFO][DEBUG_TX][sending to arduino]{wire=H}
[2026-09-25T19:19:38.525+00:00][P1][INFO][DEBUG_TX][sending to arduino]{wire=H}
[2026-09-25T19:19:39.526+00:00][P1][INFO][DEBUG_TX][sending to arduino]{wire=H}
[2026-09-25T19:19:40.525+00:00][P1][INFO][DEBUG_TX][sending to arduino]{wire=H}
[2026-09-25T19:19:41.526+00:00][P1][INFO][DEBUG_TX][sending to arduino]{wire=H}
[2026-09-25T19:19:42.526+00:00][P1][INFO][DEBUG_TX][sending to arduino]{wire=H}
[2026-09-25T19:19:43.525+00:00][P1][INFO][DEBUG_TX][sending to arduino]{wire=H}
[2026-09-25T19:19:44.525+00:00][P1][INFO][DEBUG_TX][sending to arduino]{wire=H}
[2026-09-25T19:19:45.529+00:00][P1][INFO][DEBUG_TX][sending to arduino]{wire=H}
[2026-09-25T19:19:46.526+00:00][P1][INFO][DEBUG_TX][sending to arduino]{wire=H}
[2026-09-25T19:19:47.529+00:00][P1][INFO][DEBUG_TX][sending to arduino]{wire=H}
[2026-09-25T19:19:48.526+00:00][P1][INFO][DEBUG_TX][sending to arduino]{wire=H}
[2026-09-25T19:19:49.527+00:00][P1][INFO][DEBUG_TX][sending to arduino]{wire=H}
[2026-09-25T19:19:50.530+00:00][P1][INFO][DEBUG_TX][sending to arduino]{wire=H}
[2026-09-25T19:19:51.525+00:00][P1][INFO][DEBUG_TX][sending to arduino]{wire=H}
[2026-09-25T19:19:52.526+00:00][P1][INFO][DEBUG_TX][sending to arduino]{wire=H}
[2026-09-25T19:19:53.526+00:00][P1][INFO][DEBUG_TX][sending to arduino]{wire=H}
[2026-09-25T19:19:54.525+00:00][P1][INFO][DEBUG_TX][sending to arduino]{wire=H}
[2026-09-25T19:19:55.525+00:00][P1][INFO][DEBUG_TX][sending to arduino]{wire=H}
[2026-09-25T19:19:56.526+00:00][P1][INFO][DEBUG_TX][sending to arduino]{wire=H}
[2026-09-25T19:19:57.526+00:00][P1][INFO][DEBUG_TX][sending to arduino]{wire=H}
[2026-09-25T19:19:58.526+00:00][P1][INFO][DEBUG_TX][sending to arduino]{wire=H}
[2026-09-25T19:19:59.525+00:00][P1][INFO][DEBUG_TX][sending to arduino]{wire=H}
[2026-09-25T19:20:00.525+00:00][P1][INFO][DEBUG_TX][sending to arduino]{wire=H}
[2026-09-25T19:20:01.526+00:00][P1][INFO][DEBUG_TX][sending to arduino]{wire=H}
[2026-09-25T19:20:02.525+00:00][P1][INFO][DEBUG_TX][sending to arduino]{wire=H}
[2026-09-25T19:20:03.525+00:00][P1][INFO][DEBUG_TX][sending to arduino]{wire=H}
[2026-09-25T19:20:04.525+00:00][P1][INFO][DEBUG_TX][sending to arduino]{wire=H}
[2026-09-25T19:20:05.565+00:00][P1][INFO][DEBUG_TX][sending to arduino]{wire=H}
[2026-09-25T19:20:06.526+00:00][P1][INFO][DEBUG_TX][sending to arduino]{wire=H}
[2026-09-25T19:20:07.526+00:00][P1][INFO][DEBUG_TX][sending to arduino]{wire=H}
[2026-09-25T19:20:08.525+00:00][P1][INFO][DEBUG_TX][sending to arduino]{wire=H}
[2026-09-25T19:20:09.525+00:00][P1][INFO][DEBUG_TX][sending to arduino]{wire=H}
[2026-09-25T19:20:10.525+00:00][P1][INFO][DEBUG_TX][sending to arduino]{wire=H}
[2026-09-25T19:20:11.528+00:00][P1][INFO][DEBUG_TX][sending to arduino]{wire=H}
[2026-09-25T19:20:12.526+00:00][P1][INFO][DEBUG_TX][sending to arduino]{wire=H}
[2026-09-25T19:20:13.526+00:00][P1][INFO][DEBUG_TX][sending to arduino]{wire=H}
[2026-09-25T19:20:14.525+00:00][P1][INFO][DEBUG_TX][sending to arduino]{wire=H}
[2026-09-25T19:20:15.525+00:00][P1][INFO][DEBUG_TX][sending to arduino]{wire=H}
[2026-09-25T19:20:16.526+00:00][P1][INFO][DEBUG_TX][sending to arduino]{wire=H}
[2026-09-25T19:20:17.526+00:00][P1][INFO][DEBUG_TX][sending to arduino]{wire=H}
[2026-09-25T19:20:18.526+00:00][P1][INFO][DEBUG_TX][sending to arduino]{wire=H}
[2026-09-25T19:20:19.526+00:00][P1][INFO][DEBUG_TX][sending to arduino]{wire=H}
[2026-09-25T19:20:20.526+00:00][P1][INFO][DEBUG_TX][sending to arduino]{wire=H}
[2026-09-25T19:20:21.527+00:00][P1][INFO][DEBUG_TX][sending to arduino]{wire=H}
[2026-09-25T19:20:22.526+00:00][P1][INFO][DEBUG_TX][sending to arduino]{wire=H}
[2026-09-25T19:20:23.525+00:00][P1][INFO][DEBUG_TX][sending to arduino]{wire=H}
[2026-09-25T19:20:24.525+00:00][P1][INFO][DEBUG_TX][sending to arduino]{wire=H}
[2026-09-25T19:20:25.526+00:00][P1][INFO][DEBUG_TX][sending to arduino]{wire=H}
[2026-09-25T19:20:26.530+00:00][P1][INFO][DEBUG_TX][sending to arduino]{wire=H}
[2026-09-25T19:20:27.526+00:00][P1][INFO][DEBUG_TX][sending to arduino]{wire=H}
[2026-09-25T19:20:28.526+00:00][P1][INFO][DEBUG_TX][sending to arduino]{wire=H}
[2026-09-25T19:20:29.525+00:00][P1][INFO][DEBUG_TX][sending to arduino]{wire=H}
[2026-09-25T19:20:30.529+00:00][P1][INFO][DEBUG_TX][sending to arduino]{wire=H}
[2026-09-25T19:20:31.529+00:00][P1][INFO][DEBUG_TX][sending to arduino]{wire=H}
[2026-09-25T19:20:32.526+00:00][P1][INFO][DEBUG_TX][sending to arduino]{wire=H}
[2026-09-25T19:20:33.526+00:00][P1][INFO][DEBUG_TX][sending to arduino]{wire=H}
[2026-09-25T19:20:34.525+00:00][P1][INFO][DEBUG_TX][sending to arduino]{wire=H}
[2026-09-25T19:20:35.526+00:00][P1][INFO][DEBUG_TX][sending to arduino]{wire=H}
[2026-09-25T19:20:36.535+00:00][P1][INFO][DEBUG_TX][sending to arduino]{wire=H}
[2026-09-25T19:20:37.527+00:00][P1][INFO][DEBUG_TX][sending to arduino]{wire=H}
[2026-09-25T19:20:38.526+00:00][P1][INFO][DEBUG_TX][sending to arduino]{wire=H}
[2026-09-25T19:20:39.526+00:00][P1][INFO][DEBUG_TX][sending to arduino]{wire=H}
[2026-09-25T19:20:40.528+00:00][P1][INFO][DEBUG_TX][sending to arduino]{wire=H}
[2026-09-25T19:20:41.529+00:00][P1][INFO][DEBUG_TX][sending to arduino]{wire=H}
[2026-09-25T19:20:42.526+00:00][P1][INFO][DEBUG_TX][sending to arduino]{wire=H}
[2026-09-25T19:20:43.527+00:00][P1][INFO][DEBUG_TX][sending to arduino]{wire=H}
[2026-09-25T19:20:44.526+00:00][P1][INFO][DEBUG_TX][sending to arduino]{wire=H}
[2026-09-25T19:20:45.525+00:00][P1][INFO][DEBUG_TX][sending to arduino]{wire=H}
[2026-09-25T19:20:46.529+00:00][P1][INFO][DEBUG_TX][sending to arduino]{wire=H}
[2026-09-25T19:20:47.525+00:00][P1][INFO][DEBUG_TX][sending to arduino]{wire=H}
[2026-09-25T19:20:48.534+00:00][P1][INFO][DEBUG_TX][sending to arduino]{wire=H}
[2026-09-25T19:20:49.529+00:00][P1][INFO][DEBUG_TX][sending to arduino]{wire=H}
[2026-09-25T19:20:50.526+00:00][P1][INFO][DEBUG_TX][sending to arduino]{wire=H}
[2026-09-25T19:20:51.525+00:00][P1][INFO][DEBUG_TX][sending to arduino]{wire=H}
[2026-09-25T19:20:52.525+00:00][P1][INFO][DEBUG_TX][sending to arduino]{wire=H}
[2026-09-25T19:20:53.525+00:00][P1][INFO][DEBUG_TX][sending to arduino]{wire=H}
[2026-09-25T19:20:54.526+00:00][P1][INFO][DEBUG_TX][sending to arduino]{wire=H}
[2026-09-25T19:20:55.525+00:00][P1][INFO][DEBUG_TX][sending to arduino]{wire=H}
[2026-09-25T19:20:56.525+00:00][P1][INFO][DEBUG_TX][sending to arduino]{wire=H}
[2026-09-25T19:20:57.530+00:00][P1][INFO][DEBUG_TX][sending to arduino]{wire=H}
[2026-09-25T19:20:58.525+00:00][P1][INFO][DEBUG_TX][sending to arduino]{wire=H}
[2026-09-25T19:20:59.526+00:00][P1][INFO][DEBUG_TX][sending to arduino]{wire=H}
[2026-09-25T19:21:00.530+00:00][P1][INFO][DEBUG_TX][sending to arduino]{wire=H}
[2026-09-25T19:21:01.527+00:00][P1][INFO][DEBUG_TX][sending to arduino]{wire=H}
[2026-09-25T19:21:02.533+00:00][P1][INFO][DEBUG_TX][sending to arduino]{wire=H}
[2026-09-25T19:21:03.526+00:00][P1][INFO][DEBUG_TX][sending to arduino]{wire=H}
[2026-09-25T19:21:04.526+00:00][P1][INFO][DEBUG_TX][sending to arduino]{wire=H}
[2026-09-25T19:21:05.529+00:00][P1][INFO][DEBUG_TX][sending to arduino]{wire=H}
[2026-09-25T19:21:06.531+00:00][P1][INFO][DEBUG_TX][sending to arduino]{wire=H}
[2026-09-25T19:21:07.526+00:00][P1][INFO][DEBUG_TX][sending to arduino]{wire=H}
[2026-09-25T19:21:08.527+00:00][P1][INFO][DEBUG_TX][sending to arduino]{wire=H}
[2026-09-25T19:21:09.525+00:00][P1][INFO][DEBUG_TX][sending to arduino]{wire=H}
[2026-09-25T19:21:10.536+00:00][P1][INFO][DEBUG_TX][sending to arduino]{wire=H}
[2026-09-25T19:21:11.526+00:00][P1][INFO][DEBUG_TX][sending to arduino]{wire=H}
[2026-09-25T19:21:12.526+00:00][P1][INFO][DEBUG_TX][sending to arduino]{wire=H}
[2026-09-25T19:21:13.526+00:00][P1][INFO][DEBUG_TX][sending to arduino]{wire=H}
[2026-09-25T19:21:14.530+00:00][P1][INFO][DEBUG_TX][sending to arduino]{wire=H}
[2026-09-25T19:21:15.529+00:00][P1][INFO][DEBUG_TX][sending to arduino]{wire=H}
[2026-09-25T19:21:16.528+00:00][P1][INFO][DEBUG_TX][sending to arduino]{wire=H}
[2026-09-25T19:21:17.526+00:00][P1][INFO][DEBUG_TX][sending to arduino]{wire=H}
[2026-09-25T19:21:18.526+00:00][P1][INFO][DEBUG_TX][sending to arduino]{wire=H}
[2026-09-25T19:21:19.526+00:00][P1][INFO][DEBUG_TX][sending to arduino]{wire=H}
[2026-09-25T19:21:20.526+00:00][P1][INFO][DEBUG_TX][sending to arduino]{wire=H}
[2026-09-25T19:21:21.525+00:00][P1][INFO][DEBUG_TX][sending to arduino]{wire=H}
[2026-09-25T19:21:22.526+00:00][P1][INFO][DEBUG_TX][sending to arduino]{wire=H}
[2026-09-25T19:21:23.526+00:00][P1][INFO][DEBUG_TX][sending to arduino]{wire=H}
[2026-09-25T19:21:24.526+00:00][P1][INFO][DEBUG_TX][sending to arduino]{wire=H}
[2026-09-25T19:21:25.526+00:00][P1][INFO][DEBUG_TX][sending to arduino]{wire=H}
[2026-09-25T19:21:26.525+00:00][P1][INFO][DEBUG_TX][sending to arduino]{wire=H}
[2026-09-25T19:21:27.527+00:00][P1][INFO][DEBUG_TX][sending to arduino]{wire=H}
[2026-09-25T19:21:28.526+00:00][P1][INFO][DEBUG_TX][sending to arduino]{wire=H}
[2026-09-25T19:21:29.527+00:00][P1][INFO][DEBUG_TX][sending to arduino]{wire=H}
[2026-09-25T19:21:30.527+00:00][P1][INFO][DEBUG_TX][sending to arduino]{wire=H}
[2026-09-25T19:21:31.554+00:00][P1][INFO][DEBUG_TX][sending to arduino]{wire=H}
[2026-09-25T19:21:32.526+00:00][P1][INFO][DEBUG_TX][sending to arduino]{wire=H}
[2026-09-25T19:21:33.525+00:00][P1][INFO][DEBUG_TX][sending to arduino]{wire=H}
[2026-09-25T19:21:34.526+00:00][P1][INFO][DEBUG_TX][sending to arduino]{wire=H}
[2026-09-25T19:21:35.527+00:00][P1][INFO][DEBUG_TX][sending to arduino]{wire=H}
[2026-09-25T19:21:36.526+00:00][P1][INFO][DEBUG_TX][sending to arduino]{wire=H}
[2026-09-25T19:21:37.525+00:00][P1][INFO][DEBUG_TX][sending to arduino]{wire=H}
[2026-09-25T19:21:38.529+00:00][P1][INFO][DEBUG_TX][sending to arduino]{wire=H}
[2026-09-25T19:21:39.529+00:00][P1][INFO][DEBUG_TX][sending to arduino]{wire=H}
[2026-09-25T19:21:40.525+00:00][P1][INFO][DEBUG_TX][sending to arduino]{wire=H}
[2026-09-25T19:21:41.526+00:00][P1][INFO][DEBUG_TX][sending to arduino]{wire=H}
[2026-09-25T19:21:42.526+00:00][P1][INFO][DEBUG_TX][sending to arduino]{wire=H}
[2026-09-25T19:21:43.526+00:00][P1][INFO][DEBUG_TX][sending to arduino]{wire=H}
[2026-09-25T19:21:44.525+00:00][P1][INFO][DEBUG_TX][sending to arduino]{wire=H}
[2026-09-25T19:21:45.525+00:00][P1][INFO][DEBUG_TX][sending to arduino]{wire=H}
[2026-09-25T19:21:46.526+00:00][P1][INFO][DEBUG_TX][sending to arduino]{wire=H}
[2026-09-25T19:21:47.525+00:00][P1][INFO][DEBUG_TX][sending to arduino]{wire=H}
[2026-09-25T19:21:48.534+00:00][P1][INFO][DEBUG_TX][sending to arduino]{wire=H}
[2026-09-25T19:21:49.525+00:00][P1][INFO][DEBUG_TX][sending to arduino]{wire=H}
[2026-09-25T19:21:50.525+00:00][P1][INFO][DEBUG_TX][sending to arduino]{wire=H}
[2026-09-25T19:21:51.529+00:00][P1][INFO][DEBUG_TX][sending to arduino]{wire=H}
[2026-09-25T19:21:52.526+00:00][P1][INFO][DEBUG_TX][sending to arduino]{wire=H}
[2026-09-25T19:21:53.526+00:00][P1][INFO][DEBUG_TX][sending to arduino]{wire=H}
[2026-09-25T19:21:54.529+00:00][P1][INFO][DEBUG_TX][sending to arduino]{wire=H}
[2026-09-25T19:21:55.526+00:00][P1][INFO][DEBUG_TX][sending to arduino]{wire=H}
[2026-09-25T19:21:56.525+00:00][P1][INFO][DEBUG_TX][sending to arduino]{wire=H}
[2026-09-25T19:21:57.525+00:00][P1][INFO][DEBUG_TX][sending to arduino]{wire=H}
[2026-09-25T19:21:58.529+00:00][P1][INFO][DEBUG_TX][sending to arduino]{wire=H}
[2026-09-25T19:21:59.525+00:00][P1][INFO][DEBUG_TX][sending to arduino]{wire=H}
[2026-09-25T19:22:00.531+00:00][P1][INFO][DEBUG_TX][sending to arduino]{wire=H}
[2026-09-25T19:22:01.533+00:00][P1][INFO][DEBUG_TX][sending to arduino]{wire=H}
[2026-09-25T19:22:02.525+00:00][P1][INFO][DEBUG_TX][sending to arduino]{wire=H}
[2026-09-25T19:22:03.529+00:00][P1][INFO][DEBUG_TX][sending to arduino]{wire=H}
[2026-09-25T19:22:04.525+00:00][P1][INFO][DEBUG_TX][sending to arduino]{wire=H}
[2026-09-25T19:22:05.526+00:00][P1][INFO][DEBUG_TX][sending to arduino]{wire=H}
[2026-09-25T19:22:06.526+00:00][P1][INFO][DEBUG_TX][sending to arduino]{wire=H}
[2026-09-25T19:22:07.528+00:00][P1][INFO][DEBUG_TX][sending to arduino]{wire=H}
[2026-09-25T19:22:08.526+00:00][P1][INFO][DEBUG_TX][sending to arduino]{wire=H}
[2026-09-25T19:22:09.527+00:00][P1][INFO][DEBUG_TX][sending to arduino]{wire=H}
[2026-09-25T19:22:10.531+00:00][P1][INFO][DEBUG_TX][sending to arduino]{wire=H}
[2026-09-25T19:22:11.529+00:00][P1][INFO][DEBUG_TX][sending to arduino]{wire=H}
[2026-09-25T19:22:12.528+00:00][P1][INFO][DEBUG_TX][sending to arduino]{wire=H}
[2026-09-25T19:22:13.525+00:00][P1][INFO][DEBUG_TX][sending to arduino]{wire=H}
[2026-09-25T19:22:14.526+00:00][P1][INFO][DEBUG_TX][sending to arduino]{wire=H}
[2026-09-25T19:22:15.529+00:00][P1][INFO][DEBUG_TX][sending to arduino]{wire=H}
[2026-09-25T19:22:16.525+00:00][P1][INFO][DEBUG_TX][sending to arduino]{wire=H}
[2026-09-25T19:22:17.526+00:00][P1][INFO][DEBUG_TX][sending to arduino]{wire=H}
[2026-09-25T19:22:18.525+00:00][P1][INFO][DEBUG_TX][sending to arduino]{wire=H}
[2026-09-25T19:22:19.525+00:00][P1][INFO][DEBUG_TX][sending to arduino]{wire=H}
[2026-09-25T19:22:20.525+00:00][P1][INFO][DEBUG_TX][sending to arduino]{wire=H}
[2026-09-25T19:22:21.526+00:00][P1][INFO][DEBUG_TX][sending to arduino]{wire=H}
[2026-09-25T19:22:22.525+00:00][P1][INFO][DEBUG_TX][sending to arduino]{wire=H}
[2026-09-25T19:22:23.527+00:00][P1][INFO][DEBUG_TX][sending to arduino]{wire=H}
[2026-09-25T19:22:24.526+00:00][P1][INFO][DEBUG_TX][sending to arduino]{wire=H}
[2026-09-25T19:22:25.525+00:00][P1][INFO][DEBUG_TX][sending to arduino]{wire=H}
[2026-09-25T19:22:26.530+00:00][P1][INFO][DEBUG_TX][sending to arduino]{wire=H}
[2026-09-25T19:22:27.526+00:00][P1][INFO][DEBUG_TX][sending to arduino]{wire=H}
[2026-09-25T19:22:28.525+00:00][P1][INFO][DEBUG_TX][sending to arduino]{wire=H}
[2026-09-25T19:22:29.525+00:00][P1][INFO][DEBUG_TX][sending to arduino]{wire=H}
[2026-09-25T19:22:30.526+00:00][P1][INFO][DEBUG_TX][sending to arduino]{wire=H}
[2026-09-25T19:22:31.526+00:00][P1][INFO][DEBUG_TX][sending to arduino]{wire=H}
[2026-09-25T19:22:32.525+00:00][P1][INFO][DEBUG_TX][sending to arduino]{wire=H}
[2026-09-25T19:22:33.525+00:00][P1][INFO][DEBUG_TX][sending to arduino]{wire=H}
[2026-09-25T19:22:34.526+00:00][P1][INFO][DEBUG_TX][sending to arduino]{wire=H}
[2026-09-25T19:22:35.526+00:00][P1][INFO][DEBUG_TX][sending to arduino]{wire=H}
[2026-09-25T19:22:36.525+00:00][P1][INFO][DEBUG_TX][sending to arduino]{wire=H}
[2026-09-25T19:22:37.525+00:00][P1][INFO][DEBUG_TX][sending to arduino]{wire=H}
[2026-09-25T19:22:38.526+00:00][P1][INFO][DEBUG_TX][sending to arduino]{wire=H}
[2026-09-25T19:22:39.526+00:00][P1][INFO][DEBUG_TX][sending to arduino]{wire=H}
[2026-09-25T19:22:40.525+00:00][P1][INFO][DEBUG_TX][sending to arduino]{wire=H}
[2026-09-25T19:22:41.526+00:00][P1][INFO][DEBUG_TX][sending to arduino]{wire=H}
[2026-09-25T19:22:42.527+00:00][P1][INFO][DEBUG_TX][sending to arduino]{wire=H}
[2026-09-25T19:22:43.529+00:00][P1][INFO][DEBUG_TX][sending to arduino]{wire=H}
[2026-09-25T19:22:44.525+00:00][P1][INFO][DEBUG_TX][sending to arduino]{wire=H}
[2026-09-25T19:22:45.525+00:00][P1][INFO][DEBUG_TX][sending to arduino]{wire=H}
[2026-09-25T19:22:46.529+00:00][P1][INFO][DEBUG_TX][sending to arduino]{wire=H}
[2026-09-25T19:22:47.525+00:00][P1][INFO][DEBUG_TX][sending to arduino]{wire=H}
[2026-09-25T19:22:48.530+00:00][P1][INFO][DEBUG_TX][sending to arduino]{wire=H}
[2026-09-25T19:22:49.526+00:00][P1][INFO][DEBUG_TX][sending to arduino]{wire=H}
[2026-09-25T19:22:50.525+00:00][P1][INFO][DEBUG_TX][sending to arduino]{wire=H}
[2026-09-25T19:22:51.533+00:00][P1][INFO][DEBUG_TX][sending to arduino]{wire=H}
[2026-09-25T19:22:52.527+00:00][P1][INFO][DEBUG_TX][sending to arduino]{wire=H}
[2026-09-25T19:22:53.526+00:00][P1][INFO][DEBUG_TX][sending to arduino]{wire=H}
[2026-09-25T19:22:54.525+00:00][P1][INFO][DEBUG_TX][sending to arduino]{wire=H}
[2026-09-25T19:22:55.525+00:00][P1][INFO][DEBUG_TX][sending to arduino]{wire=H}
[2026-09-25T19:22:56.526+00:00][P1][INFO][DEBUG_TX][sending to arduino]{wire=H}
[2026-09-25T19:22:57.526+00:00][P1][INFO][DEBUG_TX][sending to arduino]{wire=H}
[2026-09-25T19:22:58.525+00:00][P1][INFO][DEBUG_TX][sending to arduino]{wire=H}
[2026-09-25T19:22:59.525+00:00][P1][INFO][DEBUG_TX][sending to arduino]{wire=H}
[2026-09-25T19:23:00.529+00:00][P1][INFO][DEBUG_TX][sending to arduino]{wire=H}
[2026-09-25T19:23:01.526+00:00][P1][INFO][DEBUG_TX][sending to arduino]{wire=H}
[2026-09-25T19:23:02.525+00:00][P1][INFO][DEBUG_TX][sending to arduino]{wire=H}
[2026-09-25T19:23:03.525+00:00][P1][INFO][DEBUG_TX][sending to arduino]{wire=H}
[2026-09-25T19:23:04.525+00:00][P1][INFO][DEBUG_TX][sending to arduino]{wire=H}
[2026-09-25T19:23:05.525+00:00][P1][INFO][DEBUG_TX][sending to arduino]{wire=H}
[2026-09-25T19:23:06.526+00:00][P1][INFO][DEBUG_TX][sending to arduino]{wire=H}
[2026-09-25T19:23:07.526+00:00][P1][INFO][DEBUG_TX][sending to arduino]{wire=H}
[2026-09-25T19:23:08.526+00:00][P1][INFO][DEBUG_TX][sending to arduino]{wire=H}
[2026-09-25T19:23:09.525+00:00][P1][INFO][DEBUG_TX][sending to arduino]{wire=H}
[2026-09-25T19:23:10.525+00:00][P1][INFO][DEBUG_TX][sending to arduino]{wire=H}
[2026-09-25T19:23:11.526+00:00][P1][INFO][DEBUG_TX][sending to arduino]{wire=H}
[2026-09-25T19:23:12.529+00:00][P1][INFO][DEBUG_TX][sending to arduino]{wire=H}
[2026-09-25T19:23:13.533+00:00][P1][INFO][DEBUG_TX][sending to arduino]{wire=H}
[2026-09-25T19:23:14.525+00:00][P1][INFO][DEBUG_TX][sending to arduino]{wire=H}
[2026-09-25T19:23:15.526+00:00][P1][INFO][DEBUG_TX][sending to arduino]{wire=H}
[2026-09-25T19:23:16.526+00:00][P1][INFO][DEBUG_TX][sending to arduino]{wire=H}
[2026-09-25T19:23:17.531+00:00][P1][INFO][DEBUG_TX][sending to arduino]{wire=H}
[2026-09-25T19:23:18.549+00:00][P1][INFO][DEBUG_TX][sending to arduino]{wire=H}
[2026-09-25T19:23:19.526+00:00][P1][INFO][DEBUG_TX][sending to arduino]{wire=H}
[2026-09-25T19:23:20.532+00:00][P1][INFO][DEBUG_TX][sending to arduino]{wire=H}
[2026-09-25T19:23:21.525+00:00][P1][INFO][DEBUG_TX][sending to arduino]{wire=H}
[2026-09-25T19:23:22.526+00:00][P1][INFO][DEBUG_TX][sending to arduino]{wire=H}
[2026-09-25T19:23:23.530+00:00][P1][INFO][DEBUG_TX][sending to arduino]{wire=H}
[2026-09-25T19:23:24.525+00:00][P1][INFO][DEBUG_TX][sending to arduino]{wire=H}
[2026-09-25T19:23:25.526+00:00][P1][INFO][DEBUG_TX][sending to arduino]{wire=H}
[2026-09-25T19:23:26.526+00:00][P1][INFO][DEBUG_TX][sending to arduino]{wire=H}
[2026-09-25T19:23:27.525+00:00][P1][INFO][DEBUG_TX][sending to arduino]{wire=H}
[2026-09-25T19:23:28.525+00:00][P1][INFO][DEBUG_TX][sending to arduino]{wire=H}
[2026-09-25T19:23:29.525+00:00][P1][INFO][DEBUG_TX][sending to arduino]{wire=H}
[2026-09-25T19:23:30.545+00:00][P1][INFO][DEBUG_TX][sending to arduino]{wire=H}
[2026-09-25T19:23:31.529+00:00][P1][INFO][DEBUG_TX][sending to arduino]{wire=H}
[2026-09-25T19:23:32.526+00:00][P1][INFO][DEBUG_TX][sending to arduino]{wire=H}
[2026-09-25T19:23:33.529+00:00][P1][INFO][DEBUG_TX][sending to arduino]{wire=H}
[2026-09-25T19:23:34.525+00:00][P1][INFO][DEBUG_TX][sending to arduino]{wire=H}
[2026-09-25T19:23:35.529+00:00][P1][INFO][DEBUG_TX][sending to arduino]{wire=H}
[2026-09-25T19:23:36.525+00:00][P1][INFO][DEBUG_TX][sending to arduino]{wire=H}
[2026-09-25T19:23:37.526+00:00][P1][INFO][DEBUG_TX][sending to arduino]{wire=H}
[2026-09-25T19:23:38.525+00:00][P1][INFO][DEBUG_TX][sending to arduino]{wire=H}
[2026-09-25T19:23:39.526+00:00][P1][INFO][DEBUG_TX][sending to arduino]{wire=H}
[2026-09-25T19:23:40.529+00:00][P1][INFO][DEBUG_TX][sending to arduino]{wire=H}
[2026-09-25T19:23:41.528+00:00][P1][INFO][DEBUG_TX][sending to arduino]{wire=H}
[2026-09-25T19:23:42.526+00:00][P1][INFO][DEBUG_TX][sending to arduino]{wire=H}
[2026-09-25T19:23:43.534+00:00][P1][INFO][DEBUG_TX][sending to arduino]{wire=H}
[2026-09-25T19:23:44.526+00:00][P1][INFO][DEBUG_TX][sending to arduino]{wire=H}
[2026-09-25T19:23:45.526+00:00][P1][INFO][DEBUG_TX][sending to arduino]{wire=H}
[2026-09-25T19:23:46.527+00:00][P1][INFO][DEBUG_TX][sending to arduino]{wire=H}
[2026-09-25T19:23:47.526+00:00][P1][INFO][DEBUG_TX][sending to arduino]{wire=H}
[2026-09-25T19:23:48.526+00:00][P1][INFO][DEBUG_TX][sending to arduino]{wire=H}
[2026-09-25T19:23:49.525+00:00][P1][INFO][DEBUG_TX][sending to arduino]{wire=H}
[2026-09-25T19:23:50.529+00:00][P1][INFO][DEBUG_TX][sending to arduino]{wire=H}
[2026-09-25T19:23:51.526+00:00][P1][INFO][DEBUG_TX][sending to arduino]{wire=H}
[2026-09-25T19:23:52.526+00:00][P1][INFO][DEBUG_TX][sending to arduino]{wire=H}
[2026-09-25T19:23:53.527+00:00][P1][INFO][DEBUG_TX][sending to arduino]{wire=H}
[2026-09-25T19:23:54.526+00:00][P1][INFO][DEBUG_TX][sending to arduino]{wire=H}
[2026-09-25T19:23:55.525+00:00][P1][INFO][DEBUG_TX][sending to arduino]{wire=H}
[2026-09-25T19:23:56.534+00:00][P1][INFO][DEBUG_TX][sending to arduino]{wire=H}
[2026-09-25T19:23:57.533+00:00][P1][INFO][DEBUG_TX][sending to arduino]{wire=H}
[2026-09-25T19:23:58.527+00:00][P1][INFO][DEBUG_TX][sending to arduino]{wire=H}
[2026-09-25T19:23:59.526+00:00][P1][INFO][DEBUG_TX][sending to arduino]{wire=H}
[2026-09-25T19:24:00.527+00:00][P1][INFO][DEBUG_TX][sending to arduino]{wire=H}
[2026-09-25T19:24:01.526+00:00][P1][INFO][DEBUG_TX][sending to arduino]{wire=H}
[2026-09-25T19:24:02.526+00:00][P1][INFO][DEBUG_TX][sending to arduino]{wire=H}
[2026-09-25T19:24:03.527+00:00][P1][INFO][DEBUG_TX][sending to arduino]{wire=H}
[2026-09-25T19:24:04.528+00:00][P1][INFO][DEBUG_TX][sending to arduino]{wire=H}
[2026-09-25T19:24:05.527+00:00][P1][INFO][DEBUG_TX][sending to arduino]{wire=H}
[2026-09-25T19:24:06.529+00:00][P1][INFO][DEBUG_TX][sending to arduino]{wire=H}
[2026-09-25T19:24:07.529+00:00][P1][INFO][DEBUG_TX][sending to arduino]{wire=H}
[2026-09-25T19:24:08.527+00:00][P1][INFO][DEBUG_TX][sending to arduino]{wire=H}
[2026-09-25T19:24:09.527+00:00][P1][INFO][DEBUG_TX][sending to arduino]{wire=H}
[2026-09-25T19:24:10.525+00:00][P1][INFO][DEBUG_TX][sending to arduino]{wire=H}
[2026-09-25T19:24:11.527+00:00][P1][INFO][DEBUG_TX][sending to arduino]{wire=H}
[2026-09-25T19:24:12.564+00:00][P1][INFO][DEBUG_TX][sending to arduino]{wire=H}
[2026-09-25T19:24:13.530+00:00][P1][INFO][DEBUG_TX][sending to arduino]{wire=H}
[2026-09-25T19:24:14.529+00:00][P1][INFO][DEBUG_TX][sending to arduino]{wire=H}
[2026-09-25T19:24:15.525+00:00][P1][INFO][DEBUG_TX][sending to arduino]{wire=H}
[2026-09-25T19:24:16.529+00:00][P1][INFO][DEBUG_TX][sending to arduino]{wire=H}
[2026-09-25T19:24:17.526+00:00][P1][INFO][DEBUG_TX][sending to arduino]{wire=H}
[2026-09-25T19:24:18.526+00:00][P1][INFO][DEBUG_TX][sending to arduino]{wire=H}
[2026-09-25T19:24:19.529+00:00][P1][INFO][DEBUG_TX][sending to arduino]{wire=H}
[2026-09-25T19:24:20.525+00:00][P1][INFO][DEBUG_TX][sending to arduino]{wire=H}
[2026-09-25T19:24:21.531+00:00][P1][INFO][DEBUG_TX][sending to arduino]{wire=H}
[2026-09-25T19:24:22.525+00:00][P1][INFO][DEBUG_TX][sending to arduino]{wire=H}
[2026-09-25T19:24:23.525+00:00][P1][INFO][DEBUG_TX][sending to arduino]{wire=H}
[2026-09-25T19:24:24.526+00:00][P1][INFO][DEBUG_TX][sending to arduino]{wire=H}
[2026-09-25T19:24:25.531+00:00][P1][INFO][DEBUG_TX][sending to arduino]{wire=H}
[2026-09-25T19:24:26.599+00:00][P1][INFO][DEBUG_TX][sending to arduino]{wire=H}
[2026-09-25T19:24:27.527+00:00][P1][INFO][DEBUG_TX][sending to arduino]{wire=H}
[2026-09-25T19:24:28.529+00:00][P1][INFO][DEBUG_TX][sending to arduino]{wire=H}
[2026-09-25T19:24:29.525+00:00][P1][INFO][DEBUG_TX][sending to arduino]{wire=H}
[2026-09-25T19:24:30.525+00:00][P1][INFO][DEBUG_TX][sending to arduino]{wire=H}
[2026-09-25T19:24:31.527+00:00][P1][INFO][DEBUG_TX][sending to arduino]{wire=H}
[2026-09-25T19:24:32.525+00:00][P1][INFO][DEBUG_TX][sending to arduino]{wire=H}
[2026-09-25T19:24:33.528+00:00][P1][INFO][DEBUG_TX][sending to arduino]{wire=H}
[2026-09-25T19:24:34.539+00:00][P1][INFO][DEBUG_TX][sending to arduino]{wire=H}
[2026-09-25T19:24:35.526+00:00][P1][INFO][DEBUG_TX][sending to arduino]{wire=H}
[2026-09-25T19:24:36.559+00:00][P1][INFO][DEBUG_TX][sending to arduino]{wire=H}
[2026-09-25T19:24:37.525+00:00][P1][INFO][DEBUG_TX][sending to arduino]{wire=H}
[2026-09-25T19:24:38.537+00:00][P1][INFO][DEBUG_TX][sending to arduino]{wire=H}
[2026-09-25T19:24:39.527+00:00][P1][INFO][DEBUG_TX][sending to arduino]{wire=H}
[2026-09-25T19:24:40.530+00:00][P1][INFO][DEBUG_TX][sending to arduino]{wire=H}
[2026-09-25T19:24:41.526+00:00][P1][INFO][DEBUG_TX][sending to arduino]{wire=H}
[2026-09-25T19:24:42.533+00:00][P1][INFO][DEBUG_TX][sending to arduino]{wire=H}
[2026-09-25T19:24:43.527+00:00][P1][INFO][DEBUG_TX][sending to arduino]{wire=H}
[2026-09-25T19:24:44.526+00:00][P1][INFO][DEBUG_TX][sending to arduino]{wire=H}
[2026-09-25T19:24:45.526+00:00][P1][INFO][DEBUG_TX][sending to arduino]{wire=H}
[2026-09-25T19:24:46.526+00:00][P1][INFO][DEBUG_TX][sending to arduino]{wire=H}
[2026-09-25T19:24:47.526+00:00][P1][INFO][DEBUG_TX][sending to arduino]{wire=H}
[2026-09-25T19:24:48.529+00:00][P1][INFO][DEBUG_TX][sending to arduino]{wire=H}
[2026-09-25T19:24:49.525+00:00][P1][INFO][DEBUG_TX][sending to arduino]{wire=H}
[2026-09-25T19:24:50.538+00:00][P1][INFO][DEBUG_TX][sending to arduino]{wire=H}
[2026-09-25T19:24:51.525+00:00][P1][INFO][DEBUG_TX][sending to arduino]{wire=H}
[2026-09-25T19:24:52.526+00:00][P1][INFO][DEBUG_TX][sending to arduino]{wire=H}
[2026-09-25T19:24:53.526+00:00][P1][INFO][DEBUG_TX][sending to arduino]{wire=H}
[2026-09-25T19:24:54.529+00:00][P1][INFO][DEBUG_TX][sending to arduino]{wire=H}
[2026-09-25T19:24:55.526+00:00][P1][INFO][DEBUG_TX][sending to arduino]{wire=H}
[2026-09-25T19:24:56.533+00:00][P1][INFO][DEBUG_TX][sending to arduino]{wire=H}
[2026-09-25T19:24:57.529+00:00][P1][INFO][DEBUG_TX][sending to arduino]{wire=H}
[2026-09-25T19:24:58.526+00:00][P1][INFO][DEBUG_TX][sending to arduino]{wire=H}
[2026-09-25T19:24:59.528+00:00][P1][INFO][DEBUG_TX][sending to arduino]{wire=H}
[2026-09-25T19:25:00.525+00:00][P1][INFO][DEBUG_TX][sending to arduino]{wire=H}
[2026-09-25T19:25:01.525+00:00][P1][INFO][DEBUG_TX][sending to arduino]{wire=H}
[2026-09-25T19:25:02.525+00:00][P1][INFO][DEBUG_TX][sending to arduino]{wire=H}
[2026-09-25T19:25:03.525+00:00][P1][INFO][DEBUG_TX][sending to arduino]{wire=H}
[2026-09-25T19:25:04.526+00:00][P1][INFO][DEBUG_TX][sending to arduino]{wire=H}
[2026-09-25T19:25:05.525+00:00][P1][INFO][DEBUG_TX][sending to arduino]{wire=H}
[2026-09-25T19:25:06.540+00:00][P1][INFO][DEBUG_TX][sending to arduino]{wire=H}
[2026-09-25T19:25:07.526+00:00][P1][INFO][DEBUG_TX][sending to arduino]{wire=H}
[2026-09-25T19:25:08.529+00:00][P1][INFO][DEBUG_TX][sending to arduino]{wire=H}
[2026-09-25T19:25:09.533+00:00][P1][INFO][DEBUG_TX][sending to arduino]{wire=H}
[2026-09-25T19:25:10.527+00:00][P1][INFO][DEBUG_TX][sending to arduino]{wire=H}
[2026-09-25T19:25:11.527+00:00][P1][INFO][DEBUG_TX][sending to arduino]{wire=H}
[2026-09-25T19:25:12.526+00:00][P1][INFO][DEBUG_TX][sending to arduino]{wire=H}
[2026-09-25T19:25:13.525+00:00][P1][INFO][DEBUG_TX][sending to arduino]{wire=H}
[2026-09-25T19:25:14.525+00:00][P1][INFO][DEBUG_TX][sending to arduino]{wire=H}
[2026-09-25T19:25:15.525+00:00][P1][INFO][DEBUG_TX][sending to arduino]{wire=H}
[2026-09-25T19:25:16.526+00:00][P1][INFO][DEBUG_TX][sending to arduino]{wire=H}
[2026-09-25T19:25:17.533+00:00][P1][INFO][DEBUG_TX][sending to arduino]{wire=H}
[2026-09-25T19:25:18.529+00:00][P1][INFO][DEBUG_TX][sending to arduino]{wire=H}
[2026-09-25T19:25:19.526+00:00][P1][INFO][DEBUG_TX][sending to arduino]{wire=H}
[2026-09-25T19:25:20.549+00:00][P1][INFO][DEBUG_TX][sending to arduino]{wire=H}
[2026-09-25T19:25:21.526+00:00][P1][INFO][DEBUG_TX][sending to arduino]{wire=H}
[2026-09-25T19:25:22.525+00:00][P1][INFO][DEBUG_TX][sending to arduino]{wire=H}
[2026-09-25T19:25:23.525+00:00][P1][INFO][DEBUG_TX][sending to arduino]{wire=H}
[2026-09-25T19:25:24.525+00:00][P1][INFO][DEBUG_TX][sending to arduino]{wire=H}
[2026-09-25T19:25:25.525+00:00][P1][INFO][DEBUG_TX][sending to arduino]{wire=H}
[2026-09-25T19:25:26.525+00:00][P1][INFO][DEBUG_TX][sending to arduino]{wire=H}
[2026-09-25T19:25:27.525+00:00][P1][INFO][DEBUG_TX][sending to arduino]{wire=H}
[2026-09-25T19:25:28.525+00:00][P1][INFO][DEBUG_TX][sending to arduino]{wire=H}
[2026-09-25T19:25:29.525+00:00][P1][INFO][DEBUG_TX][sending to arduino]{wire=H}
[2026-09-25T19:25:30.525+00:00][P1][INFO][DEBUG_TX][sending to arduino]{wire=H}
[2026-09-25T19:25:31.525+00:00][P1][INFO][DEBUG_TX][sending to arduino]{wire=H}
[2026-09-25T19:25:32.525+00:00][P1][INFO][DEBUG_TX][sending to arduino]{wire=H}
[2026-09-25T19:25:33.525+00:00][P1][INFO][DEBUG_TX][sending to arduino]{wire=H}
[2026-09-25T19:25:34.525+00:00][P1][INFO][DEBUG_TX][sending to arduino]{wire=H}
[2026-09-25T19:25:35.525+00:00][P1][INFO][DEBUG_TX][sending to arduino]{wire=H}
[2026-09-25T19:25:36.525+00:00][P1][INFO][DEBUG_TX][sending to arduino]{wire=H}
[2026-09-25T19:25:37.525+00:00][P1][INFO][DEBUG_TX][sending to arduino]{wire=H}
[2026-09-25T19:25:38.525+00:00][P1][INFO][DEBUG_TX][sending to arduino]{wire=H}
[2026-09-25T19:25:39.525+00:00][P1][INFO][DEBUG_TX][sending to arduino]{wire=H}
[2026-09-25T19:25:40.525+00:00][P1][INFO][DEBUG_TX][sending to arduino]{wire=H}
[2026-09-25T19:25:41.526+00:00][P1][INFO][DEBUG_TX][sending to arduino]{wire=H}
[2026-09-25T19:25:42.525+00:00][P1][INFO][DEBUG_TX][sending to arduino]{wire=H}
[2026-09-25T19:25:43.526+00:00][P1][INFO][DEBUG_TX][sending to arduino]{wire=H}
[2026-09-25T19:25:44.525+00:00][P1][INFO][DEBUG_TX][sending to arduino]{wire=H}
[2026-09-25T19:25:45.526+00:00][P1][INFO][DEBUG_TX][sending to arduino]{wire=H}
[2026-09-25T19:25:46.526+00:00][P1][INFO][DEBUG_TX][sending to arduino]{wire=H}
[2026-09-25T19:25:47.525+00:00][P1][INFO][DEBUG_TX][sending to arduino]{wire=H}
[2026-09-25T19:25:48.525+00:00][P1][INFO][DEBUG_TX][sending to arduino]{wire=H}
[2026-09-25T19:25:49.527+00:00][P1][INFO][DEBUG_TX][sending to arduino]{wire=H}
[2026-09-25T19:25:50.549+00:00][P1][INFO][DEBUG_TX][sending to arduino]{wire=H}
[2026-09-25T19:25:51.526+00:00][P1][INFO][DEBUG_TX][sending to arduino]{wire=H}
[2026-09-25T19:25:52.525+00:00][P1][INFO][DEBUG_TX][sending to arduino]{wire=H}
[2026-09-25T19:25:53.528+00:00][P1][INFO][DEBUG_TX][sending to arduino]{wire=H}
[2026-09-25T19:25:54.526+00:00][P1][INFO][DEBUG_TX][sending to arduino]{wire=H}
[2026-09-25T19:25:55.526+00:00][P1][INFO][DEBUG_TX][sending to arduino]{wire=H}
[2026-09-25T19:25:56.525+00:00][P1][INFO][DEBUG_TX][sending to arduino]{wire=H}
[2026-09-25T19:25:57.525+00:00][P1][INFO][DEBUG_TX][sending to arduino]{wire=H}
[2026-09-25T19:25:58.525+00:00][P1][INFO][DEBUG_TX][sending to arduino]{wire=H}
[2026-09-25T19:25:59.525+00:00][P1][INFO][DEBUG_TX][sending to arduino]{wire=H}
[2026-09-25T19:26:00.525+00:00][P1][INFO][DEBUG_TX][sending to arduino]{wire=H}
[2026-09-25T19:26:01.525+00:00][P1][INFO][DEBUG_TX][sending to arduino]{wire=H}
[2026-09-25T19:26:02.525+00:00][P1][INFO][DEBUG_TX][sending to arduino]{wire=H}
[2026-09-25T19:26:03.528+00:00][P1][INFO][DEBUG_TX][sending to arduino]{wire=H}
[2026-09-25T19:26:04.526+00:00][P1][INFO][DEBUG_TX][sending to arduino]{wire=H}
[2026-09-25T19:26:05.525+00:00][P1][INFO][DEBUG_TX][sending to arduino]{wire=H}
[2026-09-25T19:26:06.528+00:00][P1][INFO][DEBUG_TX][sending to arduino]{wire=H}
[2026-09-25T19:26:07.525+00:00][P1][INFO][DEBUG_TX][sending to arduino]{wire=H}
[2026-09-25T19:26:08.525+00:00][P1][INFO][DEBUG_TX][sending to arduino]{wire=H}
[2026-09-25T19:26:09.525+00:00][P1][INFO][DEBUG_TX][sending to arduino]{wire=H}
[2026-09-25T19:26:10.525+00:00][P1][INFO][DEBUG_TX][sending to arduino]{wire=H}
[2026-09-25T19:26:11.525+00:00][P1][INFO][DEBUG_TX][sending to arduino]{wire=H}
[2026-09-25T19:26:12.525+00:00][P1][INFO][DEBUG_TX][sending to arduino]{wire=H}
[2026-09-25T19:26:13.525+00:00][P1][INFO][DEBUG_TX][sending to arduino]{wire=H}
[2026-09-25T19:26:14.526+00:00][P1][INFO][DEBUG_TX][sending to arduino]{wire=H}
[2026-09-25T19:26:15.525+00:00][P1][INFO][DEBUG_TX][sending to arduino]{wire=H}
[2026-09-25T19:26:16.526+00:00][P1][INFO][DEBUG_TX][sending to arduino]{wire=H}
[2026-09-25T19:26:17.527+00:00][P1][INFO][DEBUG_TX][sending to arduino]{wire=H}
[2026-09-25T19:26:18.530+00:00][P1][INFO][DEBUG_TX][sending to arduino]{wire=H}
[2026-09-25T19:26:19.527+00:00][P1][INFO][DEBUG_TX][sending to arduino]{wire=H}
[2026-09-25T19:26:20.526+00:00][P1][INFO][DEBUG_TX][sending to arduino]{wire=H}
[2026-09-25T19:26:21.537+00:00][P1][INFO][DEBUG_TX][sending to arduino]{wire=H}
[2026-09-25T19:26:22.525+00:00][P1][INFO][DEBUG_TX][sending to arduino]{wire=H}
[2026-09-25T19:26:23.529+00:00][P1][INFO][DEBUG_TX][sending to arduino]{wire=H}
[2026-09-25T19:26:24.533+00:00][P1][INFO][DEBUG_TX][sending to arduino]{wire=H}
[2026-09-25T19:26:25.726+00:00][P1][INFO][DEBUG_TX][sending to arduino]{wire=H}
[2026-09-25T19:26:26.601+00:00][P1][INFO][DEBUG_TX][sending to arduino]{wire=H}
[2026-09-25T19:26:27.533+00:00][P1][INFO][DEBUG_TX][sending to arduino]{wire=H}
[2026-09-25T19:26:28.531+00:00][P1][INFO][DEBUG_TX][sending to arduino]{wire=H}
[2026-09-25T19:26:29.534+00:00][P1][INFO][DEBUG_TX][sending to arduino]{wire=H}
[2026-09-25T19:26:30.531+00:00][P1][INFO][DEBUG_TX][sending to arduino]{wire=H}
[2026-09-25T19:26:31.533+00:00][P1][INFO][DEBUG_TX][sending to arduino]{wire=H}
[2026-09-25T19:26:32.534+00:00][P1][INFO][DEBUG_TX][sending to arduino]{wire=H}
[2026-09-25T19:26:33.562+00:00][P1][INFO][DEBUG_TX][sending to arduino]{wire=H}
[2026-09-25T19:26:34.532+00:00][P1][INFO][DEBUG_TX][sending to arduino]{wire=H}
[2026-09-25T19:26:35.526+00:00][P1][INFO][DEBUG_TX][sending to arduino]{wire=H}
[2026-09-25T19:26:36.525+00:00][P1][INFO][DEBUG_TX][sending to arduino]{wire=H}
[2026-09-25T19:26:37.545+00:00][P1][INFO][DEBUG_TX][sending to arduino]{wire=H}
[2026-09-25T19:26:38.535+00:00][P1][INFO][DEBUG_TX][sending to arduino]{wire=H}
[2026-09-25T19:26:39.596+00:00][P1][INFO][DEBUG_TX][sending to arduino]{wire=H}
[2026-09-25T19:26:40.564+00:00][P1][INFO][DEBUG_TX][sending to arduino]{wire=H}
[2026-09-25T19:26:42.410+00:00][P1][INFO][DEBUG_TX][sending to arduino]{wire=H}
[2026-09-25T19:26:42.740+00:00][P1][INFO][DEBUG_TX][sending to arduino]{wire=H}
[2026-09-25T19:26:43.526+00:00][P1][INFO][DEBUG_TX][sending to arduino]{wire=H}
[2026-09-25T19:26:44.546+00:00][P1][INFO][DEBUG_TX][sending to arduino]{wire=H}
[2026-09-25T19:26:45.642+00:00][P1][INFO][DEBUG_TX][sending to arduino]{wire=H}
[2026-09-25T19:26:46.611+00:00][P1][INFO][DEBUG_TX][sending to arduino]{wire=H}
[2026-09-25T19:26:47.531+00:00][P1][INFO][DEBUG_TX][sending to arduino]{wire=H}
[2026-09-25T19:26:48.526+00:00][P1][INFO][DEBUG_TX][sending to arduino]{wire=H}
[2026-09-25T19:26:49.528+00:00][P1][INFO][DEBUG_TX][sending to arduino]{wire=H}
[2026-09-25T19:26:50.529+00:00][P1][INFO][DEBUG_TX][sending to arduino]{wire=H}
[2026-09-25T19:26:51.581+00:00][P1][INFO][DEBUG_TX][sending to arduino]{wire=H}
[2026-09-25T19:26:52.526+00:00][P1][INFO][DEBUG_TX][sending to arduino]{wire=H}
[2026-09-25T19:26:53.579+00:00][P1][INFO][DEBUG_TX][sending to arduino]{wire=H}
[2026-09-25T19:26:54.534+00:00][P1][INFO][DEBUG_TX][sending to arduino]{wire=H}
[2026-09-25T19:26:55.529+00:00][P1][INFO][DEBUG_TX][sending to arduino]{wire=H}
[2026-09-25T19:26:56.526+00:00][P1][INFO][DEBUG_TX][sending to arduino]{wire=H}
[2026-09-25T19:26:57.537+00:00][P1][INFO][DEBUG_TX][sending to arduino]{wire=H}
[2026-09-25T19:26:58.526+00:00][P1][INFO][DEBUG_TX][sending to arduino]{wire=H}
[2026-09-25T19:26:59.534+00:00][P1][INFO][DEBUG_TX][sending to arduino]{wire=H}
[2026-09-25T19:27:00.527+00:00][P1][INFO][DEBUG_TX][sending to arduino]{wire=H}
[2026-09-25T19:27:01.526+00:00][P1][INFO][DEBUG_TX][sending to arduino]{wire=H}
[2026-09-25T19:27:02.530+00:00][P1][INFO][DEBUG_TX][sending to arduino]{wire=H}
[2026-09-25T19:27:03.529+00:00][P1][INFO][DEBUG_TX][sending to arduino]{wire=H}
[2026-09-25T19:27:04.527+00:00][P1][INFO][DEBUG_TX][sending to arduino]{wire=H}
[2026-09-25T19:27:05.543+00:00][P1][INFO][DEBUG_TX][sending to arduino]{wire=H}
[2026-09-25T19:27:06.530+00:00][P1][INFO][DEBUG_TX][sending to arduino]{wire=H}
[2026-09-25T19:27:07.526+00:00][P1][INFO][DEBUG_TX][sending to arduino]{wire=H}
[2026-09-25T19:27:08.526+00:00][P1][INFO][DEBUG_TX][sending to arduino]{wire=H}
[2026-09-25T19:27:09.537+00:00][P1][INFO][DEBUG_TX][sending to arduino]{wire=H}
[2026-09-25T19:27:10.529+00:00][P1][INFO][DEBUG_TX][sending to arduino]{wire=H}
[2026-09-25T19:27:11.539+00:00][P1][INFO][DEBUG_TX][sending to arduino]{wire=H}
[2026-09-25T19:27:12.527+00:00][P1][INFO][DEBUG_TX][sending to arduino]{wire=H}
[2026-09-25T19:27:13.553+00:00][P1][INFO][DEBUG_TX][sending to arduino]{wire=H}
[2026-09-25T19:27:14.527+00:00][P1][INFO][DEBUG_TX][sending to arduino]{wire=H}
[2026-09-25T19:27:15.526+00:00][P1][INFO][DEBUG_TX][sending to arduino]{wire=H}
[2026-09-25T19:27:16.528+00:00][P1][INFO][DEBUG_TX][sending to arduino]{wire=H}
[2026-09-25T19:27:17.526+00:00][P1][INFO][DEBUG_TX][sending to arduino]{wire=H}
[2026-09-25T19:27:18.526+00:00][P1][INFO][DEBUG_TX][sending to arduino]{wire=H}
[2026-09-25T19:27:19.532+00:00][P1][INFO][DEBUG_TX][sending to arduino]{wire=H}
[2026-09-25T19:27:20.528+00:00][P1][INFO][DEBUG_TX][sending to arduino]{wire=H}
[2026-09-25T19:27:21.527+00:00][P1][INFO][DEBUG_TX][sending to arduino]{wire=H}
[2026-09-25T19:27:22.526+00:00][P1][INFO][DEBUG_TX][sending to arduino]{wire=H}
[2026-09-25T19:27:23.528+00:00][P1][INFO][DEBUG_TX][sending to arduino]{wire=H}
[2026-09-25T19:27:24.526+00:00][P1][INFO][DEBUG_TX][sending to arduino]{wire=H}
[2026-09-25T19:27:25.528+00:00][P1][INFO][DEBUG_TX][sending to arduino]{wire=H}
[2026-09-25T19:27:26.531+00:00][P1][INFO][DEBUG_TX][sending to arduino]{wire=H}
[2026-09-25T19:27:27.532+00:00][P1][INFO][DEBUG_TX][sending to arduino]{wire=H}
[2026-09-25T19:27:28.526+00:00][P1][INFO][DEBUG_TX][sending to arduino]{wire=H}
[2026-09-25T19:27:29.526+00:00][P1][INFO][DEBUG_TX][sending to arduino]{wire=H}
[2026-09-25T19:27:30.526+00:00][P1][INFO][DEBUG_TX][sending to arduino]{wire=H}
[2026-09-25T19:27:31.526+00:00][P1][INFO][DEBUG_TX][sending to arduino]{wire=H}
[2026-09-25T19:27:32.526+00:00][P1][INFO][DEBUG_TX][sending to arduino]{wire=H}
[2026-09-25T19:27:33.526+00:00][P1][INFO][DEBUG_TX][sending to arduino]{wire=H}
[2026-09-25T19:27:34.526+00:00][P1][INFO][DEBUG_TX][sending to arduino]{wire=H}
[2026-09-25T19:27:35.525+00:00][P1][INFO][DEBUG_TX][sending to arduino]{wire=H}
[2026-09-25T19:27:36.526+00:00][P1][INFO][DEBUG_TX][sending to arduino]{wire=H}
[2026-09-25T19:27:37.530+00:00][P1][INFO][DEBUG_TX][sending to arduino]{wire=H}
[2026-09-25T19:27:38.525+00:00][P1][INFO][DEBUG_TX][sending to arduino]{wire=H}
[2026-09-25T19:27:39.526+00:00][P1][INFO][DEBUG_TX][sending to arduino]{wire=H}
[2026-09-25T19:27:40.551+00:00][P1][INFO][DEBUG_TX][sending to arduino]{wire=H}
[2026-09-25T19:27:41.527+00:00][P1][INFO][DEBUG_TX][sending to arduino]{wire=H}
[2026-09-25T19:27:42.527+00:00][P1][INFO][DEBUG_TX][sending to arduino]{wire=H}
[2026-09-25T19:27:43.527+00:00][P1][INFO][DEBUG_TX][sending to arduino]{wire=H}
[2026-09-25T19:27:44.531+00:00][P1][INFO][DEBUG_TX][sending to arduino]{wire=H}
[2026-09-25T19:27:45.552+00:00][P1][INFO][DEBUG_TX][sending to arduino]{wire=H}
[2026-09-25T19:27:46.526+00:00][P1][INFO][DEBUG_TX][sending to arduino]{wire=H}
[2026-09-25T19:27:47.529+00:00][P1][INFO][DEBUG_TX][sending to arduino]{wire=H}
[2026-09-25T19:27:48.537+00:00][P1][INFO][DEBUG_TX][sending to arduino]{wire=H}
[2026-09-25T19:27:49.526+00:00][P1][INFO][DEBUG_TX][sending to arduino]{wire=H}
[2026-09-25T19:27:50.530+00:00][P1][INFO][DEBUG_TX][sending to arduino]{wire=H}
[2026-09-25T19:27:51.546+00:00][P1][INFO][DEBUG_TX][sending to arduino]{wire=H}
[2026-09-25T19:27:52.528+00:00][P1][INFO][DEBUG_TX][sending to arduino]{wire=H}
[2026-09-25T19:27:53.532+00:00][P1][INFO][DEBUG_TX][sending to arduino]{wire=H}
[2026-09-25T19:27:54.528+00:00][P1][INFO][DEBUG_TX][sending to arduino]{wire=H}
[2026-09-25T19:27:55.530+00:00][P1][INFO][DEBUG_TX][sending to arduino]{wire=H}
[2026-09-25T19:27:56.531+00:00][P1][INFO][DEBUG_TX][sending to arduino]{wire=H}
[2026-09-25T19:27:57.528+00:00][P1][INFO][DEBUG_TX][sending to arduino]{wire=H}
[2026-09-25T19:27:58.527+00:00][P1][INFO][DEBUG_TX][sending to arduino]{wire=H}
[2026-09-25T19:27:59.525+00:00][P1][INFO][DEBUG_TX][sending to arduino]{wire=H}
[2026-09-25T19:28:00.529+00:00][P1][INFO][DEBUG_TX][sending to arduino]{wire=H}
[2026-09-25T19:28:01.529+00:00][P1][INFO][DEBUG_TX][sending to arduino]{wire=H}
[2026-09-25T19:28:02.526+00:00][P1][INFO][DEBUG_TX][sending to arduino]{wire=H}
[2026-09-25T19:28:03.526+00:00][P1][INFO][DEBUG_TX][sending to arduino]{wire=H}
[2026-09-25T19:28:04.529+00:00][P1][INFO][DEBUG_TX][sending to arduino]{wire=H}
[2026-09-25T19:28:05.526+00:00][P1][INFO][DEBUG_TX][sending to arduino]{wire=H}
[2026-09-25T19:28:06.528+00:00][P1][INFO][DEBUG_TX][sending to arduino]{wire=H}
[2026-09-25T19:28:07.528+00:00][P1][INFO][DEBUG_TX][sending to arduino]{wire=H}
[2026-09-25T19:28:08.527+00:00][P1][INFO][DEBUG_TX][sending to arduino]{wire=H}
[2026-09-25T19:28:09.528+00:00][P1][INFO][DEBUG_TX][sending to arduino]{wire=H}
[2026-09-25T19:28:10.530+00:00][P1][INFO][DEBUG_TX][sending to arduino]{wire=H}
[2026-09-25T19:28:11.525+00:00][P1][INFO][DEBUG_TX][sending to arduino]{wire=H}
[2026-09-25T19:28:12.529+00:00][P1][INFO][DEBUG_TX][sending to arduino]{wire=H}
[2026-09-25T19:28:13.528+00:00][P1][INFO][DEBUG_TX][sending to arduino]{wire=H}
[2026-09-25T19:28:14.527+00:00][P1][INFO][DEBUG_TX][sending to arduino]{wire=H}
[2026-09-25T19:28:15.586+00:00][P1][INFO][DEBUG_TX][sending to arduino]{wire=H}
[2026-09-25T19:28:16.529+00:00][P1][INFO][DEBUG_TX][sending to arduino]{wire=H}
[2026-09-25T19:28:17.528+00:00][P1][INFO][DEBUG_TX][sending to arduino]{wire=H}
[2026-09-25T19:28:18.530+00:00][P1][INFO][DEBUG_TX][sending to arduino]{wire=H}
[2026-09-25T19:28:19.526+00:00][P1][INFO][DEBUG_TX][sending to arduino]{wire=H}
[2026-09-25T19:28:20.528+00:00][P1][INFO][DEBUG_TX][sending to arduino]{wire=H}
[2026-09-25T19:28:21.529+00:00][P1][INFO][DEBUG_TX][sending to arduino]{wire=H}
[2026-09-25T19:28:22.527+00:00][P1][INFO][DEBUG_TX][sending to arduino]{wire=H}
[2026-09-25T19:28:23.527+00:00][P1][INFO][DEBUG_TX][sending to arduino]{wire=H}
[2026-09-25T19:28:24.526+00:00][P1][INFO][DEBUG_TX][sending to arduino]{wire=H}
[2026-09-25T19:28:25.526+00:00][P1][INFO][DEBUG_TX][sending to arduino]{wire=H}
[2026-09-25T19:28:26.528+00:00][P1][INFO][DEBUG_TX][sending to arduino]{wire=H}
[2026-09-25T19:28:27.528+00:00][P1][INFO][DEBUG_TX][sending to arduino]{wire=H}
[2026-09-25T19:28:28.526+00:00][P1][INFO][DEBUG_TX][sending to arduino]{wire=H}
[2026-09-25T19:28:29.537+00:00][P1][INFO][DEBUG_TX][sending to arduino]{wire=H}
[2026-09-25T19:28:30.526+00:00][P1][INFO][DEBUG_TX][sending to arduino]{wire=H}
[2026-09-25T19:28:31.529+00:00][P1][INFO][DEBUG_TX][sending to arduino]{wire=H}
[2026-09-25T19:28:32.526+00:00][P1][INFO][DEBUG_TX][sending to arduino]{wire=H}
[2026-09-25T19:28:33.529+00:00][P1][INFO][DEBUG_TX][sending to arduino]{wire=H}
[2026-09-25T19:28:34.528+00:00][P1][INFO][DEBUG_TX][sending to arduino]{wire=H}
[2026-09-25T19:28:35.526+00:00][P1][INFO][DEBUG_TX][sending to arduino]{wire=H}
[2026-09-25T19:28:36.527+00:00][P1][INFO][DEBUG_TX][sending to arduino]{wire=H}
[2026-09-25T19:28:37.525+00:00][P1][INFO][DEBUG_TX][sending to arduino]{wire=H}
[2026-09-25T19:28:38.527+00:00][P1][INFO][DEBUG_TX][sending to arduino]{wire=H}
[2026-09-25T19:28:39.526+00:00][P1][INFO][DEBUG_TX][sending to arduino]{wire=H}
[2026-09-25T19:28:40.525+00:00][P1][INFO][DEBUG_TX][sending to arduino]{wire=H}
[2026-09-25T19:28:41.529+00:00][P1][INFO][DEBUG_TX][sending to arduino]{wire=H}
[2026-09-25T19:28:42.526+00:00][P1][INFO][DEBUG_TX][sending to arduino]{wire=H}
[2026-09-25T19:28:43.526+00:00][P1][INFO][DEBUG_TX][sending to arduino]{wire=H}
[2026-09-25T19:28:44.526+00:00][P1][INFO][DEBUG_TX][sending to arduino]{wire=H}
[2026-09-25T19:28:45.529+00:00][P1][INFO][DEBUG_TX][sending to arduino]{wire=H}
[2026-09-25T19:28:46.528+00:00][P1][INFO][DEBUG_TX][sending to arduino]{wire=H}
[2026-09-25T19:28:47.528+00:00][P1][INFO][DEBUG_TX][sending to arduino]{wire=H}
[2026-09-25T19:28:48.526+00:00][P1][INFO][DEBUG_TX][sending to arduino]{wire=H}
[2026-09-25T19:28:49.529+00:00][P1][INFO][DEBUG_TX][sending to arduino]{wire=H}
[2026-09-25T19:28:50.530+00:00][P1][INFO][DEBUG_TX][sending to arduino]{wire=H}
[2026-09-25T19:28:51.528+00:00][P1][INFO][DEBUG_TX][sending to arduino]{wire=H}
[2026-09-25T19:28:52.527+00:00][P1][INFO][DEBUG_TX][sending to arduino]{wire=H}
[2026-09-25T19:28:53.525+00:00][P1][INFO][DEBUG_TX][sending to arduino]{wire=H}
[2026-09-25T19:28:54.567+00:00][P1][INFO][DEBUG_TX][sending to arduino]{wire=H}
[2026-09-25T19:28:55.530+00:00][P1][INFO][DEBUG_TX][sending to arduino]{wire=H}
[2026-09-25T19:28:56.527+00:00][P1][INFO][DEBUG_TX][sending to arduino]{wire=H}
[2026-09-25T19:28:57.526+00:00][P1][INFO][DEBUG_TX][sending to arduino]{wire=H}
[2026-09-25T19:28:58.529+00:00][P1][INFO][DEBUG_TX][sending to arduino]{wire=H}
[2026-09-25T19:28:59.589+00:00][P1][INFO][DEBUG_TX][sending to arduino]{wire=H}
[2026-09-25T19:29:00.529+00:00][P1][INFO][DEBUG_TX][sending to arduino]{wire=H}
[2026-09-25T19:29:01.526+00:00][P1][INFO][DEBUG_TX][sending to arduino]{wire=H}
[2026-09-25T19:29:02.526+00:00][P1][INFO][DEBUG_TX][sending to arduino]{wire=H}
[2026-09-25T19:29:03.531+00:00][P1][INFO][DEBUG_TX][sending to arduino]{wire=H}
[2026-09-25T19:29:04.527+00:00][P1][INFO][DEBUG_TX][sending to arduino]{wire=H}
[2026-09-25T19:29:05.528+00:00][P1][INFO][DEBUG_TX][sending to arduino]{wire=H}
[2026-09-25T19:29:06.527+00:00][P1][INFO][DEBUG_TX][sending to arduino]{wire=H}
[2026-09-25T19:29:07.527+00:00][P1][INFO][DEBUG_TX][sending to arduino]{wire=H}
[2026-09-25T19:29:08.527+00:00][P1][INFO][DEBUG_TX][sending to arduino]{wire=H}
[2026-09-25T19:29:09.528+00:00][P1][INFO][DEBUG_TX][sending to arduino]{wire=H}
[2026-09-25T19:29:10.526+00:00][P1][INFO][DEBUG_TX][sending to arduino]{wire=H}
[2026-09-25T19:29:11.533+00:00][P1][INFO][DEBUG_TX][sending to arduino]{wire=H}
[2026-09-25T19:29:12.534+00:00][P1][INFO][DEBUG_TX][sending to arduino]{wire=H}
[2026-09-25T19:29:13.527+00:00][P1][INFO][DEBUG_TX][sending to arduino]{wire=H}
[2026-09-25T19:29:14.526+00:00][P1][INFO][DEBUG_TX][sending to arduino]{wire=H}
[2026-09-25T19:29:15.649+00:00][P1][INFO][DEBUG_TX][sending to arduino]{wire=H}
[2026-09-25T19:29:16.572+00:00][P1][INFO][DEBUG_TX][sending to arduino]{wire=H}
[2026-09-25T19:29:17.527+00:00][P1][INFO][DEBUG_TX][sending to arduino]{wire=H}
[2026-09-25T19:29:18.529+00:00][P1][INFO][DEBUG_TX][sending to arduino]{wire=H}
[2026-09-25T19:29:19.529+00:00][P1][INFO][DEBUG_TX][sending to arduino]{wire=H}
[2026-09-25T19:29:20.582+00:00][P1][INFO][DEBUG_TX][sending to arduino]{wire=H}
[2026-09-25T19:29:21.529+00:00][P1][INFO][DEBUG_TX][sending to arduino]{wire=H}
[2026-09-25T19:29:22.526+00:00][P1][INFO][DEBUG_TX][sending to arduino]{wire=H}
[2026-09-25T19:29:23.527+00:00][P1][INFO][DEBUG_TX][sending to arduino]{wire=H}
[2026-09-25T19:29:24.528+00:00][P1][INFO][DEBUG_TX][sending to arduino]{wire=H}
[2026-09-25T19:29:25.641+00:00][P1][INFO][DEBUG_TX][sending to arduino]{wire=H}
[2026-09-25T19:29:26.527+00:00][P1][INFO][DEBUG_TX][sending to arduino]{wire=H}
[2026-09-25T19:29:27.526+00:00][P1][INFO][DEBUG_TX][sending to arduino]{wire=H}
[2026-09-25T19:29:28.531+00:00][P1][INFO][DEBUG_TX][sending to arduino]{wire=H}
[2026-09-25T19:29:29.533+00:00][P1][INFO][DEBUG_TX][sending to arduino]{wire=H}
[2026-09-25T19:29:30.526+00:00][P1][INFO][DEBUG_TX][sending to arduino]{wire=H}
[2026-09-25T19:29:31.533+00:00][P1][INFO][DEBUG_TX][sending to arduino]{wire=H}
[2026-09-25T19:29:32.527+00:00][P1][INFO][DEBUG_TX][sending to arduino]{wire=H}
[2026-09-25T19:29:33.526+00:00][P1][INFO][DEBUG_TX][sending to arduino]{wire=H}
[2026-09-25T19:29:34.528+00:00][P1][INFO][DEBUG_TX][sending to arduino]{wire=H}
[2026-09-25T19:29:35.528+00:00][P1][INFO][DEBUG_TX][sending to arduino]{wire=H}
[2026-09-25T19:29:36.526+00:00][P1][INFO][DEBUG_TX][sending to arduino]{wire=H}
[2026-09-25T19:29:37.952+00:00][P1][INFO][DEBUG_TX][sending to arduino]{wire=H}
[2026-09-25T19:29:38.537+00:00][P1][INFO][DEBUG_TX][sending to arduino]{wire=H}
[2026-09-25T19:29:39.529+00:00][P1][INFO][DEBUG_TX][sending to arduino]{wire=H}
[2026-09-25T19:29:40.533+00:00][P1][INFO][DEBUG_TX][sending to arduino]{wire=H}
[2026-09-25T19:29:41.528+00:00][P1][INFO][DEBUG_TX][sending to arduino]{wire=H}
[2026-09-25T19:29:42.526+00:00][P1][INFO][DEBUG_TX][sending to arduino]{wire=H}
[2026-09-25T19:29:43.530+00:00][P1][INFO][DEBUG_TX][sending to arduino]{wire=H}
[2026-09-25T19:29:44.525+00:00][P1][INFO][DEBUG_TX][sending to arduino]{wire=H}
[2026-09-25T19:29:45.820+00:00][P1][INFO][DEBUG_TX][sending to arduino]{wire=H}
[2026-09-25T19:29:46.614+00:00][P1][INFO][DEBUG_TX][sending to arduino]{wire=H}
[2026-09-25T19:29:47.563+00:00][P1][INFO][DEBUG_TX][sending to arduino]{wire=H}
[2026-09-25T19:29:48.786+00:00][P1][INFO][DEBUG_TX][sending to arduino]{wire=H}
[2026-09-25T19:29:49.542+00:00][P1][INFO][DEBUG_TX][sending to arduino]{wire=H}
[2026-09-25T19:29:50.535+00:00][P1][INFO][DEBUG_TX][sending to arduino]{wire=H}
[2026-09-25T19:29:51.550+00:00][P1][INFO][DEBUG_TX][sending to arduino]{wire=H}
[2026-09-25T19:29:52.529+00:00][P1][INFO][DEBUG_TX][sending to arduino]{wire=H}
[2026-09-25T19:29:53.533+00:00][P1][INFO][DEBUG_TX][sending to arduino]{wire=H}
[2026-09-25T19:29:54.527+00:00][P1][INFO][DEBUG_TX][sending to arduino]{wire=H}
[2026-09-25T19:29:55.528+00:00][P1][INFO][DEBUG_TX][sending to arduino]{wire=H}
[2026-09-25T19:29:56.527+00:00][P1][INFO][DEBUG_TX][sending to arduino]{wire=H}
[2026-09-25T19:29:57.531+00:00][P1][INFO][DEBUG_TX][sending to arduino]{wire=H}
[2026-09-25T19:29:58.526+00:00][P1][INFO][DEBUG_TX][sending to arduino]{wire=H}
[2026-09-25T19:29:59.533+00:00][P1][INFO][DEBUG_TX][sending to arduino]{wire=H}
[2026-09-25T19:30:00.527+00:00][P1][INFO][DEBUG_TX][sending to arduino]{wire=H}
[2026-09-25T19:30:01.529+00:00][P1][INFO][DEBUG_TX][sending to arduino]{wire=H}
[2026-09-25T19:30:02.526+00:00][P1][INFO][DEBUG_TX][sending to arduino]{wire=H}
[2026-09-25T19:30:03.569+00:00][P1][INFO][DEBUG_TX][sending to arduino]{wire=H}
[2026-09-25T19:30:04.529+00:00][P1][INFO][DEBUG_TX][sending to arduino]{wire=H}
[2026-09-25T19:30:05.530+00:00][P1][INFO][DEBUG_TX][sending to arduino]{wire=H}
[2026-09-25T19:30:06.525+00:00][P1][INFO][DEBUG_TX][sending to arduino]{wire=H}
[2026-09-25T19:30:07.526+00:00][P1][INFO][DEBUG_TX][sending to arduino]{wire=H}
[2026-09-25T19:30:08.558+00:00][P1][INFO][DEBUG_TX][sending to arduino]{wire=H}
[2026-09-25T19:30:09.525+00:00][P1][INFO][DEBUG_TX][sending to arduino]{wire=H}
[2026-09-25T19:30:10.525+00:00][P1][INFO][DEBUG_TX][sending to arduino]{wire=H}
[2026-09-25T19:30:11.525+00:00][P1][INFO][DEBUG_TX][sending to arduino]{wire=H}
[2026-09-25T19:30:12.527+00:00][P1][INFO][DEBUG_TX][sending to arduino]{wire=H}
[2026-09-25T19:30:13.528+00:00][P1][INFO][DEBUG_TX][sending to arduino]{wire=H}
[2026-09-25T19:30:14.527+00:00][P1][INFO][DEBUG_TX][sending to arduino]{wire=H}
[2026-09-25T19:30:15.528+00:00][P1][INFO][DEBUG_TX][sending to arduino]{wire=H}
[2026-09-25T19:30:16.527+00:00][P1][INFO][DEBUG_TX][sending to arduino]{wire=H}
[2026-09-25T19:30:17.529+00:00][P1][INFO][DEBUG_TX][sending to arduino]{wire=H}
[2026-09-25T19:30:18.529+00:00][P1][INFO][DEBUG_TX][sending to arduino]{wire=H}
[2026-09-25T19:30:19.537+00:00][P1][INFO][DEBUG_TX][sending to arduino]{wire=H}
[2026-09-25T19:30:20.525+00:00][P1][INFO][DEBUG_TX][sending to arduino]{wire=H}
[2026-09-25T19:30:21.525+00:00][P1][INFO][DEBUG_TX][sending to arduino]{wire=H}
[2026-09-25T19:30:22.528+00:00][P1][INFO][DEBUG_TX][sending to arduino]{wire=H}
[2026-09-25T19:30:23.534+00:00][P1][INFO][DEBUG_TX][sending to arduino]{wire=H}
[2026-09-25T19:30:24.531+00:00][P1][INFO][DEBUG_TX][sending to arduino]{wire=H}
[2026-09-25T19:30:25.525+00:00][P1][INFO][DEBUG_TX][sending to arduino]{wire=H}
[2026-09-25T19:30:26.528+00:00][P1][INFO][DEBUG_TX][sending to arduino]{wire=H}
[2026-09-25T19:30:27.527+00:00][P1][INFO][DEBUG_TX][sending to arduino]{wire=H}
[2026-09-25T19:30:28.529+00:00][P1][INFO][DEBUG_TX][sending to arduino]{wire=H}
[2026-09-25T19:30:29.527+00:00][P1][INFO][DEBUG_TX][sending to arduino]{wire=H}
[2026-09-25T19:30:30.528+00:00][P1][INFO][DEBUG_TX][sending to arduino]{wire=H}
[2026-09-25T19:30:31.525+00:00][P1][INFO][DEBUG_TX][sending to arduino]{wire=H}
[2026-09-25T19:30:32.525+00:00][P1][INFO][DEBUG_TX][sending to arduino]{wire=H}
[2026-09-25T19:30:33.526+00:00][P1][INFO][DEBUG_TX][sending to arduino]{wire=H}
[2026-09-25T19:30:34.529+00:00][P1][INFO][DEBUG_TX][sending to arduino]{wire=H}
[2026-09-25T19:30:35.525+00:00][P1][INFO][DEBUG_TX][sending to arduino]{wire=H}
[2026-09-25T19:30:36.528+00:00][P1][INFO][DEBUG_TX][sending to arduino]{wire=H}
[2026-09-25T19:30:37.525+00:00][P1][INFO][DEBUG_TX][sending to arduino]{wire=H}
[2026-09-25T19:30:38.526+00:00][P1][INFO][DEBUG_TX][sending to arduino]{wire=H}
[2026-09-25T19:30:39.530+00:00][P1][INFO][DEBUG_TX][sending to arduino]{wire=H}
[2026-09-25T19:30:40.525+00:00][P1][INFO][DEBUG_TX][sending to arduino]{wire=H}
[2026-09-25T19:30:41.527+00:00][P1][INFO][DEBUG_TX][sending to arduino]{wire=H}
[2026-09-25T19:30:42.527+00:00][P1][INFO][DEBUG_TX][sending to arduino]{wire=H}
[2026-09-25T19:30:43.525+00:00][P1][INFO][DEBUG_TX][sending to arduino]{wire=H}
[2026-09-25T19:30:44.525+00:00][P1][INFO][DEBUG_TX][sending to arduino]{wire=H}
[2026-09-25T19:30:45.527+00:00][P1][INFO][DEBUG_TX][sending to arduino]{wire=H}
[2026-09-25T19:30:46.526+00:00][P1][INFO][DEBUG_TX][sending to arduino]{wire=H}
[2026-09-25T19:30:47.525+00:00][P1][INFO][DEBUG_TX][sending to arduino]{wire=H}
[2026-09-25T19:30:48.526+00:00][P1][INFO][DEBUG_TX][sending to arduino]{wire=H}
[2026-09-25T19:30:49.525+00:00][P1][INFO][DEBUG_TX][sending to arduino]{wire=H}
[2026-09-25T19:30:50.528+00:00][P1][INFO][DEBUG_TX][sending to arduino]{wire=H}
[2026-09-25T19:30:51.530+00:00][P1][INFO][DEBUG_TX][sending to arduino]{wire=H}
[2026-09-25T19:30:52.525+00:00][P1][INFO][DEBUG_TX][sending to arduino]{wire=H}
[2026-09-25T19:30:53.528+00:00][P1][INFO][DEBUG_TX][sending to arduino]{wire=H}
[2026-09-25T19:30:54.529+00:00][P1][INFO][DEBUG_TX][sending to arduino]{wire=H}
[2026-09-25T19:30:55.528+00:00][P1][INFO][DEBUG_TX][sending to arduino]{wire=H}
[2026-09-25T19:30:56.528+00:00][P1][INFO][DEBUG_TX][sending to arduino]{wire=H}
[2026-09-25T19:30:57.527+00:00][P1][INFO][DEBUG_TX][sending to arduino]{wire=H}
[2026-09-25T19:30:58.536+00:00][P1][INFO][DEBUG_TX][sending to arduino]{wire=H}
[2026-09-25T19:30:59.526+00:00][P1][INFO][DEBUG_TX][sending to arduino]{wire=H}
[2026-09-25T19:31:00.525+00:00][P1][INFO][DEBUG_TX][sending to arduino]{wire=H}
[2026-09-25T19:31:01.529+00:00][P1][INFO][DEBUG_TX][sending to arduino]{wire=H}
[2026-09-25T19:31:02.525+00:00][P1][INFO][DEBUG_TX][sending to arduino]{wire=H}
[2026-09-25T19:31:03.526+00:00][P1][INFO][DEBUG_TX][sending to arduino]{wire=H}
[2026-09-25T19:31:04.525+00:00][P1][INFO][DEBUG_TX][sending to arduino]{wire=H}
[2026-09-25T19:31:05.529+00:00][P1][INFO][DEBUG_TX][sending to arduino]{wire=H}
[2026-09-25T19:31:06.526+00:00][P1][INFO][DEBUG_TX][sending to arduino]{wire=H}
[2026-09-25T19:31:07.526+00:00][P1][INFO][DEBUG_TX][sending to arduino]{wire=H}
[2026-09-25T19:31:08.529+00:00][P1][INFO][DEBUG_TX][sending to arduino]{wire=H}
[2026-09-25T19:31:09.558+00:00][P1][INFO][DEBUG_TX][sending to arduino]{wire=H}
[2026-09-25T19:31:10.527+00:00][P1][INFO][DEBUG_TX][sending to arduino]{wire=H}
[2026-09-25T19:31:11.527+00:00][P1][INFO][DEBUG_TX][sending to arduino]{wire=H}
[2026-09-25T19:31:12.527+00:00][P1][INFO][DEBUG_TX][sending to arduino]{wire=H}
[2026-09-25T19:31:13.525+00:00][P1][INFO][DEBUG_TX][sending to arduino]{wire=H}
[2026-09-25T19:31:14.526+00:00][P1][INFO][DEBUG_TX][sending to arduino]{wire=H}
[2026-09-25T19:31:15.525+00:00][P1][INFO][DEBUG_TX][sending to arduino]{wire=H}
[2026-09-25T19:31:16.526+00:00][P1][INFO][DEBUG_TX][sending to arduino]{wire=H}
[2026-09-25T19:31:17.526+00:00][P1][INFO][DEBUG_TX][sending to arduino]{wire=H}
[2026-09-25T19:31:18.526+00:00][P1][INFO][DEBUG_TX][sending to arduino]{wire=H}
[2026-09-25T19:31:19.526+00:00][P1][INFO][DEBUG_TX][sending to arduino]{wire=H}
[2026-09-25T19:31:20.529+00:00][P1][INFO][DEBUG_TX][sending to arduino]{wire=H}
[2026-09-25T19:31:21.526+00:00][P1][INFO][DEBUG_TX][sending to arduino]{wire=H}
[2026-09-25T19:31:22.525+00:00][P1][INFO][DEBUG_TX][sending to arduino]{wire=H}
[2026-09-25T19:31:23.525+00:00][P1][INFO][DEBUG_TX][sending to arduino]{wire=H}
[2026-09-25T19:31:24.527+00:00][P1][INFO][DEBUG_TX][sending to arduino]{wire=H}
[2026-09-25T19:31:25.529+00:00][P1][INFO][DEBUG_TX][sending to arduino]{wire=H}
[2026-09-25T19:31:26.525+00:00][P1][INFO][DEBUG_TX][sending to arduino]{wire=H}
[2026-09-25T19:31:27.525+00:00][P1][INFO][DEBUG_TX][sending to arduino]{wire=H}
[2026-09-25T19:31:28.528+00:00][P1][INFO][DEBUG_TX][sending to arduino]{wire=H}
[2026-09-25T19:31:29.526+00:00][P1][INFO][DEBUG_TX][sending to arduino]{wire=H}
[2026-09-25T19:31:30.526+00:00][P1][INFO][DEBUG_TX][sending to arduino]{wire=H}
[2026-09-25T19:31:31.528+00:00][P1][INFO][DEBUG_TX][sending to arduino]{wire=H}
[2026-09-25T19:31:32.525+00:00][P1][INFO][DEBUG_TX][sending to arduino]{wire=H}
[2026-09-25T19:31:33.526+00:00][P1][INFO][DEBUG_TX][sending to arduino]{wire=H}
[2026-09-25T19:31:34.526+00:00][P1][INFO][DEBUG_TX][sending to arduino]{wire=H}
[2026-09-25T19:31:35.525+00:00][P1][INFO][DEBUG_TX][sending to arduino]{wire=H}
[2026-09-25T19:31:36.525+00:00][P1][INFO][DEBUG_TX][sending to arduino]{wire=H}
[2026-09-25T19:31:37.527+00:00][P1][INFO][DEBUG_TX][sending to arduino]{wire=H}
[2026-09-25T19:31:38.527+00:00][P1][INFO][DEBUG_TX][sending to arduino]{wire=H}
[2026-09-25T19:31:39.525+00:00][P1][INFO][DEBUG_TX][sending to arduino]{wire=H}
[2026-09-25T19:31:40.525+00:00][P1][INFO][DEBUG_TX][sending to arduino]{wire=H}
[2026-09-25T19:31:41.527+00:00][P1][INFO][DEBUG_TX][sending to arduino]{wire=H}
[2026-09-25T19:31:42.531+00:00][P1][INFO][DEBUG_TX][sending to arduino]{wire=H}
[2026-09-25T19:31:43.525+00:00][P1][INFO][DEBUG_TX][sending to arduino]{wire=H}
[2026-09-25T19:31:44.526+00:00][P1][INFO][DEBUG_TX][sending to arduino]{wire=H}
[2026-09-25T19:31:45.526+00:00][P1][INFO][DEBUG_TX][sending to arduino]{wire=H}
[2026-09-25T19:31:46.526+00:00][P1][INFO][DEBUG_TX][sending to arduino]{wire=H}
[2026-09-25T19:31:47.525+00:00][P1][INFO][DEBUG_TX][sending to arduino]{wire=H}
[2026-09-25T19:31:48.552+00:00][P1][INFO][DEBUG_TX][sending to arduino]{wire=H}
[2026-09-25T19:31:49.530+00:00][P1][INFO][DEBUG_TX][sending to arduino]{wire=H}
[2026-09-25T19:31:50.525+00:00][P1][INFO][DEBUG_TX][sending to arduino]{wire=H}
[2026-09-25T19:31:51.527+00:00][P1][INFO][DEBUG_TX][sending to arduino]{wire=H}
[2026-09-25T19:31:52.527+00:00][P1][INFO][DEBUG_TX][sending to arduino]{wire=H}
[2026-09-25T19:31:53.525+00:00][P1][INFO][DEBUG_TX][sending to arduino]{wire=H}
[2026-09-25T19:31:54.528+00:00][P1][INFO][DEBUG_TX][sending to arduino]{wire=H}
[2026-09-25T19:31:55.526+00:00][P1][INFO][DEBUG_TX][sending to arduino]{wire=H}
[2026-09-25T19:31:56.528+00:00][P1][INFO][DEBUG_TX][sending to arduino]{wire=H}
[2026-09-25T19:31:57.542+00:00][P1][INFO][DEBUG_TX][sending to arduino]{wire=H}
[2026-09-25T19:31:58.526+00:00][P1][INFO][DEBUG_TX][sending to arduino]{wire=H}
[2026-09-25T19:31:59.527+00:00][P1][INFO][DEBUG_TX][sending to arduino]{wire=H}
[2026-09-25T19:32:00.525+00:00][P1][INFO][DEBUG_TX][sending to arduino]{wire=H}
[2026-09-25T19:32:01.526+00:00][P1][INFO][DEBUG_TX][sending to arduino]{wire=H}
[2026-09-25T19:32:02.533+00:00][P1][INFO][DEBUG_TX][sending to arduino]{wire=H}
[2026-09-25T19:32:03.531+00:00][P1][INFO][DEBUG_TX][sending to arduino]{wire=H}
[2026-09-25T19:32:04.526+00:00][P1][INFO][DEBUG_TX][sending to arduino]{wire=H}
[2026-09-25T19:32:05.526+00:00][P1][INFO][DEBUG_TX][sending to arduino]{wire=H}
[2026-09-25T19:32:06.549+00:00][P1][INFO][DEBUG_TX][sending to arduino]{wire=H}
[2026-09-25T19:32:07.527+00:00][P1][INFO][DEBUG_TX][sending to arduino]{wire=H}
[2026-09-25T19:32:08.529+00:00][P1][INFO][DEBUG_TX][sending to arduino]{wire=H}
[2026-09-25T19:32:09.529+00:00][P1][INFO][DEBUG_TX][sending to arduino]{wire=H}
[2026-09-25T19:32:10.529+00:00][P1][INFO][DEBUG_TX][sending to arduino]{wire=H}
[2026-09-25T19:32:11.526+00:00][P1][INFO][DEBUG_TX][sending to arduino]{wire=H}
[2026-09-25T19:32:12.528+00:00][P1][INFO][DEBUG_TX][sending to arduino]{wire=H}
[2026-09-25T19:32:13.529+00:00][P1][INFO][DEBUG_TX][sending to arduino]{wire=H}
[2026-09-25T19:32:14.525+00:00][P1][INFO][DEBUG_TX][sending to arduino]{wire=H}
[2026-09-25T19:32:15.525+00:00][P1][INFO][DEBUG_TX][sending to arduino]{wire=H}
[2026-09-25T19:32:16.529+00:00][P1][INFO][DEBUG_TX][sending to arduino]{wire=H}
[2026-09-25T19:32:17.526+00:00][P1][INFO][DEBUG_TX][sending to arduino]{wire=H}
[2026-09-25T19:32:18.529+00:00][P1][INFO][DEBUG_TX][sending to arduino]{wire=H}
[2026-09-25T19:32:19.528+00:00][P1][INFO][DEBUG_TX][sending to arduino]{wire=H}
[2026-09-25T19:32:20.527+00:00][P1][INFO][DEBUG_TX][sending to arduino]{wire=H}
[2026-09-25T19:32:21.533+00:00][P1][INFO][DEBUG_TX][sending to arduino]{wire=H}
[2026-09-25T19:32:22.603+00:00][P1][INFO][DEBUG_TX][sending to arduino]{wire=H}
[2026-09-25T19:32:23.539+00:00][P1][INFO][DEBUG_TX][sending to arduino]{wire=H}
[2026-09-25T19:32:24.548+00:00][P1][INFO][DEBUG_TX][sending to arduino]{wire=H}
[2026-09-25T19:32:25.543+00:00][P1][INFO][DEBUG_TX][sending to arduino]{wire=H}
[2026-09-25T19:32:26.528+00:00][P1][INFO][DEBUG_TX][sending to arduino]{wire=H}
[2026-09-25T19:32:27.530+00:00][P1][INFO][DEBUG_TX][sending to arduino]{wire=H}
[2026-09-25T19:32:28.546+00:00][P1][INFO][DEBUG_TX][sending to arduino]{wire=H}
[2026-09-25T19:32:29.529+00:00][P1][INFO][DEBUG_TX][sending to arduino]{wire=H}
[2026-09-25T19:32:30.528+00:00][P1][INFO][DEBUG_TX][sending to arduino]{wire=H}
[2026-09-25T19:32:31.531+00:00][P1][INFO][DEBUG_TX][sending to arduino]{wire=H}
[2026-09-25T19:32:32.529+00:00][P1][INFO][DEBUG_TX][sending to arduino]{wire=H}
[2026-09-25T19:32:33.529+00:00][P1][INFO][DEBUG_TX][sending to arduino]{wire=H}
[2026-09-25T19:32:34.530+00:00][P1][INFO][DEBUG_TX][sending to arduino]{wire=H}
[2026-09-25T19:32:35.526+00:00][P1][INFO][DEBUG_TX][sending to arduino]{wire=H}
[2026-09-25T19:32:36.533+00:00][P1][INFO][DEBUG_TX][sending to arduino]{wire=H}
[2026-09-25T19:32:37.530+00:00][P1][INFO][DEBUG_TX][sending to arduino]{wire=H}
[2026-09-25T19:32:38.526+00:00][P1][INFO][DEBUG_TX][sending to arduino]{wire=H}
[2026-09-25T19:32:39.526+00:00][P1][INFO][DEBUG_TX][sending to arduino]{wire=H}
[2026-09-25T19:32:40.529+00:00][P1][INFO][DEBUG_TX][sending to arduino]{wire=H}
[2026-09-25T19:32:41.531+00:00][P1][INFO][DEBUG_TX][sending to arduino]{wire=H}
[2026-09-25T19:32:42.525+00:00][P1][INFO][DEBUG_TX][sending to arduino]{wire=H}
[2026-09-25T19:32:43.533+00:00][P1][INFO][DEBUG_TX][sending to arduino]{wire=H}
[2026-09-25T19:32:44.527+00:00][P1][INFO][DEBUG_TX][sending to arduino]{wire=H}
[2026-09-25T19:32:45.530+00:00][P1][INFO][DEBUG_TX][sending to arduino]{wire=H}
[2026-09-25T19:32:46.527+00:00][P1][INFO][DEBUG_TX][sending to arduino]{wire=H}
[2026-09-25T19:32:47.529+00:00][P1][INFO][DEBUG_TX][sending to arduino]{wire=H}
[2026-09-25T19:32:48.544+00:00][P1][INFO][DEBUG_TX][sending to arduino]{wire=H}
[2026-09-25T19:32:49.533+00:00][P1][INFO][DEBUG_TX][sending to arduino]{wire=H}
[2026-09-25T19:32:50.526+00:00][P1][INFO][DEBUG_TX][sending to arduino]{wire=H}
[2026-09-25T19:32:51.527+00:00][P1][INFO][DEBUG_TX][sending to arduino]{wire=H}
[2026-09-25T19:32:52.529+00:00][P1][INFO][DEBUG_TX][sending to arduino]{wire=H}
[2026-09-25T19:32:53.526+00:00][P1][INFO][DEBUG_TX][sending to arduino]{wire=H}
[2026-09-25T19:32:54.529+00:00][P1][INFO][DEBUG_TX][sending to arduino]{wire=H}
[2026-09-25T19:32:55.526+00:00][P1][INFO][DEBUG_TX][sending to arduino]{wire=H}
[2026-09-25T19:32:56.525+00:00][P1][INFO][DEBUG_TX][sending to arduino]{wire=H}
[2026-09-25T19:32:57.525+00:00][P1][INFO][DEBUG_TX][sending to arduino]{wire=H}
[2026-09-25T19:32:58.527+00:00][P1][INFO][DEBUG_TX][sending to arduino]{wire=H}
[2026-09-25T19:32:59.525+00:00][P1][INFO][DEBUG_TX][sending to arduino]{wire=H}
[2026-09-25T19:33:00.527+00:00][P1][INFO][DEBUG_TX][sending to arduino]{wire=H}
[2026-09-25T19:33:01.526+00:00][P1][INFO][DEBUG_TX][sending to arduino]{wire=H}
[2026-09-25T19:33:02.528+00:00][P1][INFO][DEBUG_TX][sending to arduino]{wire=H}
[2026-09-25T19:33:03.527+00:00][P1][INFO][DEBUG_TX][sending to arduino]{wire=H}
[2026-09-25T19:33:04.526+00:00][P1][INFO][DEBUG_TX][sending to arduino]{wire=H}
[2026-09-25T19:33:05.526+00:00][P1][INFO][DEBUG_TX][sending to arduino]{wire=H}
[2026-09-25T19:33:06.526+00:00][P1][INFO][DEBUG_TX][sending to arduino]{wire=H}
[2026-09-25T19:33:07.527+00:00][P1][INFO][DEBUG_TX][sending to arduino]{wire=H}
[2026-09-25T19:33:08.526+00:00][P1][INFO][DEBUG_TX][sending to arduino]{wire=H}
[2026-09-25T19:33:09.526+00:00][P1][INFO][DEBUG_TX][sending to arduino]{wire=H}
[2026-09-25T19:33:10.527+00:00][P1][INFO][DEBUG_TX][sending to arduino]{wire=H}
[2026-09-25T19:33:11.530+00:00][P1][INFO][DEBUG_TX][sending to arduino]{wire=H}
[2026-09-25T19:33:12.525+00:00][P1][INFO][DEBUG_TX][sending to arduino]{wire=H}
[2026-09-25T19:33:13.527+00:00][P1][INFO][DEBUG_TX][sending to arduino]{wire=H}
[2026-09-25T19:33:14.527+00:00][P1][INFO][DEBUG_TX][sending to arduino]{wire=H}
[2026-09-25T19:33:15.527+00:00][P1][INFO][DEBUG_TX][sending to arduino]{wire=H}
[2026-09-25T19:33:16.529+00:00][P1][INFO][DEBUG_TX][sending to arduino]{wire=H}
[2026-09-25T19:33:17.525+00:00][P1][INFO][DEBUG_TX][sending to arduino]{wire=H}
[2026-09-25T19:33:18.527+00:00][P1][INFO][DEBUG_TX][sending to arduino]{wire=H}
[2026-09-25T19:33:19.528+00:00][P1][INFO][DEBUG_TX][sending to arduino]{wire=H}
[2026-09-25T19:33:20.525+00:00][P1][INFO][DEBUG_TX][sending to arduino]{wire=H}
[2026-09-25T19:33:21.526+00:00][P1][INFO][DEBUG_TX][sending to arduino]{wire=H}
[2026-09-25T19:33:22.529+00:00][P1][INFO][DEBUG_TX][sending to arduino]{wire=H}
[2026-09-25T19:33:23.529+00:00][P1][INFO][DEBUG_TX][sending to arduino]{wire=H}
[2026-09-25T19:33:24.526+00:00][P1][INFO][DEBUG_TX][sending to arduino]{wire=H}
[2026-09-25T19:33:25.525+00:00][P1][INFO][DEBUG_TX][sending to arduino]{wire=H}
[2026-09-25T19:33:26.528+00:00][P1][INFO][DEBUG_TX][sending to arduino]{wire=H}
[2026-09-25T19:33:27.525+00:00][P1][INFO][DEBUG_TX][sending to arduino]{wire=H}
[2026-09-25T19:33:28.530+00:00][P1][INFO][DEBUG_TX][sending to arduino]{wire=H}
[2026-09-25T19:33:29.525+00:00][P1][INFO][DEBUG_TX][sending to arduino]{wire=H}
[2026-09-25T19:33:30.533+00:00][P1][INFO][DEBUG_TX][sending to arduino]{wire=H}
[2026-09-25T19:33:31.526+00:00][P1][INFO][DEBUG_TX][sending to arduino]{wire=H}
[2026-09-25T19:33:32.525+00:00][P1][INFO][DEBUG_TX][sending to arduino]{wire=H}
[2026-09-25T19:33:33.531+00:00][P1][INFO][DEBUG_TX][sending to arduino]{wire=H}
[2026-09-25T19:33:34.526+00:00][P1][INFO][DEBUG_TX][sending to arduino]{wire=H}
[2026-09-25T19:33:35.527+00:00][P1][INFO][DEBUG_TX][sending to arduino]{wire=H}
[2026-09-25T19:33:36.528+00:00][P1][INFO][DEBUG_TX][sending to arduino]{wire=H}
[2026-09-25T19:33:37.608+00:00][P1][INFO][DEBUG_TX][sending to arduino]{wire=H}
[2026-09-25T19:33:38.533+00:00][P1][INFO][DEBUG_TX][sending to arduino]{wire=H}
[2026-09-25T19:33:39.528+00:00][P1][INFO][DEBUG_TX][sending to arduino]{wire=H}
[2026-09-25T19:33:40.529+00:00][P1][INFO][DEBUG_TX][sending to arduino]{wire=H}
[2026-09-25T19:33:41.525+00:00][P1][INFO][DEBUG_TX][sending to arduino]{wire=H}
[2026-09-25T19:33:42.529+00:00][P1][INFO][DEBUG_TX][sending to arduino]{wire=H}
[2026-09-25T19:33:43.533+00:00][P1][INFO][DEBUG_TX][sending to arduino]{wire=H}
[2026-09-25T19:33:44.527+00:00][P1][INFO][DEBUG_TX][sending to arduino]{wire=H}
[2026-09-25T19:33:45.532+00:00][P1][INFO][DEBUG_TX][sending to arduino]{wire=H}
[2026-09-25T19:33:46.526+00:00][P1][INFO][DEBUG_TX][sending to arduino]{wire=H}
[2026-09-25T19:33:47.536+00:00][P1][INFO][DEBUG_TX][sending to arduino]{wire=H}
[2026-09-25T19:33:48.525+00:00][P1][INFO][DEBUG_TX][sending to arduino]{wire=H}
[2026-09-25T19:33:49.525+00:00][P1][INFO][DEBUG_TX][sending to arduino]{wire=H}
[2026-09-25T19:33:50.535+00:00][P1][INFO][DEBUG_TX][sending to arduino]{wire=H}
[2026-09-25T19:33:51.530+00:00][P1][INFO][DEBUG_TX][sending to arduino]{wire=H}
[2026-09-25T19:33:52.528+00:00][P1][INFO][DEBUG_TX][sending to arduino]{wire=H}
[2026-09-25T19:33:53.526+00:00][P1][INFO][DEBUG_TX][sending to arduino]{wire=H}
[2026-09-25T19:33:54.525+00:00][P1][INFO][DEBUG_TX][sending to arduino]{wire=H}
[2026-09-25T19:33:55.526+00:00][P1][INFO][DEBUG_TX][sending to arduino]{wire=H}
[2026-09-25T19:33:56.528+00:00][P1][INFO][DEBUG_TX][sending to arduino]{wire=H}
[2026-09-25T19:33:57.527+00:00][P1][INFO][DEBUG_TX][sending to arduino]{wire=H}
[2026-09-25T19:33:58.528+00:00][P1][INFO][DEBUG_TX][sending to arduino]{wire=H}
[2026-09-25T19:33:59.527+00:00][P1][INFO][DEBUG_TX][sending to arduino]{wire=H}
[2026-09-25T19:34:00.529+00:00][P1][INFO][DEBUG_TX][sending to arduino]{wire=H}
[2026-09-25T19:34:01.530+00:00][P1][INFO][DEBUG_TX][sending to arduino]{wire=H}
[2026-09-25T19:34:02.529+00:00][P1][INFO][DEBUG_TX][sending to arduino]{wire=H}
[2026-09-25T19:34:03.529+00:00][P1][INFO][DEBUG_TX][sending to arduino]{wire=H}
[2026-09-25T19:34:04.526+00:00][P1][INFO][DEBUG_TX][sending to arduino]{wire=H}
[2026-09-25T19:34:05.529+00:00][P1][INFO][DEBUG_TX][sending to arduino]{wire=H}
[2026-09-25T19:34:06.531+00:00][P1][INFO][DEBUG_TX][sending to arduino]{wire=H}
[2026-09-25T19:34:07.535+00:00][P1][INFO][DEBUG_TX][sending to arduino]{wire=H}
[2026-09-25T19:34:08.546+00:00][P1][INFO][DEBUG_TX][sending to arduino]{wire=H}
[2026-09-25T19:34:09.529+00:00][P1][INFO][DEBUG_TX][sending to arduino]{wire=H}
[2026-09-25T19:34:10.529+00:00][P1][INFO][DEBUG_TX][sending to arduino]{wire=H}
[2026-09-25T19:34:11.525+00:00][P1][INFO][DEBUG_TX][sending to arduino]{wire=H}
[2026-09-25T19:34:12.530+00:00][P1][INFO][DEBUG_TX][sending to arduino]{wire=H}
[2026-09-25T19:34:13.625+00:00][P1][INFO][DEBUG_TX][sending to arduino]{wire=H}
[2026-09-25T19:34:14.530+00:00][P1][INFO][DEBUG_TX][sending to arduino]{wire=H}
[2026-09-25T19:34:15.529+00:00][P1][INFO][DEBUG_TX][sending to arduino]{wire=H}
[2026-09-25T19:34:16.528+00:00][P1][INFO][DEBUG_TX][sending to arduino]{wire=H}
[2026-09-25T19:34:17.529+00:00][P1][INFO][DEBUG_TX][sending to arduino]{wire=H}
[2026-09-25T19:34:18.531+00:00][P1][INFO][DEBUG_TX][sending to arduino]{wire=H}
[2026-09-25T19:34:19.610+00:00][P1][INFO][DEBUG_TX][sending to arduino]{wire=H}
[2026-09-25T19:34:20.525+00:00][P1][INFO][DEBUG_TX][sending to arduino]{wire=H}
[2026-09-25T19:34:21.526+00:00][P1][INFO][DEBUG_TX][sending to arduino]{wire=H}
[2026-09-25T19:34:22.527+00:00][P1][INFO][DEBUG_TX][sending to arduino]{wire=H}
[2026-09-25T19:34:23.529+00:00][P1][INFO][DEBUG_TX][sending to arduino]{wire=H}
[2026-09-25T19:34:24.572+00:00][P1][INFO][DEBUG_TX][sending to arduino]{wire=H}
[2026-09-25T19:34:25.580+00:00][P1][INFO][DEBUG_TX][sending to arduino]{wire=H}
[2026-09-25T19:34:26.526+00:00][P1][INFO][DEBUG_TX][sending to arduino]{wire=H}
[2026-09-25T19:34:27.556+00:00][P1][INFO][DEBUG_TX][sending to arduino]{wire=H}
[2026-09-25T19:34:28.526+00:00][P1][INFO][DEBUG_TX][sending to arduino]{wire=H}
[2026-09-25T19:34:29.527+00:00][P1][INFO][DEBUG_TX][sending to arduino]{wire=H}
[2026-09-25T19:34:30.525+00:00][P1][INFO][DEBUG_TX][sending to arduino]{wire=H}
[2026-09-25T19:34:31.525+00:00][P1][INFO][DEBUG_TX][sending to arduino]{wire=H}
[2026-09-25T19:34:32.633+00:00][P1][INFO][DEBUG_TX][sending to arduino]{wire=H}
[2026-09-25T19:34:33.527+00:00][P1][INFO][DEBUG_TX][sending to arduino]{wire=H}
[2026-09-25T19:34:34.602+00:00][P1][INFO][DEBUG_TX][sending to arduino]{wire=H}
[2026-09-25T19:34:35.526+00:00][P1][INFO][DEBUG_TX][sending to arduino]{wire=H}
[2026-09-25T19:34:36.565+00:00][P1][INFO][DEBUG_TX][sending to arduino]{wire=H}
[2026-09-25T19:34:37.526+00:00][P1][INFO][DEBUG_TX][sending to arduino]{wire=H}
[2026-09-25T19:34:38.528+00:00][P1][INFO][DEBUG_TX][sending to arduino]{wire=H}
[2026-09-25T19:34:39.525+00:00][P1][INFO][DEBUG_TX][sending to arduino]{wire=H}
[2026-09-25T19:34:40.526+00:00][P1][INFO][DEBUG_TX][sending to arduino]{wire=H}
[2026-09-25T19:34:41.626+00:00][P1][INFO][DEBUG_TX][sending to arduino]{wire=H}
[2026-09-25T19:34:42.589+00:00][P1][INFO][DEBUG_TX][sending to arduino]{wire=H}
[2026-09-25T19:34:43.961+00:00][P1][INFO][DEBUG_TX][sending to arduino]{wire=H}
[2026-09-25T19:34:44.533+00:00][P1][INFO][DEBUG_TX][sending to arduino]{wire=H}
[2026-09-25T19:34:45.633+00:00][P1][INFO][DEBUG_TX][sending to arduino]{wire=H}
[2026-09-25T19:34:46.588+00:00][P1][INFO][DEBUG_TX][sending to arduino]{wire=H}
[2026-09-25T19:34:47.629+00:00][P1][INFO][DEBUG_TX][sending to arduino]{wire=H}
[2026-09-25T19:34:48.609+00:00][P1][INFO][DEBUG_TX][sending to arduino]{wire=H}
[2026-09-25T19:34:49.641+00:00][P1][INFO][DEBUG_TX][sending to arduino]{wire=H}
[2026-09-25T19:34:50.593+00:00][P1][INFO][DEBUG_TX][sending to arduino]{wire=H}
[2026-09-25T19:34:51.623+00:00][P1][INFO][DEBUG_TX][sending to arduino]{wire=H}
[2026-09-25T19:34:52.541+00:00][P1][INFO][DEBUG_TX][sending to arduino]{wire=H}
[2026-09-25T19:34:53.553+00:00][P1][INFO][DEBUG_TX][sending to arduino]{wire=H}
[2026-09-25T19:34:54.568+00:00][P1][INFO][DEBUG_TX][sending to arduino]{wire=H}
[2026-09-25T19:34:55.558+00:00][P1][INFO][DEBUG_TX][sending to arduino]{wire=H}
[2026-09-25T19:34:56.534+00:00][P1][INFO][DEBUG_TX][sending to arduino]{wire=H}
[2026-09-25T19:34:57.575+00:00][P1][INFO][DEBUG_TX][sending to arduino]{wire=H}
[2026-09-25T19:35:00.421+00:00][P1][INFO][DEBUG_TX][sending to arduino]{wire=H}
[2026-09-25T19:35:00.422+00:00][P1][INFO][DEBUG_TX][sending to arduino]{wire=H}
[2026-09-25T19:35:00.541+00:00][P1][INFO][DEBUG_TX][sending to arduino]{wire=H}
[2026-09-25T19:35:01.100+00:00][P1][INFO][DEBUG_TX][sending to arduino]{wire=H}
[2026-09-25T19:35:01.726+00:00][P1][INFO][DEBUG_TX][sending to arduino]{wire=H}
[2026-09-25T19:35:02.263+00:00][P1][INFO][DEBUG_TX][sending to arduino]{wire=H}
[2026-09-25T19:35:02.707+00:00][P1][INFO][DEBUG_TX][sending to arduino]{wire=H}
[2026-09-25T19:35:03.210+00:00][P1][INFO][DEBUG_TX][sending to arduino]{wire=H}
[2026-09-25T19:35:03.633+00:00][P1][INFO][DEBUG_TX][sending to arduino]{wire=H}
[2026-09-25T19:35:04.507+00:00][P1][INFO][DEBUG_TX][sending to arduino]{wire=H}
[2026-09-25T19:35:04.666+00:00][P1][INFO][DEBUG_TX][sending to arduino]{wire=H}
[2026-09-25T19:35:05.265+00:00][P1][INFO][DEBUG_TX][sending to arduino]{wire=H}
[2026-09-25T19:35:05.596+00:00][P1][INFO][DEBUG_TX][sending to arduino]{wire=H}
[2026-09-25T19:35:06.130+00:00][P1][INFO][DEBUG_TX][sending to arduino]{wire=H}
[2026-09-25T19:35:06.595+00:00][P1][INFO][DEBUG_TX][sending to arduino]{wire=H}
[2026-09-25T19:35:07.224+00:00][P1][INFO][DEBUG_TX][sending to arduino]{wire=H}
[2026-09-25T19:35:07.639+00:00][P1][INFO][DEBUG_TX][sending to arduino]{wire=H}
[2026-09-25T19:35:08.252+00:00][P1][INFO][DEBUG_TX][sending to arduino]{wire=H}
[2026-09-25T19:35:08.751+00:00][P1][INFO][DEBUG_TX][sending to arduino]{wire=H}
[2026-09-25T19:35:09.137+00:00][P1][INFO][DEBUG_TX][sending to arduino]{wire=H}
[2026-09-25T19:35:09.629+00:00][P1][INFO][DEBUG_TX][sending to arduino]{wire=H}
[2026-09-25T19:35:10.151+00:00][P1][INFO][DEBUG_TX][sending to arduino]{wire=H}
[2026-09-25T19:35:10.665+00:00][P1][INFO][DEBUG_TX][sending to arduino]{wire=H}
[2026-09-25T19:35:11.226+00:00][P1][INFO][DEBUG_TX][sending to arduino]{wire=H}
[2026-09-25T19:35:11.609+00:00][P1][INFO][DEBUG_TX][sending to arduino]{wire=H}
[2026-09-25T19:35:12.122+00:00][P1][INFO][DEBUG_TX][sending to arduino]{wire=H}
[2026-09-25T19:35:12.697+00:00][P1][INFO][DEBUG_TX][sending to arduino]{wire=H}
[2026-09-25T19:35:13.257+00:00][P1][INFO][DEBUG_TX][sending to arduino]{wire=H}
[2026-09-25T19:35:13.685+00:00][P1][INFO][DEBUG_TX][sending to arduino]{wire=H}
[2026-09-25T19:35:14.183+00:00][P1][INFO][DEBUG_TX][sending to arduino]{wire=H}
[2026-09-25T19:35:14.813+00:00][P1][INFO][DEBUG_TX][sending to arduino]{wire=H}
[2026-09-25T19:35:15.199+00:00][P1][INFO][DEBUG_TX][sending to arduino]{wire=H}
[2026-09-25T19:35:15.595+00:00][P1][INFO][DEBUG_TX][sending to arduino]{wire=H}
[2026-09-25T19:35:16.247+00:00][P1][INFO][DEBUG_TX][sending to arduino]{wire=H}
[2026-09-25T19:35:16.605+00:00][P1][INFO][DEBUG_TX][sending to arduino]{wire=H}
[2026-09-25T19:35:17.107+00:00][P1][INFO][DEBUG_TX][sending to arduino]{wire=H}
[2026-09-25T19:35:17.597+00:00][P1][INFO][DEBUG_TX][sending to arduino]{wire=H}
[2026-09-25T19:35:18.281+00:00][P1][INFO][DEBUG_TX][sending to arduino]{wire=H}
[2026-09-25T19:35:18.632+00:00][P1][INFO][DEBUG_TX][sending to arduino]{wire=H}
[2026-09-25T19:35:19.115+00:00][P1][INFO][DEBUG_TX][sending to arduino]{wire=H}
[2026-09-25T19:35:19.606+00:00][P1][INFO][DEBUG_TX][sending to arduino]{wire=H}
[2026-09-25T19:35:20.106+00:00][P1][INFO][DEBUG_TX][sending to arduino]{wire=H}
[2026-09-25T19:35:20.593+00:00][P1][INFO][DEBUG_TX][sending to arduino]{wire=H}
[2026-09-25T19:35:21.114+00:00][P1][INFO][DEBUG_TX][sending to arduino]{wire=H}
[2026-09-25T19:35:21.593+00:00][P1][INFO][DEBUG_TX][sending to arduino]{wire=H}
[2026-09-25T19:35:22.093+00:00][P1][INFO][DEBUG_TX][sending to arduino]{wire=H}
[2026-09-25T19:35:22.593+00:00][P1][INFO][DEBUG_TX][sending to arduino]{wire=H}
[2026-09-25T19:35:23.113+00:00][P1][INFO][DEBUG_TX][sending to arduino]{wire=H}
[2026-09-25T19:35:23.593+00:00][P1][INFO][DEBUG_TX][sending to arduino]{wire=H}
[2026-09-25T19:35:24.098+00:00][P1][INFO][DEBUG_TX][sending to arduino]{wire=H}
[2026-09-25T19:35:24.593+00:00][P1][INFO][DEBUG_TX][sending to arduino]{wire=H}
[2026-09-25T19:35:25.102+00:00][P1][INFO][DEBUG_TX][sending to arduino]{wire=H}
[2026-09-25T19:35:25.593+00:00][P1][INFO][DEBUG_TX][sending to arduino]{wire=H}
[2026-09-25T19:35:26.100+00:00][P1][INFO][DEBUG_TX][sending to arduino]{wire=H}
[2026-09-25T19:35:26.593+00:00][P1][INFO][DEBUG_TX][sending to arduino]{wire=H}
[2026-09-25T19:35:27.103+00:00][P1][INFO][DEBUG_TX][sending to arduino]{wire=H}
[2026-09-25T19:35:27.594+00:00][P1][INFO][DEBUG_TX][sending to arduino]{wire=H}
[2026-09-25T19:35:28.112+00:00][P1][INFO][DEBUG_TX][sending to arduino]{wire=H}
[2026-09-25T19:35:28.592+00:00][P1][INFO][DEBUG_TX][sending to arduino]{wire=H}
[2026-09-25T19:35:29.154+00:00][P1][INFO][DEBUG_TX][sending to arduino]{wire=H}
[2026-09-25T19:35:29.593+00:00][P1][INFO][DEBUG_TX][sending to arduino]{wire=H}
[2026-09-25T19:35:30.126+00:00][P1][INFO][DEBUG_TX][sending to arduino]{wire=H}
[2026-09-25T19:35:30.598+00:00][P1][INFO][DEBUG_TX][sending to arduino]{wire=H}
[2026-09-25T19:35:31.101+00:00][P1][INFO][DEBUG_TX][sending to arduino]{wire=H}
[2026-09-25T19:35:31.593+00:00][P1][INFO][DEBUG_TX][sending to arduino]{wire=H}
[2026-09-25T19:35:32.226+00:00][P1][INFO][DEBUG_TX][sending to arduino]{wire=H}
[2026-09-25T19:35:32.593+00:00][P1][INFO][DEBUG_TX][sending to arduino]{wire=H}
[2026-09-25T19:35:33.094+00:00][P1][INFO][DEBUG_TX][sending to arduino]{wire=H}
[2026-09-25T19:35:33.592+00:00][P1][INFO][DEBUG_TX][sending to arduino]{wire=H}
[2026-09-25T19:35:34.133+00:00][P1][INFO][DEBUG_TX][sending to arduino]{wire=H}
[2026-09-25T19:35:34.593+00:00][P1][INFO][DEBUG_TX][sending to arduino]{wire=H}
[2026-09-25T19:35:35.132+00:00][P1][INFO][DEBUG_TX][sending to arduino]{wire=H}
[2026-09-25T19:35:35.596+00:00][P1][INFO][DEBUG_TX][sending to arduino]{wire=H}
[2026-09-25T19:35:36.016+00:00][P1][INFO][DEBUG_TX][sending to arduino]{wire=F120}
[2026-09-25T19:35:36.107+00:00][P1][INFO][DEBUG_TX][sending to arduino]{wire=H}
[2026-09-25T19:35:36.593+00:00][P1][INFO][DEBUG_TX][sending to arduino]{wire=H}
[2026-09-25T19:35:37.100+00:00][P1][INFO][DEBUG_TX][sending to arduino]{wire=H}
[2026-09-25T19:35:37.594+00:00][P1][INFO][DEBUG_TX][sending to arduino]{wire=H}
[2026-09-25T19:35:38.094+00:00][P1][INFO][DEBUG_TX][sending to arduino]{wire=H}
[2026-09-25T19:35:38.597+00:00][P1][INFO][DEBUG_TX][sending to arduino]{wire=H}
[2026-09-25T19:35:39.127+00:00][P1][INFO][DEBUG_TX][sending to arduino]{wire=H}
[2026-09-25T19:35:39.593+00:00][P1][INFO][DEBUG_TX][sending to arduino]{wire=H}
[2026-09-25T19:35:40.104+00:00][P1][INFO][DEBUG_TX][sending to arduino]{wire=H}
[2026-09-25T19:35:40.593+00:00][P1][INFO][DEBUG_TX][sending to arduino]{wire=H}
[2026-09-25T19:35:41.116+00:00][P1][INFO][DEBUG_TX][sending to arduino]{wire=H}
[2026-09-25T19:35:41.593+00:00][P1][INFO][DEBUG_TX][sending to arduino]{wire=H}
[2026-09-25T19:35:42.115+00:00][P1][INFO][DEBUG_TX][sending to arduino]{wire=H}
[2026-09-25T19:35:42.593+00:00][P1][INFO][DEBUG_TX][sending to arduino]{wire=H}
[2026-09-25T19:35:43.093+00:00][P1][INFO][DEBUG_TX][sending to arduino]{wire=H}
[2026-09-25T19:35:43.165+00:00][P1][INFO][DEBUG_TX][sending to arduino]{wire=S}
[2026-09-25T19:35:43.597+00:00][P1][INFO][DEBUG_TX][sending to arduino]{wire=H}
[2026-09-25T19:35:44.057+00:00][P1][INFO][DEBUG_TX][sending to arduino]{wire=S}
[2026-09-25T19:35:44.110+00:00][P1][INFO][DEBUG_TX][sending to arduino]{wire=H}
[2026-09-25T19:35:44.162+00:00][P1][INFO][DEBUG_TX][sending to arduino]{wire=F120}
[2026-09-25T19:35:44.592+00:00][P1][INFO][DEBUG_TX][sending to arduino]{wire=H}
[2026-09-25T19:35:44.744+00:00][P1][INFO][DEBUG_TX][sending to arduino]{wire=S}
[2026-09-25T19:35:45.116+00:00][P1][INFO][DEBUG_TX][sending to arduino]{wire=H}
[2026-09-25T19:35:45.465+00:00][P1][INFO][DEBUG_TX][sending to arduino]{wire=S}
[2026-09-25T19:35:45.563+00:00][P1][INFO][DEBUG_TX][sending to arduino]{wire=F120}
[2026-09-25T19:35:45.593+00:00][P1][INFO][DEBUG_TX][sending to arduino]{wire=H}
[2026-09-25T19:35:46.099+00:00][P1][INFO][DEBUG_TX][sending to arduino]{wire=H}
[2026-09-25T19:35:46.597+00:00][P1][INFO][DEBUG_TX][sending to arduino]{wire=H}
[2026-09-25T19:35:47.107+00:00][P1][INFO][DEBUG_TX][sending to arduino]{wire=H}
[2026-09-25T19:35:47.259+00:00][P1][INFO][DEBUG_TX][sending to arduino]{wire=S}
[2026-09-25T19:35:47.595+00:00][P1][INFO][DEBUG_TX][sending to arduino]{wire=H}
[2026-09-25T19:35:48.113+00:00][P1][INFO][DEBUG_TX][sending to arduino]{wire=H}
[2026-09-25T19:35:48.593+00:00][P1][INFO][DEBUG_TX][sending to arduino]{wire=H}
[2026-09-25T19:35:49.104+00:00][P1][INFO][DEBUG_TX][sending to arduino]{wire=H}
[2026-09-25T19:35:49.594+00:00][P1][INFO][DEBUG_TX][sending to arduino]{wire=H}
[2026-09-25T19:35:50.296+00:00][P1][INFO][DEBUG_TX][sending to arduino]{wire=H}
[2026-09-25T19:35:50.598+00:00][P1][INFO][DEBUG_TX][sending to arduino]{wire=H}
[2026-09-25T19:35:51.129+00:00][P1][INFO][DEBUG_TX][sending to arduino]{wire=H}
[2026-09-25T19:35:51.593+00:00][P1][INFO][DEBUG_TX][sending to arduino]{wire=H}
[2026-09-25T19:35:52.092+00:00][P1][INFO][DEBUG_TX][sending to arduino]{wire=H}
[2026-09-25T19:35:52.593+00:00][P1][INFO][DEBUG_TX][sending to arduino]{wire=H}
[2026-09-25T19:35:53.093+00:00][P1][INFO][DEBUG_TX][sending to arduino]{wire=H}
[2026-09-25T19:35:53.593+00:00][P1][INFO][DEBUG_TX][sending to arduino]{wire=H}
[2026-09-25T19:35:54.096+00:00][P1][INFO][DEBUG_TX][sending to arduino]{wire=H}
[2026-09-25T19:35:54.595+00:00][P1][INFO][DEBUG_TX][sending to arduino]{wire=H}
[2026-09-25T19:35:55.102+00:00][P1][INFO][DEBUG_TX][sending to arduino]{wire=H}
[2026-09-25T19:35:55.593+00:00][P1][INFO][DEBUG_TX][sending to arduino]{wire=H}
[2026-09-25T19:35:56.126+00:00][P1][INFO][DEBUG_TX][sending to arduino]{wire=H}
[2026-09-25T19:35:56.595+00:00][P1][INFO][DEBUG_TX][sending to arduino]{wire=H}
[2026-09-25T19:35:57.114+00:00][P1][INFO][DEBUG_TX][sending to arduino]{wire=H}
[2026-09-25T19:35:57.597+00:00][P1][INFO][DEBUG_TX][sending to arduino]{wire=H}
[2026-09-25T19:35:58.117+00:00][P1][INFO][DEBUG_TX][sending to arduino]{wire=H}
[2026-09-25T19:35:58.599+00:00][P1][INFO][DEBUG_TX][sending to arduino]{wire=H}
[2026-09-25T19:35:59.101+00:00][P1][INFO][DEBUG_TX][sending to arduino]{wire=H}
[2026-09-25T19:35:59.600+00:00][P1][INFO][DEBUG_TX][sending to arduino]{wire=H}
[2026-09-25T19:36:00.167+00:00][P1][INFO][DEBUG_TX][sending to arduino]{wire=H}
[2026-09-25T19:36:00.610+00:00][P1][INFO][DEBUG_TX][sending to arduino]{wire=H}
[2026-09-25T19:36:01.114+00:00][P1][INFO][DEBUG_TX][sending to arduino]{wire=H}
[2026-09-25T19:36:01.593+00:00][P1][INFO][DEBUG_TX][sending to arduino]{wire=H}
[2026-09-25T19:36:02.126+00:00][P1][INFO][DEBUG_TX][sending to arduino]{wire=H}
[2026-09-25T19:36:02.593+00:00][P1][INFO][DEBUG_TX][sending to arduino]{wire=H}
[2026-09-25T19:36:03.140+00:00][P1][INFO][DEBUG_TX][sending to arduino]{wire=H}
[2026-09-25T19:36:03.596+00:00][P1][INFO][DEBUG_TX][sending to arduino]{wire=H}
[2026-09-25T19:36:04.122+00:00][P1][INFO][DEBUG_TX][sending to arduino]{wire=H}
[2026-09-25T19:36:04.609+00:00][P1][INFO][DEBUG_TX][sending to arduino]{wire=H}
[2026-09-25T19:36:05.162+00:00][P1][INFO][DEBUG_TX][sending to arduino]{wire=H}
[2026-09-25T19:36:05.595+00:00][P1][INFO][DEBUG_TX][sending to arduino]{wire=H}
[2026-09-25T19:36:06.199+00:00][P1][INFO][DEBUG_TX][sending to arduino]{wire=H}
[2026-09-25T19:36:06.593+00:00][P1][INFO][DEBUG_TX][sending to arduino]{wire=H}
[2026-09-25T19:36:07.102+00:00][P1][INFO][DEBUG_TX][sending to arduino]{wire=H}
[2026-09-25T19:36:07.594+00:00][P1][INFO][DEBUG_TX][sending to arduino]{wire=H}
[2026-09-25T19:36:08.145+00:00][P1][INFO][DEBUG_TX][sending to arduino]{wire=H}
[2026-09-25T19:36:08.592+00:00][P1][INFO][DEBUG_TX][sending to arduino]{wire=H}
[2026-09-25T19:36:09.112+00:00][P1][INFO][DEBUG_TX][sending to arduino]{wire=H}
[2026-09-25T19:36:09.593+00:00][P1][INFO][DEBUG_TX][sending to arduino]{wire=H}
[2026-09-25T19:36:10.133+00:00][P1][INFO][DEBUG_TX][sending to arduino]{wire=H}
[2026-09-25T19:36:10.593+00:00][P1][INFO][DEBUG_TX][sending to arduino]{wire=H}
[2026-09-25T19:36:11.099+00:00][P1][INFO][DEBUG_TX][sending to arduino]{wire=H}
[2026-09-25T19:36:11.593+00:00][P1][INFO][DEBUG_TX][sending to arduino]{wire=H}
[2026-09-25T19:36:12.108+00:00][P1][INFO][DEBUG_TX][sending to arduino]{wire=H}
[2026-09-25T19:36:12.593+00:00][P1][INFO][DEBUG_TX][sending to arduino]{wire=H}
[2026-09-25T19:36:13.110+00:00][P1][INFO][DEBUG_TX][sending to arduino]{wire=H}
[2026-09-25T19:36:13.594+00:00][P1][INFO][DEBUG_TX][sending to arduino]{wire=H}
[2026-09-25T19:36:14.123+00:00][P1][INFO][DEBUG_TX][sending to arduino]{wire=H}
[2026-09-25T19:36:14.596+00:00][P1][INFO][DEBUG_TX][sending to arduino]{wire=H}
[2026-09-25T19:36:15.105+00:00][P1][INFO][DEBUG_TX][sending to arduino]{wire=H}
[2026-09-25T19:36:15.593+00:00][P1][INFO][DEBUG_TX][sending to arduino]{wire=H}
[2026-09-25T19:36:16.119+00:00][P1][INFO][DEBUG_TX][sending to arduino]{wire=H}
[2026-09-25T19:36:16.593+00:00][P1][INFO][DEBUG_TX][sending to arduino]{wire=H}
[2026-09-25T19:36:17.099+00:00][P1][INFO][DEBUG_TX][sending to arduino]{wire=H}
[2026-09-25T19:36:17.594+00:00][P1][INFO][DEBUG_TX][sending to arduino]{wire=H}
[2026-09-25T19:36:18.094+00:00][P1][INFO][DEBUG_TX][sending to arduino]{wire=H}
[2026-09-25T19:36:18.593+00:00][P1][INFO][DEBUG_TX][sending to arduino]{wire=H}
[2026-09-25T19:36:19.128+00:00][P1][INFO][DEBUG_TX][sending to arduino]{wire=H}
[2026-09-25T19:36:19.593+00:00][P1][INFO][DEBUG_TX][sending to arduino]{wire=H}
[2026-09-25T19:36:20.094+00:00][P1][INFO][DEBUG_TX][sending to arduino]{wire=H}
[2026-09-25T19:36:20.593+00:00][P1][INFO][DEBUG_TX][sending to arduino]{wire=H}
[2026-09-25T19:36:21.111+00:00][P1][INFO][DEBUG_TX][sending to arduino]{wire=H}
[2026-09-25T19:36:21.593+00:00][P1][INFO][DEBUG_TX][sending to arduino]{wire=H}
[2026-09-25T19:36:22.092+00:00][P1][INFO][DEBUG_TX][sending to arduino]{wire=H}
[2026-09-25T19:36:22.601+00:00][P1][INFO][DEBUG_TX][sending to arduino]{wire=H}
[2026-09-25T19:36:23.113+00:00][P1][INFO][DEBUG_TX][sending to arduino]{wire=H}
[2026-09-25T19:36:23.593+00:00][P1][INFO][DEBUG_TX][sending to arduino]{wire=H}
[2026-09-25T19:36:24.117+00:00][P1][INFO][DEBUG_TX][sending to arduino]{wire=H}
[2026-09-25T19:36:24.596+00:00][P1][INFO][DEBUG_TX][sending to arduino]{wire=H}
[2026-09-25T19:36:25.092+00:00][P1][INFO][DEBUG_TX][sending to arduino]{wire=H}
[2026-09-25T19:36:25.593+00:00][P1][INFO][DEBUG_TX][sending to arduino]{wire=H}
[2026-09-25T19:36:26.106+00:00][P1][INFO][DEBUG_TX][sending to arduino]{wire=H}
[2026-09-25T19:36:26.593+00:00][P1][INFO][DEBUG_TX][sending to arduino]{wire=H}
[2026-09-25T19:36:27.094+00:00][P1][INFO][DEBUG_TX][sending to arduino]{wire=H}
[2026-09-25T19:36:27.593+00:00][P1][INFO][DEBUG_TX][sending to arduino]{wire=H}
[2026-09-25T19:36:28.117+00:00][P1][INFO][DEBUG_TX][sending to arduino]{wire=H}
[2026-09-25T19:36:28.593+00:00][P1][INFO][DEBUG_TX][sending to arduino]{wire=H}
[2026-09-25T19:36:29.122+00:00][P1][INFO][DEBUG_TX][sending to arduino]{wire=H}
[2026-09-25T19:36:29.593+00:00][P1][INFO][DEBUG_TX][sending to arduino]{wire=H}
[2026-09-25T19:36:30.093+00:00][P1][INFO][DEBUG_TX][sending to arduino]{wire=H}
[2026-09-25T19:36:30.594+00:00][P1][INFO][DEBUG_TX][sending to arduino]{wire=H}
[2026-09-25T19:36:31.104+00:00][P1][INFO][DEBUG_TX][sending to arduino]{wire=H}
[2026-09-25T19:36:31.594+00:00][P1][INFO][DEBUG_TX][sending to arduino]{wire=H}
[2026-09-25T19:36:32.102+00:00][P1][INFO][DEBUG_TX][sending to arduino]{wire=H}
[2026-09-25T19:36:32.594+00:00][P1][INFO][DEBUG_TX][sending to arduino]{wire=H}
[2026-09-25T19:36:33.095+00:00][P1][INFO][DEBUG_TX][sending to arduino]{wire=H}
[2026-09-25T19:36:33.593+00:00][P1][INFO][DEBUG_TX][sending to arduino]{wire=H}
[2026-09-25T19:36:34.122+00:00][P1][INFO][DEBUG_TX][sending to arduino]{wire=H}
[2026-09-25T19:36:34.593+00:00][P1][INFO][DEBUG_TX][sending to arduino]{wire=H}
[2026-09-25T19:36:35.118+00:00][P1][INFO][DEBUG_TX][sending to arduino]{wire=H}
[2026-09-25T19:36:35.598+00:00][P1][INFO][DEBUG_TX][sending to arduino]{wire=H}
[2026-09-25T19:36:36.093+00:00][P1][INFO][DEBUG_TX][sending to arduino]{wire=H}
[2026-09-25T19:36:36.594+00:00][P1][INFO][DEBUG_TX][sending to arduino]{wire=H}
[2026-09-25T19:36:37.111+00:00][P1][INFO][DEBUG_TX][sending to arduino]{wire=H}
[2026-09-25T19:36:37.593+00:00][P1][INFO][DEBUG_TX][sending to arduino]{wire=H}
[2026-09-25T19:36:38.103+00:00][P1][INFO][DEBUG_TX][sending to arduino]{wire=H}
[2026-09-25T19:36:38.593+00:00][P1][INFO][DEBUG_TX][sending to arduino]{wire=H}
[2026-09-25T19:36:39.107+00:00][P1][INFO][DEBUG_TX][sending to arduino]{wire=H}
[2026-09-25T19:36:39.595+00:00][P1][INFO][DEBUG_TX][sending to arduino]{wire=H}
[2026-09-25T19:36:40.120+00:00][P1][INFO][DEBUG_TX][sending to arduino]{wire=H}
[2026-09-25T19:36:40.593+00:00][P1][INFO][DEBUG_TX][sending to arduino]{wire=H}
[2026-09-25T19:36:41.120+00:00][P1][INFO][DEBUG_TX][sending to arduino]{wire=H}
[2026-09-25T19:36:41.594+00:00][P1][INFO][DEBUG_TX][sending to arduino]{wire=H}
[2026-09-25T19:36:42.099+00:00][P1][INFO][DEBUG_TX][sending to arduino]{wire=H}
[2026-09-25T19:36:42.593+00:00][P1][INFO][DEBUG_TX][sending to arduino]{wire=H}
[2026-09-25T19:36:43.093+00:00][P1][INFO][DEBUG_TX][sending to arduino]{wire=H}
[2026-09-25T19:36:43.593+00:00][P1][INFO][DEBUG_TX][sending to arduino]{wire=H}
[2026-09-25T19:36:44.107+00:00][P1][INFO][DEBUG_TX][sending to arduino]{wire=H}
[2026-09-25T19:36:44.593+00:00][P1][INFO][DEBUG_TX][sending to arduino]{wire=H}
[2026-09-25T19:36:45.097+00:00][P1][INFO][DEBUG_TX][sending to arduino]{wire=H}
[2026-09-25T19:36:45.593+00:00][P1][INFO][DEBUG_TX][sending to arduino]{wire=H}
[2026-09-25T19:36:46.111+00:00][P1][INFO][DEBUG_TX][sending to arduino]{wire=H}
[2026-09-25T19:36:46.593+00:00][P1][INFO][DEBUG_TX][sending to arduino]{wire=H}
[2026-09-25T19:36:47.101+00:00][P1][INFO][DEBUG_TX][sending to arduino]{wire=H}
[2026-09-25T19:36:47.598+00:00][P1][INFO][DEBUG_TX][sending to arduino]{wire=H}
[2026-09-25T19:36:48.129+00:00][P1][INFO][DEBUG_TX][sending to arduino]{wire=H}
[2026-09-25T19:36:48.598+00:00][P1][INFO][DEBUG_TX][sending to arduino]{wire=H}
[2026-09-25T19:36:49.106+00:00][P1][INFO][DEBUG_TX][sending to arduino]{wire=H}
[2026-09-25T19:36:49.593+00:00][P1][INFO][DEBUG_TX][sending to arduino]{wire=H}
[2026-09-25T19:36:50.101+00:00][P1][INFO][DEBUG_TX][sending to arduino]{wire=H}
[2026-09-25T19:36:50.593+00:00][P1][INFO][DEBUG_TX][sending to arduino]{wire=H}
[2026-09-25T19:36:51.170+00:00][P1][INFO][DEBUG_TX][sending to arduino]{wire=H}
[2026-09-25T19:36:51.593+00:00][P1][INFO][DEBUG_TX][sending to arduino]{wire=H}
[2026-09-25T19:36:52.095+00:00][P1][INFO][DEBUG_TX][sending to arduino]{wire=H}
[2026-09-25T19:36:52.593+00:00][P1][INFO][DEBUG_TX][sending to arduino]{wire=H}
[2026-09-25T19:36:53.125+00:00][P1][INFO][DEBUG_TX][sending to arduino]{wire=H}
[2026-09-25T19:36:53.593+00:00][P1][INFO][DEBUG_TX][sending to arduino]{wire=H}
[2026-09-25T19:36:54.129+00:00][P1][INFO][DEBUG_TX][sending to arduino]{wire=H}
[2026-09-25T19:36:54.612+00:00][P1][INFO][DEBUG_TX][sending to arduino]{wire=H}
[2026-09-25T19:36:55.105+00:00][P1][INFO][DEBUG_TX][sending to arduino]{wire=H}
[2026-09-25T19:36:55.596+00:00][P1][INFO][DEBUG_TX][sending to arduino]{wire=H}
[2026-09-25T19:36:56.104+00:00][P1][INFO][DEBUG_TX][sending to arduino]{wire=H}
[2026-09-25T19:36:56.592+00:00][P1][INFO][DEBUG_TX][sending to arduino]{wire=H}
[2026-09-25T19:36:57.105+00:00][P1][INFO][DEBUG_TX][sending to arduino]{wire=H}
[2026-09-25T19:36:57.593+00:00][P1][INFO][DEBUG_TX][sending to arduino]{wire=H}
[2026-09-25T19:36:58.104+00:00][P1][INFO][DEBUG_TX][sending to arduino]{wire=H}
[2026-09-25T19:36:58.594+00:00][P1][INFO][DEBUG_TX][sending to arduino]{wire=H}
[2026-09-25T19:36:59.093+00:00][P1][INFO][DEBUG_TX][sending to arduino]{wire=H}
[2026-09-25T19:36:59.593+00:00][P1][INFO][DEBUG_TX][sending to arduino]{wire=H}
[2026-09-25T19:37:00.097+00:00][P1][INFO][DEBUG_TX][sending to arduino]{wire=H}
[2026-09-25T19:37:00.603+00:00][P1][INFO][DEBUG_TX][sending to arduino]{wire=H}
[2026-09-25T19:37:01.122+00:00][P1][INFO][DEBUG_TX][sending to arduino]{wire=H}
[2026-09-25T19:37:01.593+00:00][P1][INFO][DEBUG_TX][sending to arduino]{wire=H}
[2026-09-25T19:37:02.102+00:00][P1][INFO][DEBUG_TX][sending to arduino]{wire=H}
[2026-09-25T19:37:02.593+00:00][P1][INFO][DEBUG_TX][sending to arduino]{wire=H}
[2026-09-25T19:37:03.106+00:00][P1][INFO][DEBUG_TX][sending to arduino]{wire=H}
[2026-09-25T19:37:03.593+00:00][P1][INFO][DEBUG_TX][sending to arduino]{wire=H}
[2026-09-25T19:37:04.107+00:00][P1][INFO][DEBUG_TX][sending to arduino]{wire=H}
[2026-09-25T19:37:04.594+00:00][P1][INFO][DEBUG_TX][sending to arduino]{wire=H}
[2026-09-25T19:37:05.092+00:00][P1][INFO][DEBUG_TX][sending to arduino]{wire=H}
[2026-09-25T19:37:05.594+00:00][P1][INFO][DEBUG_TX][sending to arduino]{wire=H}
[2026-09-25T19:37:06.098+00:00][P1][INFO][DEBUG_TX][sending to arduino]{wire=H}
[2026-09-25T19:37:06.597+00:00][P1][INFO][DEBUG_TX][sending to arduino]{wire=H}
[2026-09-25T19:37:07.121+00:00][P1][INFO][DEBUG_TX][sending to arduino]{wire=H}
[2026-09-25T19:37:07.594+00:00][P1][INFO][DEBUG_TX][sending to arduino]{wire=H}
[2026-09-25T19:37:08.098+00:00][P1][INFO][DEBUG_TX][sending to arduino]{wire=H}
[2026-09-25T19:37:08.593+00:00][P1][INFO][DEBUG_TX][sending to arduino]{wire=H}
[2026-09-25T19:37:09.134+00:00][P1][INFO][DEBUG_TX][sending to arduino]{wire=H}
[2026-09-25T19:37:09.593+00:00][P1][INFO][DEBUG_TX][sending to arduino]{wire=H}
[2026-09-25T19:37:10.093+00:00][P1][INFO][DEBUG_TX][sending to arduino]{wire=H}
[2026-09-25T19:37:10.593+00:00][P1][INFO][DEBUG_TX][sending to arduino]{wire=H}
[2026-09-25T19:37:11.103+00:00][P1][INFO][DEBUG_TX][sending to arduino]{wire=H}
[2026-09-25T19:37:11.593+00:00][P1][INFO][DEBUG_TX][sending to arduino]{wire=H}
[2026-09-25T19:37:12.102+00:00][P1][INFO][DEBUG_TX][sending to arduino]{wire=H}
[2026-09-25T19:37:12.594+00:00][P1][INFO][DEBUG_TX][sending to arduino]{wire=H}
[2026-09-25T19:37:13.105+00:00][P1][INFO][DEBUG_TX][sending to arduino]{wire=H}
[2026-09-25T19:37:13.593+00:00][P1][INFO][DEBUG_TX][sending to arduino]{wire=H}
[2026-09-25T19:37:14.111+00:00][P1][INFO][DEBUG_TX][sending to arduino]{wire=H}
[2026-09-25T19:37:14.593+00:00][P1][INFO][DEBUG_TX][sending to arduino]{wire=H}
[2026-09-25T19:37:15.106+00:00][P1][INFO][DEBUG_TX][sending to arduino]{wire=H}
[2026-09-25T19:37:15.593+00:00][P1][INFO][DEBUG_TX][sending to arduino]{wire=H}
[2026-09-25T19:37:16.100+00:00][P1][INFO][DEBUG_TX][sending to arduino]{wire=H}
[2026-09-25T19:37:16.593+00:00][P1][INFO][DEBUG_TX][sending to arduino]{wire=H}
[2026-09-25T19:37:17.097+00:00][P1][INFO][DEBUG_TX][sending to arduino]{wire=H}
[2026-09-25T19:37:17.593+00:00][P1][INFO][DEBUG_TX][sending to arduino]{wire=H}
[2026-09-25T19:37:18.173+00:00][P1][INFO][DEBUG_TX][sending to arduino]{wire=H}
[2026-09-25T19:37:18.593+00:00][P1][INFO][DEBUG_TX][sending to arduino]{wire=H}
[2026-09-25T19:37:19.096+00:00][P1][INFO][DEBUG_TX][sending to arduino]{wire=H}
[2026-09-25T19:37:19.594+00:00][P1][INFO][DEBUG_TX][sending to arduino]{wire=H}
[2026-09-25T19:37:20.110+00:00][P1][INFO][DEBUG_TX][sending to arduino]{wire=H}
[2026-09-25T19:37:20.593+00:00][P1][INFO][DEBUG_TX][sending to arduino]{wire=H}
[2026-09-25T19:37:21.110+00:00][P1][INFO][DEBUG_TX][sending to arduino]{wire=H}
[2026-09-25T19:37:21.592+00:00][P1][INFO][DEBUG_TX][sending to arduino]{wire=H}
[2026-09-25T19:37:22.104+00:00][P1][INFO][DEBUG_TX][sending to arduino]{wire=H}
[2026-09-25T19:37:22.593+00:00][P1][INFO][DEBUG_TX][sending to arduino]{wire=H}
[2026-09-25T19:37:23.118+00:00][P1][INFO][DEBUG_TX][sending to arduino]{wire=H}
[2026-09-25T19:37:23.593+00:00][P1][INFO][DEBUG_TX][sending to arduino]{wire=H}
[2026-09-25T19:37:24.093+00:00][P1][INFO][DEBUG_TX][sending to arduino]{wire=H}
[2026-09-25T19:37:24.592+00:00][P1][INFO][DEBUG_TX][sending to arduino]{wire=H}
[2026-09-25T19:37:25.104+00:00][P1][INFO][DEBUG_TX][sending to arduino]{wire=H}
[2026-09-25T19:37:25.595+00:00][P1][INFO][DEBUG_TX][sending to arduino]{wire=H}
[2026-09-25T19:37:26.102+00:00][P1][INFO][DEBUG_TX][sending to arduino]{wire=H}
[2026-09-25T19:37:26.593+00:00][P1][INFO][DEBUG_TX][sending to arduino]{wire=H}
[2026-09-25T19:37:27.098+00:00][P1][INFO][DEBUG_TX][sending to arduino]{wire=H}
[2026-09-25T19:37:27.603+00:00][P1][INFO][DEBUG_TX][sending to arduino]{wire=H}
[2026-09-25T19:37:28.114+00:00][P1][INFO][DEBUG_TX][sending to arduino]{wire=H}
[2026-09-25T19:37:28.593+00:00][P1][INFO][DEBUG_TX][sending to arduino]{wire=H}
[2026-09-25T19:37:29.096+00:00][P1][INFO][DEBUG_TX][sending to arduino]{wire=H}
[2026-09-25T19:37:29.593+00:00][P1][INFO][DEBUG_TX][sending to arduino]{wire=H}
[2026-09-25T19:37:30.112+00:00][P1][INFO][DEBUG_TX][sending to arduino]{wire=H}
[2026-09-25T19:37:30.593+00:00][P1][INFO][DEBUG_TX][sending to arduino]{wire=H}
[2026-09-25T19:37:31.106+00:00][P1][INFO][DEBUG_TX][sending to arduino]{wire=H}
[2026-09-25T19:37:31.597+00:00][P1][INFO][DEBUG_TX][sending to arduino]{wire=H}
[2026-09-25T19:37:32.108+00:00][P1][INFO][DEBUG_TX][sending to arduino]{wire=H}
[2026-09-25T19:37:32.594+00:00][P1][INFO][DEBUG_TX][sending to arduino]{wire=H}
[2026-09-25T19:37:33.102+00:00][P1][INFO][DEBUG_TX][sending to arduino]{wire=H}
[2026-09-25T19:37:33.597+00:00][P1][INFO][DEBUG_TX][sending to arduino]{wire=H}
[2026-09-25T19:37:34.129+00:00][P1][INFO][DEBUG_TX][sending to arduino]{wire=H}
[2026-09-25T19:37:34.673+00:00][P1][INFO][DEBUG_TX][sending to arduino]{wire=H}
[2026-09-25T19:37:35.215+00:00][P1][INFO][DEBUG_TX][sending to arduino]{wire=H}
[2026-09-25T19:37:35.630+00:00][P1][INFO][DEBUG_TX][sending to arduino]{wire=H}
[2026-09-25T19:37:36.119+00:00][P1][INFO][DEBUG_TX][sending to arduino]{wire=H}
[2026-09-25T19:37:36.595+00:00][P1][INFO][DEBUG_TX][sending to arduino]{wire=H}
[2026-09-25T19:37:37.119+00:00][P1][INFO][DEBUG_TX][sending to arduino]{wire=H}
[2026-09-25T19:37:37.593+00:00][P1][INFO][DEBUG_TX][sending to arduino]{wire=H}
[2026-09-25T19:37:38.101+00:00][P1][INFO][DEBUG_TX][sending to arduino]{wire=H}
[2026-09-25T19:37:38.593+00:00][P1][INFO][DEBUG_TX][sending to arduino]{wire=H}
[2026-09-25T19:37:39.127+00:00][P1][INFO][DEBUG_TX][sending to arduino]{wire=H}
[2026-09-25T19:37:39.607+00:00][P1][INFO][DEBUG_TX][sending to arduino]{wire=H}
[2026-09-25T19:37:40.127+00:00][P1][INFO][DEBUG_TX][sending to arduino]{wire=H}
[2026-09-25T19:37:40.598+00:00][P1][INFO][DEBUG_TX][sending to arduino]{wire=H}
[2026-09-25T19:37:41.129+00:00][P1][INFO][DEBUG_TX][sending to arduino]{wire=H}
[2026-09-25T19:37:41.661+00:00][P1][INFO][DEBUG_TX][sending to arduino]{wire=H}
[2026-09-25T19:37:42.115+00:00][P1][INFO][DEBUG_TX][sending to arduino]{wire=H}
[2026-09-25T19:37:42.597+00:00][P1][INFO][DEBUG_TX][sending to arduino]{wire=H}
[2026-09-25T19:37:43.122+00:00][P1][INFO][DEBUG_TX][sending to arduino]{wire=H}
[2026-09-25T19:37:43.593+00:00][P1][INFO][DEBUG_TX][sending to arduino]{wire=H}
[2026-09-25T19:37:44.182+00:00][P1][INFO][DEBUG_TX][sending to arduino]{wire=H}
[2026-09-25T19:37:44.593+00:00][P1][INFO][DEBUG_TX][sending to arduino]{wire=H}
[2026-09-25T19:37:45.100+00:00][P1][INFO][DEBUG_TX][sending to arduino]{wire=H}
[2026-09-25T19:37:45.594+00:00][P1][INFO][DEBUG_TX][sending to arduino]{wire=H}
[2026-09-25T19:37:46.142+00:00][P1][INFO][DEBUG_TX][sending to arduino]{wire=H}
[2026-09-25T19:37:46.631+00:00][P1][INFO][DEBUG_TX][sending to arduino]{wire=H}
[2026-09-25T19:37:47.108+00:00][P1][INFO][DEBUG_TX][sending to arduino]{wire=H}
[2026-09-25T19:37:47.593+00:00][P1][INFO][DEBUG_TX][sending to arduino]{wire=H}
[2026-09-25T19:37:48.121+00:00][P1][INFO][DEBUG_TX][sending to arduino]{wire=H}
[2026-09-25T19:37:48.595+00:00][P1][INFO][DEBUG_TX][sending to arduino]{wire=H}
[2026-09-25T19:37:49.136+00:00][P1][INFO][DEBUG_TX][sending to arduino]{wire=H}
[2026-09-25T19:37:49.593+00:00][P1][INFO][DEBUG_TX][sending to arduino]{wire=H}
[2026-09-25T19:37:50.129+00:00][P1][INFO][DEBUG_TX][sending to arduino]{wire=H}
[2026-09-25T19:37:50.598+00:00][P1][INFO][DEBUG_TX][sending to arduino]{wire=H}
[2026-09-25T19:37:51.155+00:00][P1][INFO][DEBUG_TX][sending to arduino]{wire=H}
[2026-09-25T19:37:51.594+00:00][P1][INFO][DEBUG_TX][sending to arduino]{wire=H}
[2026-09-25T19:37:52.136+00:00][P1][INFO][DEBUG_TX][sending to arduino]{wire=H}
[2026-09-25T19:37:52.593+00:00][P1][INFO][DEBUG_TX][sending to arduino]{wire=H}
[2026-09-25T19:37:53.101+00:00][P1][INFO][DEBUG_TX][sending to arduino]{wire=H}
[2026-09-25T19:37:53.593+00:00][P1][INFO][DEBUG_TX][sending to arduino]{wire=H}
[2026-09-25T19:37:54.116+00:00][P1][INFO][DEBUG_TX][sending to arduino]{wire=H}
[2026-09-25T19:37:54.593+00:00][P1][INFO][DEBUG_TX][sending to arduino]{wire=H}
[2026-09-25T19:37:55.185+00:00][P1][INFO][DEBUG_TX][sending to arduino]{wire=H}
[2026-09-25T19:37:55.593+00:00][P1][INFO][DEBUG_TX][sending to arduino]{wire=H}
[2026-09-25T19:37:56.133+00:00][P1][INFO][DEBUG_TX][sending to arduino]{wire=H}
[2026-09-25T19:37:56.593+00:00][P1][INFO][DEBUG_TX][sending to arduino]{wire=H}
[2026-09-25T19:37:57.092+00:00][P1][INFO][DEBUG_TX][sending to arduino]{wire=H}
[2026-09-25T19:37:57.594+00:00][P1][INFO][DEBUG_TX][sending to arduino]{wire=H}
[2026-09-25T19:37:58.121+00:00][P1][INFO][DEBUG_TX][sending to arduino]{wire=H}
[2026-09-25T19:37:58.593+00:00][P1][INFO][DEBUG_TX][sending to arduino]{wire=H}
[2026-09-25T19:37:59.104+00:00][P1][INFO][DEBUG_TX][sending to arduino]{wire=H}
[2026-09-25T19:37:59.593+00:00][P1][INFO][DEBUG_TX][sending to arduino]{wire=H}
[2026-09-25T19:38:00.112+00:00][P1][INFO][DEBUG_TX][sending to arduino]{wire=H}
[2026-09-25T19:38:00.595+00:00][P1][INFO][DEBUG_TX][sending to arduino]{wire=H}
[2026-09-25T19:38:01.113+00:00][P1][INFO][DEBUG_TX][sending to arduino]{wire=H}
[2026-09-25T19:38:01.593+00:00][P1][INFO][DEBUG_TX][sending to arduino]{wire=H}
[2026-09-25T19:38:02.105+00:00][P1][INFO][DEBUG_TX][sending to arduino]{wire=H}
[2026-09-25T19:38:02.593+00:00][P1][INFO][DEBUG_TX][sending to arduino]{wire=H}
[2026-09-25T19:38:03.132+00:00][P1][INFO][DEBUG_TX][sending to arduino]{wire=H}
[2026-09-25T19:38:03.593+00:00][P1][INFO][DEBUG_TX][sending to arduino]{wire=H}
[2026-09-25T19:38:04.101+00:00][P1][INFO][DEBUG_TX][sending to arduino]{wire=H}
[2026-09-25T19:38:04.594+00:00][P1][INFO][DEBUG_TX][sending to arduino]{wire=H}
[2026-09-25T19:38:05.109+00:00][P1][INFO][DEBUG_TX][sending to arduino]{wire=H}
[2026-09-25T19:38:05.593+00:00][P1][INFO][DEBUG_TX][sending to arduino]{wire=H}
[2026-09-25T19:38:06.109+00:00][P1][INFO][DEBUG_TX][sending to arduino]{wire=H}
[2026-09-25T19:38:06.597+00:00][P1][INFO][DEBUG_TX][sending to arduino]{wire=H}
[2026-09-25T19:38:07.101+00:00][P1][INFO][DEBUG_TX][sending to arduino]{wire=H}
[2026-09-25T19:38:07.601+00:00][P1][INFO][DEBUG_TX][sending to arduino]{wire=H}
[2026-09-25T19:38:08.117+00:00][P1][INFO][DEBUG_TX][sending to arduino]{wire=H}
[2026-09-25T19:38:08.594+00:00][P1][INFO][DEBUG_TX][sending to arduino]{wire=H}
[2026-09-25T19:38:09.109+00:00][P1][INFO][DEBUG_TX][sending to arduino]{wire=H}
[2026-09-25T19:38:09.599+00:00][P1][INFO][DEBUG_TX][sending to arduino]{wire=H}
[2026-09-25T19:38:10.111+00:00][P1][INFO][DEBUG_TX][sending to arduino]{wire=H}
[2026-09-25T19:38:10.594+00:00][P1][INFO][DEBUG_TX][sending to arduino]{wire=H}
[2026-09-25T19:38:11.092+00:00][P1][INFO][DEBUG_TX][sending to arduino]{wire=H}
[2026-09-25T19:38:11.597+00:00][P1][INFO][DEBUG_TX][sending to arduino]{wire=H}
[2026-09-25T19:38:12.106+00:00][P1][INFO][DEBUG_TX][sending to arduino]{wire=H}
[2026-09-25T19:38:12.596+00:00][P1][INFO][DEBUG_TX][sending to arduino]{wire=H}
[2026-09-25T19:38:13.120+00:00][P1][INFO][DEBUG_TX][sending to arduino]{wire=H}
[2026-09-25T19:38:13.595+00:00][P1][INFO][DEBUG_TX][sending to arduino]{wire=H}
[2026-09-25T19:38:14.120+00:00][P1][INFO][DEBUG_TX][sending to arduino]{wire=H}
[2026-09-25T19:38:14.597+00:00][P1][INFO][DEBUG_TX][sending to arduino]{wire=H}
[2026-09-25T19:38:15.099+00:00][P1][INFO][DEBUG_TX][sending to arduino]{wire=H}
[2026-09-25T19:38:15.593+00:00][P1][INFO][DEBUG_TX][sending to arduino]{wire=H}
[2026-09-25T19:38:16.109+00:00][P1][INFO][DEBUG_TX][sending to arduino]{wire=H}
[2026-09-25T19:38:16.593+00:00][P1][INFO][DEBUG_TX][sending to arduino]{wire=H}
[2026-09-25T19:38:17.099+00:00][P1][INFO][DEBUG_TX][sending to arduino]{wire=H}
[2026-09-25T19:38:17.595+00:00][P1][INFO][DEBUG_TX][sending to arduino]{wire=H}
[2026-09-25T19:38:18.157+00:00][P1][INFO][DEBUG_TX][sending to arduino]{wire=H}
[2026-09-25T19:38:18.594+00:00][P1][INFO][DEBUG_TX][sending to arduino]{wire=H}
[2026-09-25T19:38:19.021+00:00][P1][INFO][WS_CONTROLLER_RELEASED][controller slot free]{client=c1}
[2026-09-25T19:38:19.023+00:00][P1][INFO][WS_DISCONNECT][client disconnected]{client=c1 total=0}
[2026-09-25T19:38:19.030+00:00][P1][INFO][DEBUG_TX][sending to arduino]{wire=S}
[2026-09-25T19:38:19.304+00:00][P1][INFO][WS_CONNECT][client connected]{client=c2 total=1}
[2026-09-25T19:38:19.324+00:00][P1][INFO][WS_RECOVERY][recovery batch sent]{client=c2 entries=2}
[2026-09-25T19:38:19.563+00:00][P1][INFO][DEBUG_TX][sending to arduino]{wire=H}
[2026-09-25T19:38:20.009+00:00][P1][INFO][DEBUG_TX][sending to arduino]{wire=H}
[2026-09-25T19:38:20.521+00:00][P1][INFO][DEBUG_TX][sending to arduino]{wire=H}
[2026-09-25T19:38:21.007+00:00][P1][INFO][DEBUG_TX][sending to arduino]{wire=H}
[2026-09-25T19:38:21.551+00:00][P1][INFO][DEBUG_TX][sending to arduino]{wire=H}
[2026-09-25T19:38:22.007+00:00][P1][INFO][DEBUG_TX][sending to arduino]{wire=H}
[2026-09-25T19:38:22.509+00:00][P1][INFO][DEBUG_TX][sending to arduino]{wire=H}
[2026-09-25T19:38:23.009+00:00][P1][INFO][DEBUG_TX][sending to arduino]{wire=H}
[2026-09-25T19:38:23.509+00:00][P1][INFO][DEBUG_TX][sending to arduino]{wire=H}
[2026-09-25T19:38:24.007+00:00][P1][INFO][DEBUG_TX][sending to arduino]{wire=H}
[2026-09-25T19:38:24.511+00:00][P1][INFO][DEBUG_TX][sending to arduino]{wire=H}
[2026-09-25T19:38:25.010+00:00][P1][INFO][DEBUG_TX][sending to arduino]{wire=H}
[2026-09-25T19:38:25.513+00:00][P1][INFO][DEBUG_TX][sending to arduino]{wire=H}
[2026-09-25T19:38:26.011+00:00][P1][INFO][DEBUG_TX][sending to arduino]{wire=H}
[2026-09-25T19:38:26.535+00:00][P1][INFO][DEBUG_TX][sending to arduino]{wire=H}
[2026-09-25T19:38:27.025+00:00][P1][INFO][DEBUG_TX][sending to arduino]{wire=H}
[2026-09-25T19:38:27.534+00:00][P1][INFO][DEBUG_TX][sending to arduino]{wire=H}
[2026-09-25T19:38:28.022+00:00][P1][INFO][DEBUG_TX][sending to arduino]{wire=H}
[2026-09-25T19:38:28.510+00:00][P1][INFO][DEBUG_TX][sending to arduino]{wire=H}
[2026-09-25T19:38:29.010+00:00][P1][INFO][DEBUG_TX][sending to arduino]{wire=H}
[2026-09-25T19:38:29.508+00:00][P1][INFO][DEBUG_TX][sending to arduino]{wire=H}
[2026-09-25T19:38:30.010+00:00][P1][INFO][DEBUG_TX][sending to arduino]{wire=H}
[2026-09-25T19:38:30.507+00:00][P1][INFO][DEBUG_TX][sending to arduino]{wire=H}
[2026-09-25T19:38:31.031+00:00][P1][INFO][DEBUG_TX][sending to arduino]{wire=H}
[2026-09-25T19:38:31.514+00:00][P1][INFO][DEBUG_TX][sending to arduino]{wire=H}
[2026-09-25T19:38:32.011+00:00][P1][INFO][DEBUG_TX][sending to arduino]{wire=H}
[2026-09-25T19:38:32.514+00:00][P1][INFO][DEBUG_TX][sending to arduino]{wire=H}
[2026-09-25T19:38:33.009+00:00][P1][INFO][DEBUG_TX][sending to arduino]{wire=H}
[2026-09-25T19:38:33.507+00:00][P1][INFO][DEBUG_TX][sending to arduino]{wire=H}
[2026-09-25T19:38:34.006+00:00][P1][INFO][DEBUG_TX][sending to arduino]{wire=H}
[2026-09-25T19:38:34.507+00:00][P1][INFO][DEBUG_TX][sending to arduino]{wire=H}
[2026-09-25T19:38:35.010+00:00][P1][INFO][DEBUG_TX][sending to arduino]{wire=H}
[2026-09-25T19:38:35.509+00:00][P1][INFO][DEBUG_TX][sending to arduino]{wire=H}
[2026-09-25T19:38:36.007+00:00][P1][INFO][DEBUG_TX][sending to arduino]{wire=H}
[2026-09-25T19:38:36.510+00:00][P1][INFO][DEBUG_TX][sending to arduino]{wire=H}
[2026-09-25T19:38:37.008+00:00][P1][INFO][DEBUG_TX][sending to arduino]{wire=H}
[2026-09-25T19:38:37.519+00:00][P1][INFO][DEBUG_TX][sending to arduino]{wire=H}
[2026-09-25T19:38:38.007+00:00][P1][INFO][DEBUG_TX][sending to arduino]{wire=H}
[2026-09-25T19:38:38.514+00:00][P1][INFO][DEBUG_TX][sending to arduino]{wire=H}
[2026-09-25T19:38:39.008+00:00][P1][INFO][DEBUG_TX][sending to arduino]{wire=H}
[2026-09-25T19:38:39.519+00:00][P1][INFO][DEBUG_TX][sending to arduino]{wire=H}
[2026-09-25T19:38:40.007+00:00][P1][INFO][DEBUG_TX][sending to arduino]{wire=H}
[2026-09-25T19:38:40.527+00:00][P1][INFO][DEBUG_TX][sending to arduino]{wire=H}
[2026-09-25T19:38:41.012+00:00][P1][INFO][DEBUG_TX][sending to arduino]{wire=H}
[2026-09-25T19:38:41.531+00:00][P1][INFO][DEBUG_TX][sending to arduino]{wire=H}
[2026-09-25T19:38:42.011+00:00][P1][INFO][DEBUG_TX][sending to arduino]{wire=H}
[2026-09-25T19:38:42.509+00:00][P1][INFO][DEBUG_TX][sending to arduino]{wire=H}
[2026-09-25T19:38:43.013+00:00][P1][INFO][DEBUG_TX][sending to arduino]{wire=H}
[2026-09-25T19:38:43.511+00:00][P1][INFO][DEBUG_TX][sending to arduino]{wire=H}
[2026-09-25T19:38:44.009+00:00][P1][INFO][DEBUG_TX][sending to arduino]{wire=H}
[2026-09-25T19:38:44.521+00:00][P1][INFO][DEBUG_TX][sending to arduino]{wire=H}
[2026-09-25T19:38:45.008+00:00][P1][INFO][DEBUG_TX][sending to arduino]{wire=H}
[2026-09-25T19:38:45.513+00:00][P1][INFO][DEBUG_TX][sending to arduino]{wire=H}
[2026-09-25T19:38:46.007+00:00][P1][INFO][DEBUG_TX][sending to arduino]{wire=H}
[2026-09-25T19:38:46.512+00:00][P1][INFO][DEBUG_TX][sending to arduino]{wire=H}
[2026-09-25T19:38:47.008+00:00][P1][INFO][DEBUG_TX][sending to arduino]{wire=H}
[2026-09-25T19:38:47.507+00:00][P1][INFO][DEBUG_TX][sending to arduino]{wire=H}
[2026-09-25T19:38:48.008+00:00][P1][INFO][DEBUG_TX][sending to arduino]{wire=H}
[2026-09-25T19:38:48.514+00:00][P1][INFO][DEBUG_TX][sending to arduino]{wire=H}
[2026-09-25T19:38:49.009+00:00][P1][INFO][DEBUG_TX][sending to arduino]{wire=H}
[2026-09-25T19:38:49.509+00:00][P1][INFO][DEBUG_TX][sending to arduino]{wire=H}
[2026-09-25T19:38:50.009+00:00][P1][INFO][DEBUG_TX][sending to arduino]{wire=H}
[2026-09-25T19:38:50.526+00:00][P1][INFO][DEBUG_TX][sending to arduino]{wire=H}
[2026-09-25T19:38:51.007+00:00][P1][INFO][DEBUG_TX][sending to arduino]{wire=H}
[2026-09-25T19:38:51.515+00:00][P1][INFO][DEBUG_TX][sending to arduino]{wire=H}
[2026-09-25T19:38:52.007+00:00][P1][INFO][DEBUG_TX][sending to arduino]{wire=H}
[2026-09-25T19:38:52.523+00:00][P1][INFO][DEBUG_TX][sending to arduino]{wire=H}
[2026-09-25T19:38:53.009+00:00][P1][INFO][DEBUG_TX][sending to arduino]{wire=H}
[2026-09-25T19:38:53.510+00:00][P1][INFO][DEBUG_TX][sending to arduino]{wire=H}
[2026-09-25T19:38:54.011+00:00][P1][INFO][DEBUG_TX][sending to arduino]{wire=H}
[2026-09-25T19:38:54.513+00:00][P1][INFO][DEBUG_TX][sending to arduino]{wire=H}
[2026-09-25T19:38:55.010+00:00][P1][INFO][DEBUG_TX][sending to arduino]{wire=H}
[2026-09-25T19:38:55.510+00:00][P1][INFO][DEBUG_TX][sending to arduino]{wire=H}
[2026-09-25T19:38:56.009+00:00][P1][INFO][DEBUG_TX][sending to arduino]{wire=H}
[2026-09-25T19:38:56.513+00:00][P1][INFO][DEBUG_TX][sending to arduino]{wire=H}
[2026-09-25T19:38:57.012+00:00][P1][INFO][DEBUG_TX][sending to arduino]{wire=H}
[2026-09-25T19:38:57.586+00:00][P1][INFO][DEBUG_TX][sending to arduino]{wire=H}
[2026-09-25T19:38:58.014+00:00][P1][INFO][DEBUG_TX][sending to arduino]{wire=H}
[2026-09-25T19:38:58.666+00:00][P1][INFO][DEBUG_TX][sending to arduino]{wire=H}
[2026-09-25T19:38:59.039+00:00][P1][INFO][DEBUG_TX][sending to arduino]{wire=H}
[2026-09-25T19:38:59.509+00:00][P1][INFO][DEBUG_TX][sending to arduino]{wire=H}
[2026-09-25T19:39:00.017+00:00][P1][INFO][DEBUG_TX][sending to arduino]{wire=H}
[2026-09-25T19:39:00.531+00:00][P1][INFO][DEBUG_TX][sending to arduino]{wire=H}
[2026-09-25T19:39:01.007+00:00][P1][INFO][DEBUG_TX][sending to arduino]{wire=H}
[2026-09-25T19:39:01.508+00:00][P1][INFO][DEBUG_TX][sending to arduino]{wire=H}
[2026-09-25T19:39:02.008+00:00][P1][INFO][DEBUG_TX][sending to arduino]{wire=H}
[2026-09-25T19:39:02.510+00:00][P1][INFO][DEBUG_TX][sending to arduino]{wire=H}
[2026-09-25T19:39:03.008+00:00][P1][INFO][DEBUG_TX][sending to arduino]{wire=H}
[2026-09-25T19:39:03.510+00:00][P1][INFO][DEBUG_TX][sending to arduino]{wire=H}
[2026-09-25T19:39:04.007+00:00][P1][INFO][DEBUG_TX][sending to arduino]{wire=H}
[2026-09-25T19:39:04.518+00:00][P1][INFO][DEBUG_TX][sending to arduino]{wire=H}
[2026-09-25T19:39:05.009+00:00][P1][INFO][DEBUG_TX][sending to arduino]{wire=H}
[2026-09-25T19:39:05.530+00:00][P1][INFO][DEBUG_TX][sending to arduino]{wire=H}
[2026-09-25T19:39:06.007+00:00][P1][INFO][DEBUG_TX][sending to arduino]{wire=H}
[2026-09-25T19:39:06.522+00:00][P1][INFO][DEBUG_TX][sending to arduino]{wire=H}
[2026-09-25T19:39:07.007+00:00][P1][INFO][DEBUG_TX][sending to arduino]{wire=H}
[2026-09-25T19:39:07.508+00:00][P1][INFO][DEBUG_TX][sending to arduino]{wire=H}
[2026-09-25T19:39:08.009+00:00][P1][INFO][DEBUG_TX][sending to arduino]{wire=H}
[2026-09-25T19:39:08.534+00:00][P1][INFO][DEBUG_TX][sending to arduino]{wire=H}
[2026-09-25T19:39:09.008+00:00][P1][INFO][DEBUG_TX][sending to arduino]{wire=H}
[2026-09-25T19:39:09.518+00:00][P1][INFO][DEBUG_TX][sending to arduino]{wire=H}
[2026-09-25T19:39:10.010+00:00][P1][INFO][DEBUG_TX][sending to arduino]{wire=H}
[2026-09-25T19:39:10.518+00:00][P1][INFO][DEBUG_TX][sending to arduino]{wire=H}
[2026-09-25T19:39:11.006+00:00][P1][INFO][DEBUG_TX][sending to arduino]{wire=H}
[2026-09-25T19:39:11.509+00:00][P1][INFO][DEBUG_TX][sending to arduino]{wire=H}
[2026-09-25T19:39:12.008+00:00][P1][INFO][DEBUG_TX][sending to arduino]{wire=H}
[2026-09-25T19:39:12.508+00:00][P1][INFO][DEBUG_TX][sending to arduino]{wire=H}
[2026-09-25T19:39:13.008+00:00][P1][INFO][DEBUG_TX][sending to arduino]{wire=H}
[2026-09-25T19:39:13.530+00:00][P1][INFO][DEBUG_TX][sending to arduino]{wire=H}
[2026-09-25T19:39:14.009+00:00][P1][INFO][DEBUG_TX][sending to arduino]{wire=H}
[2026-09-25T19:39:14.576+00:00][P1][INFO][DEBUG_TX][sending to arduino]{wire=H}
[2026-09-25T19:39:15.009+00:00][P1][INFO][DEBUG_TX][sending to arduino]{wire=H}
[2026-09-25T19:39:15.525+00:00][P1][INFO][DEBUG_TX][sending to arduino]{wire=H}
[2026-09-25T19:39:16.007+00:00][P1][INFO][DEBUG_TX][sending to arduino]{wire=H}
[2026-09-25T19:39:16.524+00:00][P1][INFO][DEBUG_TX][sending to arduino]{wire=H}
[2026-09-25T19:39:17.008+00:00][P1][INFO][DEBUG_TX][sending to arduino]{wire=H}
[2026-09-25T19:39:17.538+00:00][P1][INFO][DEBUG_TX][sending to arduino]{wire=H}
[2026-09-25T19:39:18.011+00:00][P1][INFO][DEBUG_TX][sending to arduino]{wire=H}
[2026-09-25T19:39:18.517+00:00][P1][INFO][DEBUG_TX][sending to arduino]{wire=H}
[2026-09-25T19:39:19.011+00:00][P1][INFO][DEBUG_TX][sending to arduino]{wire=H}
[2026-09-25T19:39:19.521+00:00][P1][INFO][DEBUG_TX][sending to arduino]{wire=H}
[2026-09-25T19:39:20.008+00:00][P1][INFO][DEBUG_TX][sending to arduino]{wire=H}
[2026-09-25T19:39:20.506+00:00][P1][INFO][DEBUG_TX][sending to arduino]{wire=H}
[2026-09-25T19:39:21.008+00:00][P1][INFO][DEBUG_TX][sending to arduino]{wire=H}
[2026-09-25T19:39:21.532+00:00][P1][INFO][DEBUG_TX][sending to arduino]{wire=H}
[2026-09-25T19:39:22.010+00:00][P1][INFO][DEBUG_TX][sending to arduino]{wire=H}
[2026-09-25T19:39:22.521+00:00][P1][INFO][DEBUG_TX][sending to arduino]{wire=H}
[2026-09-25T19:39:23.007+00:00][P1][INFO][DEBUG_TX][sending to arduino]{wire=H}
[2026-09-25T19:39:23.512+00:00][P1][INFO][DEBUG_TX][sending to arduino]{wire=H}
[2026-09-25T19:39:24.011+00:00][P1][INFO][DEBUG_TX][sending to arduino]{wire=H}
[2026-09-25T19:39:24.515+00:00][P1][INFO][DEBUG_TX][sending to arduino]{wire=H}
[2026-09-25T19:39:25.008+00:00][P1][INFO][DEBUG_TX][sending to arduino]{wire=H}
[2026-09-25T19:39:25.509+00:00][P1][INFO][DEBUG_TX][sending to arduino]{wire=H}
[2026-09-25T19:39:26.009+00:00][P1][INFO][DEBUG_TX][sending to arduino]{wire=H}
[2026-09-25T19:39:26.526+00:00][P1][INFO][DEBUG_TX][sending to arduino]{wire=H}
[2026-09-25T19:39:27.010+00:00][P1][INFO][DEBUG_TX][sending to arduino]{wire=H}
[2026-09-25T19:39:27.506+00:00][P1][INFO][DEBUG_TX][sending to arduino]{wire=H}
[2026-09-25T19:39:28.006+00:00][P1][INFO][DEBUG_TX][sending to arduino]{wire=H}
[2026-09-25T19:39:28.513+00:00][P1][INFO][DEBUG_TX][sending to arduino]{wire=H}
[2026-09-25T19:39:29.040+00:00][P1][INFO][DEBUG_TX][sending to arduino]{wire=H}
[2026-09-25T19:39:29.510+00:00][P1][INFO][DEBUG_TX][sending to arduino]{wire=H}
[2026-09-25T19:39:30.008+00:00][P1][INFO][DEBUG_TX][sending to arduino]{wire=H}
[2026-09-25T19:39:30.506+00:00][P1][INFO][DEBUG_TX][sending to arduino]{wire=H}
[2026-09-25T19:39:31.008+00:00][P1][INFO][DEBUG_TX][sending to arduino]{wire=H}
[2026-09-25T19:39:31.510+00:00][P1][INFO][DEBUG_TX][sending to arduino]{wire=H}
[2026-09-25T19:39:32.009+00:00][P1][INFO][DEBUG_TX][sending to arduino]{wire=H}
[2026-09-25T19:39:32.516+00:00][P1][INFO][DEBUG_TX][sending to arduino]{wire=H}
[2026-09-25T19:39:33.011+00:00][P1][INFO][DEBUG_TX][sending to arduino]{wire=H}
[2026-09-25T19:39:33.539+00:00][P1][INFO][DEBUG_TX][sending to arduino]{wire=H}
[2026-09-25T19:39:34.007+00:00][P1][INFO][DEBUG_TX][sending to arduino]{wire=H}
[2026-09-25T19:39:34.542+00:00][P1][INFO][DEBUG_TX][sending to arduino]{wire=H}
[2026-09-25T19:39:35.007+00:00][P1][INFO][DEBUG_TX][sending to arduino]{wire=H}
[2026-09-25T19:39:35.525+00:00][P1][INFO][DEBUG_TX][sending to arduino]{wire=H}
[2026-09-25T19:39:36.008+00:00][P1][INFO][DEBUG_TX][sending to arduino]{wire=H}
[2026-09-25T19:39:36.517+00:00][P1][INFO][DEBUG_TX][sending to arduino]{wire=H}
[2026-09-25T19:39:37.007+00:00][P1][INFO][DEBUG_TX][sending to arduino]{wire=H}
[2026-09-25T19:39:37.511+00:00][P1][INFO][DEBUG_TX][sending to arduino]{wire=H}
[2026-09-25T19:39:38.009+00:00][P1][INFO][DEBUG_TX][sending to arduino]{wire=H}
[2026-09-25T19:39:38.566+00:00][P1][INFO][DEBUG_TX][sending to arduino]{wire=H}
[2026-09-25T19:39:39.009+00:00][P1][INFO][DEBUG_TX][sending to arduino]{wire=H}
[2026-09-25T19:39:39.510+00:00][P1][INFO][DEBUG_TX][sending to arduino]{wire=H}
[2026-09-25T19:39:40.006+00:00][P1][INFO][DEBUG_TX][sending to arduino]{wire=H}
[2026-09-25T19:39:40.525+00:00][P1][INFO][DEBUG_TX][sending to arduino]{wire=H}
[2026-09-25T19:39:41.009+00:00][P1][INFO][DEBUG_TX][sending to arduino]{wire=H}
[2026-09-25T19:39:41.510+00:00][P1][INFO][DEBUG_TX][sending to arduino]{wire=H}
[2026-09-25T19:39:42.009+00:00][P1][INFO][DEBUG_TX][sending to arduino]{wire=H}
[2026-09-25T19:39:42.510+00:00][P1][INFO][DEBUG_TX][sending to arduino]{wire=H}
[2026-09-25T19:39:43.023+00:00][P1][INFO][DEBUG_TX][sending to arduino]{wire=H}
[2026-09-25T19:39:43.547+00:00][P1][INFO][DEBUG_TX][sending to arduino]{wire=H}
[2026-09-25T19:39:44.007+00:00][P1][INFO][DEBUG_TX][sending to arduino]{wire=H}
[2026-09-25T19:39:44.531+00:00][P1][INFO][DEBUG_TX][sending to arduino]{wire=H}
[2026-09-25T19:39:45.008+00:00][P1][INFO][DEBUG_TX][sending to arduino]{wire=H}
[2026-09-25T19:39:45.510+00:00][P1][INFO][DEBUG_TX][sending to arduino]{wire=H}
[2026-09-25T19:39:46.007+00:00][P1][INFO][DEBUG_TX][sending to arduino]{wire=H}
[2026-09-25T19:39:46.517+00:00][P1][INFO][DEBUG_TX][sending to arduino]{wire=H}
[2026-09-25T19:39:47.007+00:00][P1][INFO][DEBUG_TX][sending to arduino]{wire=H}
[2026-09-25T19:39:47.510+00:00][P1][INFO][DEBUG_TX][sending to arduino]{wire=H}
[2026-09-25T19:39:48.010+00:00][P1][INFO][DEBUG_TX][sending to arduino]{wire=H}
[2026-09-25T19:39:48.515+00:00][P1][INFO][DEBUG_TX][sending to arduino]{wire=H}
[2026-09-25T19:39:49.010+00:00][P1][INFO][DEBUG_TX][sending to arduino]{wire=H}
[2026-09-25T19:39:49.509+00:00][P1][INFO][DEBUG_TX][sending to arduino]{wire=H}
[2026-09-25T19:39:50.008+00:00][P1][INFO][DEBUG_TX][sending to arduino]{wire=H}
[2026-09-25T19:39:50.510+00:00][P1][INFO][DEBUG_TX][sending to arduino]{wire=H}
[2026-09-25T19:39:51.011+00:00][P1][INFO][DEBUG_TX][sending to arduino]{wire=H}
[2026-09-25T19:39:51.513+00:00][P1][INFO][DEBUG_TX][sending to arduino]{wire=H}
[2026-09-25T19:39:52.009+00:00][P1][INFO][DEBUG_TX][sending to arduino]{wire=H}
[2026-09-25T19:39:52.509+00:00][P1][INFO][DEBUG_TX][sending to arduino]{wire=H}
[2026-09-25T19:39:53.008+00:00][P1][INFO][DEBUG_TX][sending to arduino]{wire=H}
[2026-09-25T19:39:53.554+00:00][P1][INFO][DEBUG_TX][sending to arduino]{wire=H}
[2026-09-25T19:39:54.009+00:00][P1][INFO][DEBUG_TX][sending to arduino]{wire=H}
[2026-09-25T19:39:54.509+00:00][P1][INFO][DEBUG_TX][sending to arduino]{wire=H}
[2026-09-25T19:39:55.007+00:00][P1][INFO][DEBUG_TX][sending to arduino]{wire=H}
[2026-09-25T19:39:55.527+00:00][P1][INFO][DEBUG_TX][sending to arduino]{wire=H}
[2026-09-25T19:39:56.010+00:00][P1][INFO][DEBUG_TX][sending to arduino]{wire=H}
[2026-09-25T19:39:56.508+00:00][P1][INFO][DEBUG_TX][sending to arduino]{wire=H}
[2026-09-25T19:39:57.007+00:00][P1][INFO][DEBUG_TX][sending to arduino]{wire=H}
[2026-09-25T19:39:57.510+00:00][P1][INFO][DEBUG_TX][sending to arduino]{wire=H}
[2026-09-25T19:39:58.203+00:00][P1][INFO][DEBUG_TX][sending to arduino]{wire=H}
[2026-09-25T19:39:58.567+00:00][P1][INFO][DEBUG_TX][sending to arduino]{wire=H}
[2026-09-25T19:39:59.008+00:00][P1][INFO][DEBUG_TX][sending to arduino]{wire=H}
[2026-09-25T19:39:59.532+00:00][P1][INFO][DEBUG_TX][sending to arduino]{wire=H}
[2026-09-25T19:40:00.018+00:00][P1][INFO][DEBUG_TX][sending to arduino]{wire=H}
[2026-09-25T19:40:00.538+00:00][P1][INFO][DEBUG_TX][sending to arduino]{wire=H}
[2026-09-25T19:40:01.007+00:00][P1][INFO][DEBUG_TX][sending to arduino]{wire=H}
[2026-09-25T19:40:01.506+00:00][P1][INFO][DEBUG_TX][sending to arduino]{wire=H}
[2026-09-25T19:40:02.008+00:00][P1][INFO][DEBUG_TX][sending to arduino]{wire=H}
[2026-09-25T19:40:02.532+00:00][P1][INFO][DEBUG_TX][sending to arduino]{wire=H}
[2026-09-25T19:40:03.009+00:00][P1][INFO][DEBUG_TX][sending to arduino]{wire=H}
[2026-09-25T19:40:03.526+00:00][P1][INFO][DEBUG_TX][sending to arduino]{wire=H}
[2026-09-25T19:40:04.007+00:00][P1][INFO][DEBUG_TX][sending to arduino]{wire=H}
[2026-09-25T19:40:04.529+00:00][P1][INFO][DEBUG_TX][sending to arduino]{wire=H}
[2026-09-25T19:40:05.007+00:00][P1][INFO][DEBUG_TX][sending to arduino]{wire=H}
[2026-09-25T19:40:05.523+00:00][P1][INFO][DEBUG_TX][sending to arduino]{wire=H}
[2026-09-25T19:40:06.007+00:00][P1][INFO][DEBUG_TX][sending to arduino]{wire=H}
[2026-09-25T19:40:06.510+00:00][P1][INFO][DEBUG_TX][sending to arduino]{wire=H}
[2026-09-25T19:40:07.007+00:00][P1][INFO][DEBUG_TX][sending to arduino]{wire=H}
[2026-09-25T19:40:07.535+00:00][P1][INFO][DEBUG_TX][sending to arduino]{wire=H}
[2026-09-25T19:40:08.009+00:00][P1][INFO][DEBUG_TX][sending to arduino]{wire=H}
[2026-09-25T19:40:08.538+00:00][P1][INFO][DEBUG_TX][sending to arduino]{wire=H}
[2026-09-25T19:40:09.007+00:00][P1][INFO][DEBUG_TX][sending to arduino]{wire=H}
[2026-09-25T19:40:09.521+00:00][P1][INFO][DEBUG_TX][sending to arduino]{wire=H}
[2026-09-25T19:40:10.008+00:00][P1][INFO][DEBUG_TX][sending to arduino]{wire=H}
[2026-09-25T19:40:10.533+00:00][P1][INFO][DEBUG_TX][sending to arduino]{wire=H}
[2026-09-25T19:40:11.013+00:00][P1][INFO][DEBUG_TX][sending to arduino]{wire=H}
[2026-09-25T19:40:11.508+00:00][P1][INFO][DEBUG_TX][sending to arduino]{wire=H}
[2026-09-25T19:40:12.007+00:00][P1][INFO][DEBUG_TX][sending to arduino]{wire=H}
[2026-09-25T19:40:12.530+00:00][P1][INFO][DEBUG_TX][sending to arduino]{wire=H}
[2026-09-25T19:40:13.021+00:00][P1][INFO][DEBUG_TX][sending to arduino]{wire=H}
[2026-09-25T19:40:13.522+00:00][P1][INFO][DEBUG_TX][sending to arduino]{wire=H}
[2026-09-25T19:40:14.008+00:00][P1][INFO][DEBUG_TX][sending to arduino]{wire=H}
[2026-09-25T19:40:14.520+00:00][P1][INFO][DEBUG_TX][sending to arduino]{wire=H}
[2026-09-25T19:40:15.015+00:00][P1][INFO][DEBUG_TX][sending to arduino]{wire=H}
[2026-09-25T19:40:15.521+00:00][P1][INFO][DEBUG_TX][sending to arduino]{wire=H}
[2026-09-25T19:40:16.025+00:00][P1][INFO][DEBUG_TX][sending to arduino]{wire=H}
[2026-09-25T19:40:16.540+00:00][P1][INFO][DEBUG_TX][sending to arduino]{wire=H}
[2026-09-25T19:40:17.035+00:00][P1][INFO][DEBUG_TX][sending to arduino]{wire=H}
[2026-09-25T19:40:17.591+00:00][P1][INFO][DEBUG_TX][sending to arduino]{wire=H}
[2026-09-25T19:40:18.013+00:00][P1][INFO][DEBUG_TX][sending to arduino]{wire=H}
[2026-09-25T19:40:18.619+00:00][P1][INFO][DEBUG_TX][sending to arduino]{wire=H}
[2026-09-25T19:40:19.009+00:00][P1][INFO][DEBUG_TX][sending to arduino]{wire=H}
[2026-09-25T19:40:19.510+00:00][P1][INFO][DEBUG_TX][sending to arduino]{wire=H}
[2026-09-25T19:40:20.010+00:00][P1][INFO][DEBUG_TX][sending to arduino]{wire=H}
[2026-09-25T19:40:20.531+00:00][P1][INFO][DEBUG_TX][sending to arduino]{wire=H}
[2026-09-25T19:40:21.032+00:00][P1][INFO][DEBUG_TX][sending to arduino]{wire=H}
[2026-09-25T19:40:21.587+00:00][P1][INFO][DEBUG_TX][sending to arduino]{wire=H}
[2026-09-25T19:40:22.105+00:00][P1][INFO][DEBUG_TX][sending to arduino]{wire=H}
[2026-09-25T19:40:22.655+00:00][P1][INFO][DEBUG_TX][sending to arduino]{wire=H}
[2026-09-25T19:40:23.013+00:00][P1][INFO][DEBUG_TX][sending to arduino]{wire=H}
[2026-09-25T19:40:23.603+00:00][P1][INFO][DEBUG_TX][sending to arduino]{wire=H}
[2026-09-25T19:40:24.130+00:00][P1][INFO][DEBUG_TX][sending to arduino]{wire=H}
[2026-09-25T19:40:24.669+00:00][P1][INFO][DEBUG_TX][sending to arduino]{wire=H}
[2026-09-25T19:40:25.029+00:00][P1][INFO][DEBUG_TX][sending to arduino]{wire=H}
[2026-09-25T19:40:25.534+00:00][P1][INFO][DEBUG_TX][sending to arduino]{wire=H}
[2026-09-25T19:40:26.071+00:00][P1][INFO][DEBUG_TX][sending to arduino]{wire=H}
[2026-09-25T19:40:26.535+00:00][P1][INFO][DEBUG_TX][sending to arduino]{wire=H}
[2026-09-25T19:40:27.073+00:00][P1][INFO][DEBUG_TX][sending to arduino]{wire=H}
[2026-09-25T19:40:27.565+00:00][P1][INFO][DEBUG_TX][sending to arduino]{wire=H}
[2026-09-25T19:40:28.134+00:00][P1][INFO][DEBUG_TX][sending to arduino]{wire=H}
[2026-09-25T19:40:28.624+00:00][P1][INFO][DEBUG_TX][sending to arduino]{wire=H}
[2026-09-25T19:40:29.026+00:00][P1][INFO][DEBUG_TX][sending to arduino]{wire=H}
[2026-09-25T19:40:29.801+00:00][P1][INFO][DEBUG_TX][sending to arduino]{wire=H}
[2026-09-25T19:40:30.291+00:00][P1][INFO][DEBUG_TX][sending to arduino]{wire=H}
[2026-09-25T19:40:30.706+00:00][P1][INFO][DEBUG_TX][sending to arduino]{wire=H}
[2026-09-25T19:40:31.176+00:00][P1][INFO][DEBUG_TX][sending to arduino]{wire=H}
[2026-09-25T19:40:31.597+00:00][P1][INFO][DEBUG_TX][sending to arduino]{wire=H}
[2026-09-25T19:40:32.015+00:00][P1][INFO][DEBUG_TX][sending to arduino]{wire=H}
[2026-09-25T19:40:32.529+00:00][P1][INFO][DEBUG_TX][sending to arduino]{wire=H}
[2026-09-25T19:40:33.011+00:00][P1][INFO][DEBUG_TX][sending to arduino]{wire=H}
[2026-09-25T19:40:33.516+00:00][P1][INFO][DEBUG_TX][sending to arduino]{wire=H}
[2026-09-25T19:40:34.011+00:00][P1][INFO][DEBUG_TX][sending to arduino]{wire=H}
[2026-09-25T19:40:34.545+00:00][P1][INFO][DEBUG_TX][sending to arduino]{wire=H}
[2026-09-25T19:40:35.014+00:00][P1][INFO][DEBUG_TX][sending to arduino]{wire=H}
[2026-09-25T19:40:35.576+00:00][P1][INFO][DEBUG_TX][sending to arduino]{wire=H}
[2026-09-25T19:40:36.030+00:00][P1][INFO][DEBUG_TX][sending to arduino]{wire=H}
[2026-09-25T19:40:36.534+00:00][P1][INFO][DEBUG_TX][sending to arduino]{wire=H}
[2026-09-25T19:40:37.051+00:00][P1][INFO][DEBUG_TX][sending to arduino]{wire=H}
[2026-09-25T19:40:37.669+00:00][P1][INFO][DEBUG_TX][sending to arduino]{wire=H}
[2026-09-25T19:40:38.095+00:00][P1][INFO][DEBUG_TX][sending to arduino]{wire=H}
[2026-09-25T19:40:38.736+00:00][P1][INFO][DEBUG_TX][sending to arduino]{wire=H}
[2026-09-25T19:40:39.181+00:00][P1][INFO][DEBUG_TX][sending to arduino]{wire=H}
[2026-09-25T19:40:39.569+00:00][P1][INFO][DEBUG_TX][sending to arduino]{wire=H}
[2026-09-25T19:40:40.064+00:00][P1][INFO][DEBUG_TX][sending to arduino]{wire=H}
[2026-09-25T19:40:40.590+00:00][P1][INFO][DEBUG_TX][sending to arduino]{wire=H}
[2026-09-25T19:40:41.010+00:00][P1][INFO][DEBUG_TX][sending to arduino]{wire=H}
[2026-09-25T19:40:41.611+00:00][P1][INFO][DEBUG_TX][sending to arduino]{wire=H}
[2026-09-25T19:40:42.194+00:00][P1][INFO][DEBUG_TX][sending to arduino]{wire=H}
[2026-09-25T19:40:42.733+00:00][P1][INFO][DEBUG_TX][sending to arduino]{wire=H}
[2026-09-25T19:40:43.152+00:00][P1][INFO][DEBUG_TX][sending to arduino]{wire=H}
[2026-09-25T19:40:43.775+00:00][P1][INFO][DEBUG_TX][sending to arduino]{wire=H}
[2026-09-25T19:40:44.165+00:00][P1][INFO][DEBUG_TX][sending to arduino]{wire=H}
[2026-09-25T19:40:44.555+00:00][P1][INFO][DEBUG_TX][sending to arduino]{wire=H}
[2026-09-25T19:40:45.035+00:00][P1][INFO][DEBUG_TX][sending to arduino]{wire=H}
[2026-09-25T19:40:45.598+00:00][P1][INFO][DEBUG_TX][sending to arduino]{wire=H}
[2026-09-25T19:40:46.107+00:00][P1][INFO][DEBUG_TX][sending to arduino]{wire=H}
[2026-09-25T19:40:46.627+00:00][P1][INFO][DEBUG_TX][sending to arduino]{wire=H}
[2026-09-25T19:40:47.060+00:00][P1][INFO][DEBUG_TX][sending to arduino]{wire=H}
[2026-09-25T19:40:47.959+00:00][P1][INFO][DEBUG_TX][sending to arduino]{wire=H}
[2026-09-25T19:40:48.243+00:00][P1][INFO][DEBUG_TX][sending to arduino]{wire=H}
[2026-09-25T19:40:48.697+00:00][P1][INFO][DEBUG_TX][sending to arduino]{wire=H}
[2026-09-25T19:40:49.021+00:00][P1][INFO][DEBUG_TX][sending to arduino]{wire=H}
[2026-09-25T19:40:49.529+00:00][P1][INFO][DEBUG_TX][sending to arduino]{wire=H}
[2026-09-25T19:40:50.011+00:00][P1][INFO][DEBUG_TX][sending to arduino]{wire=H}
[2026-09-25T19:40:50.545+00:00][P1][INFO][DEBUG_TX][sending to arduino]{wire=H}
[2026-09-25T19:40:51.008+00:00][P1][INFO][DEBUG_TX][sending to arduino]{wire=H}
[2026-09-25T19:40:51.537+00:00][P1][INFO][DEBUG_TX][sending to arduino]{wire=H}
[2026-09-25T19:40:52.010+00:00][P1][INFO][DEBUG_TX][sending to arduino]{wire=H}
[2026-09-25T19:40:52.512+00:00][P1][INFO][DEBUG_TX][sending to arduino]{wire=H}
[2026-09-25T19:40:53.009+00:00][P1][INFO][DEBUG_TX][sending to arduino]{wire=H}
[2026-09-25T19:40:53.545+00:00][P1][INFO][DEBUG_TX][sending to arduino]{wire=H}
[2026-09-25T19:40:54.008+00:00][P1][INFO][DEBUG_TX][sending to arduino]{wire=H}
[2026-09-25T19:40:54.522+00:00][P1][INFO][DEBUG_TX][sending to arduino]{wire=H}
[2026-09-25T19:40:55.006+00:00][P1][INFO][DEBUG_TX][sending to arduino]{wire=H}
[2026-09-25T19:40:55.514+00:00][P1][INFO][DEBUG_TX][sending to arduino]{wire=H}
[2026-09-25T19:40:56.056+00:00][P1][INFO][DEBUG_TX][sending to arduino]{wire=H}
[2026-09-25T19:40:56.613+00:00][P1][INFO][DEBUG_TX][sending to arduino]{wire=H}
[2026-09-25T19:40:57.303+00:00][P1][INFO][DEBUG_TX][sending to arduino]{wire=H}
[2026-09-25T19:40:57.562+00:00][P1][INFO][DEBUG_TX][sending to arduino]{wire=H}
[2026-09-25T19:40:58.182+00:00][P1][INFO][DEBUG_TX][sending to arduino]{wire=H}
[2026-09-25T19:40:58.512+00:00][P1][INFO][DEBUG_TX][sending to arduino]{wire=H}
[2026-09-25T19:40:59.007+00:00][P1][INFO][DEBUG_TX][sending to arduino]{wire=H}
[2026-09-25T19:40:59.510+00:00][P1][INFO][DEBUG_TX][sending to arduino]{wire=H}
[2026-09-25T19:41:00.007+00:00][P1][INFO][DEBUG_TX][sending to arduino]{wire=H}
[2026-09-25T19:41:00.508+00:00][P1][INFO][DEBUG_TX][sending to arduino]{wire=H}
[2026-09-25T19:41:01.007+00:00][P1][INFO][DEBUG_TX][sending to arduino]{wire=H}
[2026-09-25T19:41:01.509+00:00][P1][INFO][DEBUG_TX][sending to arduino]{wire=H}
[2026-09-25T19:41:02.009+00:00][P1][INFO][DEBUG_TX][sending to arduino]{wire=H}
[2026-09-25T19:41:02.510+00:00][P1][INFO][DEBUG_TX][sending to arduino]{wire=H}
[2026-09-25T19:41:03.009+00:00][P1][INFO][DEBUG_TX][sending to arduino]{wire=H}
[2026-09-25T19:41:03.508+00:00][P1][INFO][DEBUG_TX][sending to arduino]{wire=H}
[2026-09-25T19:41:04.007+00:00][P1][INFO][DEBUG_TX][sending to arduino]{wire=H}
[2026-09-25T19:41:04.506+00:00][P1][INFO][DEBUG_TX][sending to arduino]{wire=H}
[2026-09-25T19:41:05.007+00:00][P1][INFO][DEBUG_TX][sending to arduino]{wire=H}
[2026-09-25T19:41:05.518+00:00][P1][INFO][DEBUG_TX][sending to arduino]{wire=H}
[2026-09-25T19:41:06.009+00:00][P1][INFO][DEBUG_TX][sending to arduino]{wire=H}
[2026-09-25T19:41:06.542+00:00][P1][INFO][DEBUG_TX][sending to arduino]{wire=H}
[2026-09-25T19:41:07.007+00:00][P1][INFO][DEBUG_TX][sending to arduino]{wire=H}
[2026-09-25T19:41:07.092+00:00][P1][INFO][DEBUG_TX][sending to arduino]{wire=F120}
[2026-09-25T19:41:07.514+00:00][P1][INFO][DEBUG_TX][sending to arduino]{wire=H}
[2026-09-25T19:41:08.008+00:00][P1][INFO][DEBUG_TX][sending to arduino]{wire=H}
[2026-09-25T19:41:08.509+00:00][P1][INFO][DEBUG_TX][sending to arduino]{wire=H}
[2026-09-25T19:41:08.674+00:00][P1][INFO][DEBUG_TX][sending to arduino]{wire=S}
[2026-09-25T19:41:08.850+00:00][P1][INFO][DEBUG_TX][sending to arduino]{wire=F120}
[2026-09-25T19:41:08.992+00:00][P1][INFO][DEBUG_TX][sending to arduino]{wire=S}
[2026-09-25T19:41:09.007+00:00][P1][INFO][DEBUG_TX][sending to arduino]{wire=H}
[2026-09-25T19:41:09.275+00:00][P1][INFO][DEBUG_TX][sending to arduino]{wire=S}
[2026-09-25T19:41:09.349+00:00][P1][INFO][DEBUG_TX][sending to arduino]{wire=F120}
[2026-09-25T19:41:09.509+00:00][P1][INFO][DEBUG_TX][sending to arduino]{wire=H}
[2026-09-25T19:41:10.009+00:00][P1][INFO][DEBUG_TX][sending to arduino]{wire=H}
[2026-09-25T19:41:10.511+00:00][P1][INFO][DEBUG_TX][sending to arduino]{wire=H}
[2026-09-25T19:41:10.710+00:00][P1][INFO][DEBUG_TX][sending to arduino]{wire=S}
[2026-09-25T19:41:10.964+00:00][P1][INFO][DEBUG_TX][sending to arduino]{wire=S}
[2026-09-25T19:41:11.008+00:00][P1][INFO][DEBUG_TX][sending to arduino]{wire=H}
[2026-09-25T19:41:11.066+00:00][P1][INFO][DEBUG_TX][sending to arduino]{wire=F120}
[2026-09-25T19:41:11.153+00:00][P1][INFO][DEBUG_TX][sending to arduino]{wire=S}
[2026-09-25T19:41:11.224+00:00][P1][INFO][DEBUG_TX][sending to arduino]{wire=F120}
[2026-09-25T19:41:11.321+00:00][P1][INFO][DEBUG_TX][sending to arduino]{wire=S}
[2026-09-25T19:41:11.520+00:00][P1][INFO][DEBUG_TX][sending to arduino]{wire=H}
[2026-09-25T19:41:11.570+00:00][P1][INFO][DEBUG_TX][sending to arduino]{wire=S}
[2026-09-25T19:41:11.616+00:00][P1][INFO][DEBUG_TX][sending to arduino]{wire=F120}
[2026-09-25T19:41:11.703+00:00][P1][INFO][DEBUG_TX][sending to arduino]{wire=S}
[2026-09-25T19:41:12.008+00:00][P1][INFO][DEBUG_TX][sending to arduino]{wire=H}
[2026-09-25T19:41:12.510+00:00][P1][INFO][DEBUG_TX][sending to arduino]{wire=H}
[2026-09-25T19:41:13.006+00:00][P1][INFO][DEBUG_TX][sending to arduino]{wire=H}
[2026-09-25T19:41:13.520+00:00][P1][INFO][DEBUG_TX][sending to arduino]{wire=H}
[2026-09-25T19:41:14.012+00:00][P1][INFO][DEBUG_TX][sending to arduino]{wire=H}
[2026-09-25T19:41:14.509+00:00][P1][INFO][DEBUG_TX][sending to arduino]{wire=H}
[2026-09-25T19:41:15.008+00:00][P1][INFO][DEBUG_TX][sending to arduino]{wire=H}
[2026-09-25T19:41:15.509+00:00][P1][INFO][DEBUG_TX][sending to arduino]{wire=H}
[2026-09-25T19:41:16.008+00:00][P1][INFO][DEBUG_TX][sending to arduino]{wire=H}
[2026-09-25T19:41:16.519+00:00][P1][INFO][DEBUG_TX][sending to arduino]{wire=H}
[2026-09-25T19:41:17.009+00:00][P1][INFO][DEBUG_TX][sending to arduino]{wire=H}
[2026-09-25T19:41:17.522+00:00][P1][INFO][DEBUG_TX][sending to arduino]{wire=H}
[2026-09-25T19:41:18.008+00:00][P1][INFO][DEBUG_TX][sending to arduino]{wire=H}
[2026-09-25T19:41:18.511+00:00][P1][INFO][DEBUG_TX][sending to arduino]{wire=F120}
[2026-09-25T19:41:18.518+00:00][P1][INFO][DEBUG_TX][sending to arduino]{wire=H}
[2026-09-25T19:41:18.768+00:00][P1][INFO][DEBUG_TX][sending to arduino]{wire=S}
[2026-09-25T19:41:18.772+00:00][P1][INFO][DEBUG_TX][sending to arduino]{wire=F120}
[2026-09-25T19:41:18.912+00:00][P1][INFO][DEBUG_TX][sending to arduino]{wire=S}
[2026-09-25T19:41:19.007+00:00][P1][INFO][DEBUG_TX][sending to arduino]{wire=H}
[2026-09-25T19:41:19.511+00:00][P1][INFO][DEBUG_TX][sending to arduino]{wire=H}
[2026-09-25T19:41:19.951+00:00][P1][INFO][DEBUG_TX][sending to arduino]{wire=F120}
[2026-09-25T19:41:20.007+00:00][P1][INFO][DEBUG_TX][sending to arduino]{wire=H}
[2026-09-25T19:41:20.061+00:00][P1][INFO][DEBUG_TX][sending to arduino]{wire=S}
[2026-09-25T19:41:20.189+00:00][P1][INFO][DEBUG_TX][sending to arduino]{wire=F120}
[2026-09-25T19:41:20.350+00:00][P1][INFO][DEBUG_TX][sending to arduino]{wire=S}
[2026-09-25T19:41:20.389+00:00][P1][INFO][DEBUG_TX][sending to arduino]{wire=F120}
[2026-09-25T19:41:20.534+00:00][P1][INFO][DEBUG_TX][sending to arduino]{wire=S}
[2026-09-25T19:41:20.549+00:00][P1][INFO][DEBUG_TX][sending to arduino]{wire=H}
[2026-09-25T19:41:20.581+00:00][P1][INFO][DEBUG_TX][sending to arduino]{wire=F120}
[2026-09-25T19:41:20.697+00:00][P1][INFO][DEBUG_TX][sending to arduino]{wire=S}
[2026-09-25T19:41:20.777+00:00][P1][INFO][DEBUG_TX][sending to arduino]{wire=F120}
[2026-09-25T19:41:21.009+00:00][P1][INFO][DEBUG_TX][sending to arduino]{wire=S}
[2026-09-25T19:41:21.017+00:00][P1][INFO][DEBUG_TX][sending to arduino]{wire=F120}
[2026-09-25T19:41:21.021+00:00][P1][INFO][DEBUG_TX][sending to arduino]{wire=H}
[2026-09-25T19:41:21.082+00:00][P1][INFO][DEBUG_TX][sending to arduino]{wire=S}
[2026-09-25T19:41:21.177+00:00][P1][INFO][DEBUG_TX][sending to arduino]{wire=F120}
[2026-09-25T19:41:21.279+00:00][P1][INFO][DEBUG_TX][sending to arduino]{wire=S}
[2026-09-25T19:41:21.372+00:00][P1][INFO][DEBUG_TX][sending to arduino]{wire=F120}
[2026-09-25T19:41:21.466+00:00][P1][INFO][DEBUG_TX][sending to arduino]{wire=S}
[2026-09-25T19:41:21.512+00:00][P1][INFO][DEBUG_TX][sending to arduino]{wire=H}
[2026-09-25T19:41:21.566+00:00][P1][INFO][DEBUG_TX][sending to arduino]{wire=F120}
[2026-09-25T19:41:21.659+00:00][P1][INFO][DEBUG_TX][sending to arduino]{wire=S}
[2026-09-25T19:41:21.756+00:00][P1][INFO][DEBUG_TX][sending to arduino]{wire=F120}
[2026-09-25T19:41:21.861+00:00][P1][INFO][DEBUG_TX][sending to arduino]{wire=S}
[2026-09-25T19:41:21.966+00:00][P1][INFO][DEBUG_TX][sending to arduino]{wire=F120}
[2026-09-25T19:41:22.008+00:00][P1][INFO][DEBUG_TX][sending to arduino]{wire=H}
[2026-09-25T19:41:22.067+00:00][P1][INFO][DEBUG_TX][sending to arduino]{wire=S}
[2026-09-25T19:41:22.279+00:00][P1][INFO][DEBUG_TX][sending to arduino]{wire=S}
[2026-09-25T19:41:22.366+00:00][P1][INFO][DEBUG_TX][sending to arduino]{wire=F120}
[2026-09-25T19:41:22.435+00:00][P1][INFO][DEBUG_TX][sending to arduino]{wire=S}
[2026-09-25T19:41:22.517+00:00][P1][INFO][DEBUG_TX][sending to arduino]{wire=H}
[2026-09-25T19:41:22.551+00:00][P1][INFO][DEBUG_TX][sending to arduino]{wire=F120}
[2026-09-25T19:41:22.633+00:00][P1][INFO][DEBUG_TX][sending to arduino]{wire=S}
[2026-09-25T19:41:22.755+00:00][P1][INFO][DEBUG_TX][sending to arduino]{wire=F120}
[2026-09-25T19:41:22.859+00:00][P1][INFO][DEBUG_TX][sending to arduino]{wire=S}
[2026-09-25T19:41:22.924+00:00][P1][INFO][DEBUG_TX][sending to arduino]{wire=F120}
[2026-09-25T19:41:22.937+00:00][P1][INFO][DEBUG_RX][arduino line]{line=ALERT_OBSTACLE}
[2026-09-25T19:41:22.940+00:00][P1][WARNING][FW_OBSTACLE][forward blocked by obstacle]
[2026-09-25T19:41:23.010+00:00][P1][INFO][DEBUG_TX][sending to arduino]{wire=H}
[2026-09-25T19:41:23.034+00:00][P1][INFO][DEBUG_TX][sending to arduino]{wire=S}
[2026-09-25T19:41:23.145+00:00][P1][INFO][DEBUG_TX][sending to arduino]{wire=F120}
[2026-09-25T19:41:23.259+00:00][P1][INFO][DEBUG_TX][sending to arduino]{wire=S}
[2026-09-25T19:41:23.327+00:00][P1][INFO][DEBUG_TX][sending to arduino]{wire=F120}
[2026-09-25T19:41:23.336+00:00][P1][INFO][DEBUG_RX][arduino line]{line=ALERT_OBSTACLE}
[2026-09-25T19:41:23.338+00:00][P1][WARNING][FW_OBSTACLE][forward blocked by obstacle]
[2026-09-25T19:41:23.482+00:00][P1][INFO][DEBUG_TX][sending to arduino]{wire=S}
[2026-09-25T19:41:23.515+00:00][P1][INFO][DEBUG_TX][sending to arduino]{wire=H}
[2026-09-25T19:41:23.679+00:00][P1][INFO][DEBUG_TX][sending to arduino]{wire=S}
[2026-09-25T19:41:23.775+00:00][P1][INFO][DEBUG_TX][sending to arduino]{wire=F120}
[2026-09-25T19:41:23.876+00:00][P1][INFO][DEBUG_TX][sending to arduino]{wire=S}
[2026-09-25T19:41:23.974+00:00][P1][INFO][DEBUG_TX][sending to arduino]{wire=F120}
[2026-09-25T19:41:24.010+00:00][P1][INFO][DEBUG_TX][sending to arduino]{wire=H}
[2026-09-25T19:41:24.115+00:00][P1][INFO][DEBUG_TX][sending to arduino]{wire=S}
[2026-09-25T19:41:24.507+00:00][P1][INFO][DEBUG_TX][sending to arduino]{wire=H}
[2026-09-25T19:41:25.007+00:00][P1][INFO][DEBUG_TX][sending to arduino]{wire=H}
[2026-09-25T19:41:25.514+00:00][P1][INFO][DEBUG_TX][sending to arduino]{wire=H}
[2026-09-25T19:41:26.007+00:00][P1][INFO][DEBUG_TX][sending to arduino]{wire=H}
[2026-09-25T19:41:26.526+00:00][P1][INFO][DEBUG_TX][sending to arduino]{wire=H}
[2026-09-25T19:41:27.010+00:00][P1][INFO][DEBUG_TX][sending to arduino]{wire=H}
[2026-09-25T19:41:27.506+00:00][P1][INFO][DEBUG_TX][sending to arduino]{wire=H}
[2026-09-25T19:41:28.007+00:00][P1][INFO][DEBUG_TX][sending to arduino]{wire=H}
[2026-09-25T19:41:28.527+00:00][P1][INFO][DEBUG_TX][sending to arduino]{wire=H}
[2026-09-25T19:41:29.010+00:00][P1][INFO][DEBUG_TX][sending to arduino]{wire=H}
[2026-09-25T19:41:29.550+00:00][P1][INFO][DEBUG_TX][sending to arduino]{wire=H}
[2026-09-25T19:41:30.009+00:00][P1][INFO][DEBUG_TX][sending to arduino]{wire=H}
[2026-09-25T19:41:30.506+00:00][P1][INFO][DEBUG_TX][sending to arduino]{wire=H}
[2026-09-25T19:41:31.008+00:00][P1][INFO][DEBUG_TX][sending to arduino]{wire=H}
[2026-09-25T19:41:31.533+00:00][P1][INFO][DEBUG_TX][sending to arduino]{wire=H}
[2026-09-25T19:41:32.008+00:00][P1][INFO][DEBUG_TX][sending to arduino]{wire=H}
[2026-09-25T19:41:32.515+00:00][P1][INFO][DEBUG_TX][sending to arduino]{wire=H}
[2026-09-25T19:41:33.011+00:00][P1][INFO][DEBUG_TX][sending to arduino]{wire=H}
[2026-09-25T19:41:33.531+00:00][P1][INFO][DEBUG_TX][sending to arduino]{wire=H}
[2026-09-25T19:41:34.007+00:00][P1][INFO][DEBUG_TX][sending to arduino]{wire=H}
[2026-09-25T19:41:34.525+00:00][P1][INFO][DEBUG_TX][sending to arduino]{wire=H}
[2026-09-25T19:41:35.017+00:00][P1][INFO][DEBUG_TX][sending to arduino]{wire=H}
[2026-09-25T19:41:35.549+00:00][P1][INFO][DEBUG_TX][sending to arduino]{wire=H}
[2026-09-25T19:41:36.009+00:00][P1][INFO][DEBUG_TX][sending to arduino]{wire=H}
[2026-09-25T19:41:36.511+00:00][P1][INFO][DEBUG_TX][sending to arduino]{wire=H}
[2026-09-25T19:41:37.007+00:00][P1][INFO][DEBUG_TX][sending to arduino]{wire=H}
[2026-09-25T19:41:37.515+00:00][P1][INFO][DEBUG_TX][sending to arduino]{wire=H}
[2026-09-25T19:41:38.009+00:00][P1][INFO][DEBUG_TX][sending to arduino]{wire=H}
[2026-09-25T19:41:38.527+00:00][P1][INFO][DEBUG_TX][sending to arduino]{wire=H}
[2026-09-25T19:41:39.007+00:00][P1][INFO][DEBUG_TX][sending to arduino]{wire=H}
[2026-09-25T19:41:39.520+00:00][P1][INFO][DEBUG_TX][sending to arduino]{wire=H}
[2026-09-25T19:41:40.008+00:00][P1][INFO][DEBUG_TX][sending to arduino]{wire=H}
[2026-09-25T19:41:40.512+00:00][P1][INFO][DEBUG_TX][sending to arduino]{wire=H}
[2026-09-25T19:41:41.011+00:00][P1][INFO][DEBUG_TX][sending to arduino]{wire=H}
[2026-09-25T19:41:41.523+00:00][P1][INFO][DEBUG_TX][sending to arduino]{wire=H}
[2026-09-25T19:41:42.009+00:00][P1][INFO][DEBUG_TX][sending to arduino]{wire=H}
[2026-09-25T19:41:42.513+00:00][P1][INFO][DEBUG_TX][sending to arduino]{wire=H}
[2026-09-25T19:41:43.009+00:00][P1][INFO][DEBUG_TX][sending to arduino]{wire=H}
[2026-09-25T19:41:43.522+00:00][P1][INFO][DEBUG_TX][sending to arduino]{wire=H}
[2026-09-25T19:41:44.008+00:00][P1][INFO][DEBUG_TX][sending to arduino]{wire=H}
[2026-09-25T19:41:44.509+00:00][P1][INFO][DEBUG_TX][sending to arduino]{wire=H}
[2026-09-25T19:41:45.010+00:00][P1][INFO][DEBUG_TX][sending to arduino]{wire=H}
[2026-09-25T19:41:45.508+00:00][P1][INFO][DEBUG_TX][sending to arduino]{wire=H}
[2026-09-25T19:41:46.016+00:00][P1][INFO][DEBUG_TX][sending to arduino]{wire=H}
[2026-09-25T19:41:46.507+00:00][P1][INFO][DEBUG_TX][sending to arduino]{wire=H}
[2026-09-25T19:41:47.007+00:00][P1][INFO][DEBUG_TX][sending to arduino]{wire=H}
[2026-09-25T19:41:47.509+00:00][P1][INFO][DEBUG_TX][sending to arduino]{wire=H}
[2026-09-25T19:41:48.008+00:00][P1][INFO][DEBUG_TX][sending to arduino]{wire=H}
[2026-09-25T19:41:48.514+00:00][P1][INFO][DEBUG_TX][sending to arduino]{wire=H}
[2026-09-25T19:41:49.008+00:00][P1][INFO][DEBUG_TX][sending to arduino]{wire=H}
[2026-09-25T19:41:49.509+00:00][P1][INFO][DEBUG_TX][sending to arduino]{wire=H}
[2026-09-25T19:41:50.010+00:00][P1][INFO][DEBUG_TX][sending to arduino]{wire=H}
[2026-09-25T19:41:50.516+00:00][P1][INFO][DEBUG_TX][sending to arduino]{wire=H}
[2026-09-25T19:41:51.007+00:00][P1][INFO][DEBUG_TX][sending to arduino]{wire=H}
[2026-09-25T19:41:51.513+00:00][P1][INFO][DEBUG_TX][sending to arduino]{wire=H}
[2026-09-25T19:41:52.006+00:00][P1][INFO][DEBUG_TX][sending to arduino]{wire=H}
[2026-09-25T19:41:52.517+00:00][P1][INFO][DEBUG_TX][sending to arduino]{wire=H}
[2026-09-25T19:41:53.007+00:00][P1][INFO][DEBUG_TX][sending to arduino]{wire=H}
[2026-09-25T19:41:53.527+00:00][P1][INFO][DEBUG_TX][sending to arduino]{wire=H}
[2026-09-25T19:41:54.009+00:00][P1][INFO][DEBUG_TX][sending to arduino]{wire=H}
[2026-09-25T19:41:54.521+00:00][P1][INFO][DEBUG_TX][sending to arduino]{wire=H}
[2026-09-25T19:41:55.007+00:00][P1][INFO][DEBUG_TX][sending to arduino]{wire=H}
[2026-09-25T19:41:55.513+00:00][P1][INFO][DEBUG_TX][sending to arduino]{wire=H}
[2026-09-25T19:41:56.011+00:00][P1][INFO][DEBUG_TX][sending to arduino]{wire=H}
[2026-09-25T19:41:56.532+00:00][P1][INFO][DEBUG_TX][sending to arduino]{wire=H}
[2026-09-25T19:41:57.010+00:00][P1][INFO][DEBUG_TX][sending to arduino]{wire=H}
[2026-09-25T19:41:57.551+00:00][P1][INFO][DEBUG_TX][sending to arduino]{wire=H}
[2026-09-25T19:41:58.055+00:00][P1][INFO][DEBUG_TX][sending to arduino]{wire=H}
[2026-09-25T19:41:58.512+00:00][P1][INFO][DEBUG_TX][sending to arduino]{wire=H}
[2026-09-25T19:41:59.009+00:00][P1][INFO][DEBUG_TX][sending to arduino]{wire=H}
[2026-09-25T19:41:59.521+00:00][P1][INFO][DEBUG_TX][sending to arduino]{wire=H}
[2026-09-25T19:42:00.009+00:00][P1][INFO][DEBUG_TX][sending to arduino]{wire=H}
[2026-09-25T19:42:00.509+00:00][P1][INFO][DEBUG_TX][sending to arduino]{wire=H}
[2026-09-25T19:42:01.010+00:00][P1][INFO][DEBUG_TX][sending to arduino]{wire=H}
[2026-09-25T19:42:01.513+00:00][P1][INFO][DEBUG_TX][sending to arduino]{wire=H}
[2026-09-25T19:42:02.009+00:00][P1][INFO][DEBUG_TX][sending to arduino]{wire=H}
[2026-09-25T19:42:02.509+00:00][P1][INFO][DEBUG_TX][sending to arduino]{wire=H}
[2026-09-25T19:42:03.007+00:00][P1][INFO][DEBUG_TX][sending to arduino]{wire=H}
[2026-09-25T19:42:03.527+00:00][P1][INFO][DEBUG_TX][sending to arduino]{wire=H}
[2026-09-25T19:42:04.010+00:00][P1][INFO][DEBUG_TX][sending to arduino]{wire=H}
[2026-09-25T19:42:04.514+00:00][P1][INFO][DEBUG_TX][sending to arduino]{wire=H}
[2026-09-25T19:42:05.007+00:00][P1][INFO][DEBUG_TX][sending to arduino]{wire=H}
[2026-09-25T19:42:05.517+00:00][P1][INFO][DEBUG_TX][sending to arduino]{wire=H}
[2026-09-25T19:42:06.007+00:00][P1][INFO][DEBUG_TX][sending to arduino]{wire=H}
[2026-09-25T19:42:06.508+00:00][P1][INFO][DEBUG_TX][sending to arduino]{wire=H}
[2026-09-25T19:42:07.009+00:00][P1][INFO][DEBUG_TX][sending to arduino]{wire=H}
[2026-09-25T19:42:07.509+00:00][P1][INFO][DEBUG_TX][sending to arduino]{wire=H}
[2026-09-25T19:42:08.009+00:00][P1][INFO][DEBUG_TX][sending to arduino]{wire=H}
[2026-09-25T19:42:08.514+00:00][P1][INFO][DEBUG_TX][sending to arduino]{wire=H}
[2026-09-25T19:42:09.008+00:00][P1][INFO][DEBUG_TX][sending to arduino]{wire=H}
[2026-09-25T19:42:09.562+00:00][P1][INFO][DEBUG_TX][sending to arduino]{wire=H}
[2026-09-25T19:42:10.050+00:00][P1][INFO][DEBUG_TX][sending to arduino]{wire=H}
[2026-09-25T19:42:10.783+00:00][P1][INFO][DEBUG_TX][sending to arduino]{wire=H}
[2026-09-25T19:42:11.053+00:00][P1][INFO][DEBUG_TX][sending to arduino]{wire=H}
[2026-09-25T19:42:11.541+00:00][P1][INFO][DEBUG_TX][sending to arduino]{wire=H}
[2026-09-25T19:42:12.019+00:00][P1][INFO][DEBUG_TX][sending to arduino]{wire=H}
[2026-09-25T19:42:12.530+00:00][P1][INFO][DEBUG_TX][sending to arduino]{wire=H}
[2026-09-25T19:42:13.258+00:00][P1][INFO][DEBUG_TX][sending to arduino]{wire=H}
[2026-09-25T19:42:13.588+00:00][P1][INFO][DEBUG_TX][sending to arduino]{wire=H}
[2026-09-25T19:42:14.073+00:00][P1][INFO][DEBUG_TX][sending to arduino]{wire=H}
[2026-09-25T19:42:14.604+00:00][P1][INFO][DEBUG_TX][sending to arduino]{wire=H}
[2026-09-25T19:42:15.154+00:00][P1][INFO][DEBUG_TX][sending to arduino]{wire=H}
[2026-09-25T19:42:15.634+00:00][P1][INFO][DEBUG_TX][sending to arduino]{wire=H}
[2026-09-25T19:42:16.027+00:00][P1][INFO][DEBUG_TX][sending to arduino]{wire=H}
[2026-09-25T19:42:16.537+00:00][P1][INFO][DEBUG_TX][sending to arduino]{wire=H}
[2026-09-25T19:42:17.218+00:00][P1][INFO][DEBUG_TX][sending to arduino]{wire=H}
[2026-09-25T19:42:17.861+00:00][P1][INFO][DEBUG_TX][sending to arduino]{wire=H}
[2026-09-25T19:42:18.089+00:00][P1][INFO][DEBUG_TX][sending to arduino]{wire=H}
[2026-09-25T19:42:18.545+00:00][P1][INFO][DEBUG_TX][sending to arduino]{wire=H}
[2026-09-25T19:42:19.253+00:00][P1][INFO][DEBUG_TX][sending to arduino]{wire=H}
[2026-09-25T19:42:19.529+00:00][P1][INFO][DEBUG_TX][sending to arduino]{wire=H}
[2026-09-25T19:42:20.022+00:00][P1][INFO][DEBUG_TX][sending to arduino]{wire=H}
[2026-09-25T19:42:20.705+00:00][P1][INFO][DEBUG_TX][sending to arduino]{wire=H}
[2026-09-25T19:42:21.055+00:00][P1][INFO][DEBUG_TX][sending to arduino]{wire=H}
[2026-09-25T19:42:21.593+00:00][P1][INFO][DEBUG_TX][sending to arduino]{wire=H}
[2026-09-25T19:42:22.011+00:00][P1][INFO][DEBUG_TX][sending to arduino]{wire=H}
[2026-09-25T19:42:22.610+00:00][P1][INFO][DEBUG_TX][sending to arduino]{wire=H}
[2026-09-25T19:42:23.048+00:00][P1][INFO][DEBUG_TX][sending to arduino]{wire=H}
[2026-09-25T19:42:23.536+00:00][P1][INFO][DEBUG_TX][sending to arduino]{wire=H}
[2026-09-25T19:42:24.011+00:00][P1][INFO][DEBUG_TX][sending to arduino]{wire=H}
[2026-09-25T19:42:24.532+00:00][P1][INFO][DEBUG_TX][sending to arduino]{wire=H}
[2026-09-25T19:42:25.008+00:00][P1][INFO][DEBUG_TX][sending to arduino]{wire=H}
[2026-09-25T19:42:25.537+00:00][P1][INFO][DEBUG_TX][sending to arduino]{wire=H}
[2026-09-25T19:42:26.008+00:00][P1][INFO][DEBUG_TX][sending to arduino]{wire=H}
[2026-09-25T19:42:26.521+00:00][P1][INFO][DEBUG_TX][sending to arduino]{wire=H}
[2026-09-25T19:42:27.101+00:00][P1][INFO][DEBUG_TX][sending to arduino]{wire=H}
[2026-09-25T19:42:27.439+00:00][P1][INFO][DEBUG_TX][sending to arduino]{wire=F120}
[2026-09-25T19:42:27.730+00:00][P1][INFO][DEBUG_TX][sending to arduino]{wire=H}
[2026-09-25T19:42:27.802+00:00][P1][INFO][DEBUG_TX][sending to arduino]{wire=S}
[2026-09-25T19:42:28.119+00:00][P1][INFO][DEBUG_TX][sending to arduino]{wire=F120}
[2026-09-25T19:42:28.128+00:00][P1][INFO][DEBUG_TX][sending to arduino]{wire=S}
[2026-09-25T19:42:28.139+00:00][P1][INFO][DEBUG_TX][sending to arduino]{wire=H}
[2026-09-25T19:42:28.313+00:00][P1][INFO][DEBUG_TX][sending to arduino]{wire=F120}
[2026-09-25T19:42:28.515+00:00][P1][INFO][DEBUG_TX][sending to arduino]{wire=H}
[2026-09-25T19:42:29.014+00:00][P1][INFO][DEBUG_TX][sending to arduino]{wire=H}
[2026-09-25T19:42:29.195+00:00][P1][INFO][DEBUG_TX][sending to arduino]{wire=S}
[2026-09-25T19:42:29.266+00:00][P1][INFO][DEBUG_TX][sending to arduino]{wire=F120}
[2026-09-25T19:42:29.577+00:00][P1][INFO][DEBUG_TX][sending to arduino]{wire=S}
[2026-09-25T19:42:29.867+00:00][P1][INFO][DEBUG_TX][sending to arduino]{wire=H}
[2026-09-25T19:42:30.093+00:00][P1][INFO][DEBUG_TX][sending to arduino]{wire=H}
[2026-09-25T19:42:30.559+00:00][P1][INFO][DEBUG_TX][sending to arduino]{wire=H}
[2026-09-25T19:42:31.015+00:00][P1][INFO][DEBUG_TX][sending to arduino]{wire=H}
[2026-09-25T19:42:31.539+00:00][P1][INFO][DEBUG_TX][sending to arduino]{wire=H}
[2026-09-25T19:42:32.007+00:00][P1][INFO][DEBUG_TX][sending to arduino]{wire=H}
[2026-09-25T19:42:32.534+00:00][P1][INFO][DEBUG_TX][sending to arduino]{wire=H}
[2026-09-25T19:42:33.009+00:00][P1][INFO][DEBUG_TX][sending to arduino]{wire=H}
[2026-09-25T19:42:33.559+00:00][P1][INFO][DEBUG_TX][sending to arduino]{wire=H}
[2026-09-25T19:42:34.185+00:00][P1][INFO][DEBUG_TX][sending to arduino]{wire=H}
[2026-09-25T19:42:34.729+00:00][P1][INFO][DEBUG_TX][sending to arduino]{wire=H}
[2026-09-25T19:42:35.056+00:00][P1][INFO][DEBUG_TX][sending to arduino]{wire=H}
[2026-09-25T19:42:35.516+00:00][P1][INFO][DEBUG_TX][sending to arduino]{wire=H}
[2026-09-25T19:42:36.009+00:00][P1][INFO][DEBUG_TX][sending to arduino]{wire=H}
[2026-09-25T19:42:36.539+00:00][P1][INFO][DEBUG_TX][sending to arduino]{wire=H}
[2026-09-25T19:42:37.010+00:00][P1][INFO][DEBUG_TX][sending to arduino]{wire=H}
[2026-09-25T19:42:37.809+00:00][P1][INFO][DEBUG_TX][sending to arduino]{wire=H}
[2026-09-25T19:42:38.011+00:00][P1][INFO][DEBUG_TX][sending to arduino]{wire=H}
[2026-09-25T19:42:38.512+00:00][P1][INFO][DEBUG_TX][sending to arduino]{wire=H}
[2026-09-25T19:42:39.012+00:00][P1][INFO][DEBUG_TX][sending to arduino]{wire=H}
[2026-09-25T19:42:39.578+00:00][P1][INFO][DEBUG_TX][sending to arduino]{wire=H}
[2026-09-25T19:42:40.015+00:00][P1][INFO][DEBUG_TX][sending to arduino]{wire=H}
[2026-09-25T19:42:40.542+00:00][P1][INFO][DEBUG_TX][sending to arduino]{wire=H}
[2026-09-25T19:42:41.010+00:00][P1][INFO][DEBUG_TX][sending to arduino]{wire=H}
[2026-09-25T19:42:41.515+00:00][P1][INFO][DEBUG_TX][sending to arduino]{wire=H}
[2026-09-25T19:42:42.013+00:00][P1][INFO][DEBUG_TX][sending to arduino]{wire=H}
[2026-09-25T19:42:42.571+00:00][P1][INFO][DEBUG_TX][sending to arduino]{wire=H}
[2026-09-25T19:42:43.009+00:00][P1][INFO][DEBUG_TX][sending to arduino]{wire=H}
[2026-09-25T19:42:43.510+00:00][P1][INFO][DEBUG_TX][sending to arduino]{wire=H}
[2026-09-25T19:42:44.010+00:00][P1][INFO][DEBUG_TX][sending to arduino]{wire=H}
[2026-09-25T19:42:44.527+00:00][P1][INFO][DEBUG_TX][sending to arduino]{wire=H}
[2026-09-25T19:42:45.009+00:00][P1][INFO][DEBUG_TX][sending to arduino]{wire=H}
[2026-09-25T19:42:45.518+00:00][P1][INFO][DEBUG_TX][sending to arduino]{wire=H}
[2026-09-25T19:42:46.009+00:00][P1][INFO][DEBUG_TX][sending to arduino]{wire=H}
[2026-09-25T19:42:46.578+00:00][P1][INFO][DEBUG_TX][sending to arduino]{wire=H}
[2026-09-25T19:42:47.010+00:00][P1][INFO][DEBUG_TX][sending to arduino]{wire=H}
[2026-09-25T19:42:47.537+00:00][P1][INFO][DEBUG_TX][sending to arduino]{wire=H}
[2026-09-25T19:42:48.011+00:00][P1][INFO][DEBUG_TX][sending to arduino]{wire=H}
[2026-09-25T19:42:48.540+00:00][P1][INFO][DEBUG_TX][sending to arduino]{wire=H}
[2026-09-25T19:42:49.009+00:00][P1][INFO][DEBUG_TX][sending to arduino]{wire=H}
[2026-09-25T19:42:49.541+00:00][P1][INFO][DEBUG_TX][sending to arduino]{wire=H}
[2026-09-25T19:42:50.009+00:00][P1][INFO][DEBUG_TX][sending to arduino]{wire=H}
[2026-09-25T19:42:50.545+00:00][P1][INFO][DEBUG_TX][sending to arduino]{wire=H}
[2026-09-25T19:42:51.020+00:00][P1][INFO][DEBUG_TX][sending to arduino]{wire=H}
[2026-09-25T19:42:51.512+00:00][P1][INFO][DEBUG_TX][sending to arduino]{wire=H}
[2026-09-25T19:42:52.010+00:00][P1][INFO][DEBUG_TX][sending to arduino]{wire=H}
[2026-09-25T19:42:52.530+00:00][P1][INFO][DEBUG_TX][sending to arduino]{wire=H}
[2026-09-25T19:42:53.010+00:00][P1][INFO][DEBUG_TX][sending to arduino]{wire=H}
[2026-09-25T19:42:53.534+00:00][P1][INFO][DEBUG_TX][sending to arduino]{wire=H}
[2026-09-25T19:42:54.012+00:00][P1][INFO][DEBUG_TX][sending to arduino]{wire=H}
[2026-09-25T19:42:54.521+00:00][P1][INFO][DEBUG_TX][sending to arduino]{wire=H}
[2026-09-25T19:42:55.074+00:00][P1][INFO][DEBUG_TX][sending to arduino]{wire=H}
[2026-09-25T19:42:55.628+00:00][P1][INFO][DEBUG_TX][sending to arduino]{wire=H}
[2026-09-25T19:42:56.011+00:00][P1][INFO][DEBUG_TX][sending to arduino]{wire=H}
[2026-09-25T19:42:56.530+00:00][P1][INFO][DEBUG_TX][sending to arduino]{wire=H}
[2026-09-25T19:42:57.014+00:00][P1][INFO][DEBUG_TX][sending to arduino]{wire=H}
[2026-09-25T19:42:57.520+00:00][P1][INFO][DEBUG_TX][sending to arduino]{wire=H}
[2026-09-25T19:42:58.031+00:00][P1][INFO][DEBUG_TX][sending to arduino]{wire=H}
[2026-09-25T19:42:58.551+00:00][P1][INFO][DEBUG_TX][sending to arduino]{wire=H}
[2026-09-25T19:42:59.129+00:00][P1][INFO][DEBUG_TX][sending to arduino]{wire=H}
[2026-09-25T19:42:59.545+00:00][P1][INFO][DEBUG_TX][sending to arduino]{wire=H}
[2026-09-25T19:43:00.009+00:00][P1][INFO][DEBUG_TX][sending to arduino]{wire=H}
[2026-09-25T19:43:00.509+00:00][P1][INFO][DEBUG_TX][sending to arduino]{wire=H}
[2026-09-25T19:43:01.009+00:00][P1][INFO][DEBUG_TX][sending to arduino]{wire=H}
[2026-09-25T19:43:01.518+00:00][P1][INFO][DEBUG_TX][sending to arduino]{wire=H}
[2026-09-25T19:43:02.077+00:00][P1][INFO][DEBUG_TX][sending to arduino]{wire=H}
[2026-09-25T19:43:02.535+00:00][P1][INFO][DEBUG_TX][sending to arduino]{wire=H}
[2026-09-25T19:43:03.010+00:00][P1][INFO][DEBUG_TX][sending to arduino]{wire=H}
[2026-09-25T19:43:03.513+00:00][P1][INFO][DEBUG_TX][sending to arduino]{wire=H}
[2026-09-25T19:43:04.021+00:00][P1][INFO][DEBUG_TX][sending to arduino]{wire=H}
[2026-09-25T19:43:04.509+00:00][P1][INFO][DEBUG_TX][sending to arduino]{wire=H}
[2026-09-25T19:43:05.010+00:00][P1][INFO][DEBUG_TX][sending to arduino]{wire=H}
[2026-09-25T19:43:05.511+00:00][P1][INFO][DEBUG_TX][sending to arduino]{wire=H}
[2026-09-25T19:43:06.007+00:00][P1][INFO][DEBUG_TX][sending to arduino]{wire=H}
[2026-09-25T19:43:06.509+00:00][P1][INFO][DEBUG_TX][sending to arduino]{wire=H}
[2026-09-25T19:43:07.014+00:00][P1][INFO][DEBUG_TX][sending to arduino]{wire=H}
[2026-09-25T19:43:07.529+00:00][P1][INFO][DEBUG_TX][sending to arduino]{wire=H}
[2026-09-25T19:43:08.006+00:00][P1][INFO][DEBUG_TX][sending to arduino]{wire=H}
[2026-09-25T19:43:08.514+00:00][P1][INFO][DEBUG_TX][sending to arduino]{wire=H}
[2026-09-25T19:43:09.007+00:00][P1][INFO][DEBUG_TX][sending to arduino]{wire=H}
[2026-09-25T19:43:09.523+00:00][P1][INFO][DEBUG_TX][sending to arduino]{wire=H}
[2026-09-25T19:43:10.007+00:00][P1][INFO][DEBUG_TX][sending to arduino]{wire=H}
[2026-09-25T19:43:10.526+00:00][P1][INFO][DEBUG_TX][sending to arduino]{wire=H}
[2026-09-25T19:43:11.006+00:00][P1][INFO][DEBUG_TX][sending to arduino]{wire=H}
[2026-09-25T19:43:11.552+00:00][P1][INFO][DEBUG_TX][sending to arduino]{wire=H}
[2026-09-25T19:43:12.007+00:00][P1][INFO][DEBUG_TX][sending to arduino]{wire=H}
[2026-09-25T19:43:12.676+00:00][P1][INFO][DEBUG_TX][sending to arduino]{wire=H}
[2026-09-25T19:43:13.049+00:00][P1][INFO][DEBUG_TX][sending to arduino]{wire=H}
[2026-09-25T19:43:13.509+00:00][P1][INFO][DEBUG_TX][sending to arduino]{wire=H}
[2026-09-25T19:43:14.007+00:00][P1][INFO][DEBUG_TX][sending to arduino]{wire=H}
[2026-09-25T19:43:14.535+00:00][P1][INFO][DEBUG_TX][sending to arduino]{wire=H}
[2026-09-25T19:43:15.011+00:00][P1][INFO][DEBUG_TX][sending to arduino]{wire=H}
[2026-09-25T19:43:15.507+00:00][P1][INFO][DEBUG_TX][sending to arduino]{wire=H}
[2026-09-25T19:43:16.011+00:00][P1][INFO][DEBUG_TX][sending to arduino]{wire=H}
[2026-09-25T19:43:16.509+00:00][P1][INFO][DEBUG_TX][sending to arduino]{wire=H}
[2026-09-25T19:43:17.014+00:00][P1][INFO][DEBUG_TX][sending to arduino]{wire=H}
[2026-09-25T19:43:17.530+00:00][P1][INFO][DEBUG_TX][sending to arduino]{wire=H}
[2026-09-25T19:43:18.009+00:00][P1][INFO][DEBUG_TX][sending to arduino]{wire=H}
[2026-09-25T19:43:18.530+00:00][P1][INFO][DEBUG_TX][sending to arduino]{wire=H}
[2026-09-25T19:43:19.010+00:00][P1][INFO][DEBUG_TX][sending to arduino]{wire=H}
[2026-09-25T19:43:19.526+00:00][P1][INFO][DEBUG_TX][sending to arduino]{wire=H}
[2026-09-25T19:43:20.009+00:00][P1][INFO][DEBUG_TX][sending to arduino]{wire=H}
[2026-09-25T19:43:20.513+00:00][P1][INFO][DEBUG_TX][sending to arduino]{wire=H}
[2026-09-25T19:43:21.059+00:00][P1][INFO][DEBUG_TX][sending to arduino]{wire=H}
[2026-09-25T19:43:21.697+00:00][P1][INFO][DEBUG_TX][sending to arduino]{wire=H}
[2026-09-25T19:43:22.151+00:00][P1][INFO][DEBUG_TX][sending to arduino]{wire=H}
[2026-09-25T19:43:22.641+00:00][P1][INFO][DEBUG_TX][sending to arduino]{wire=H}
[2026-09-25T19:43:23.297+00:00][P1][INFO][DEBUG_TX][sending to arduino]{wire=H}
[2026-09-25T19:43:24.298+00:00][P1][INFO][WS_CONTROLLER_RELEASED][controller slot free]{client=c2}
[2026-09-25T19:43:24.302+00:00][P1][INFO][WS_DISCONNECT][client disconnected]{client=c2 total=0}
[2026-09-25T19:43:24.304+00:00][P1][INFO][DEBUG_TX][sending to arduino]{wire=S}
[2026-09-25T19:43:29.697+00:00][P1][INFO][WS_CONNECT][client connected]{client=c3 total=1}
[2026-09-25T19:43:29.777+00:00][P1][INFO][DEBUG_TX][sending to arduino]{wire=H}
[2026-09-25T19:43:30.302+00:00][P1][INFO][DEBUG_TX][sending to arduino]{wire=H}
[2026-09-25T19:43:30.704+00:00][P1][INFO][DEBUG_TX][sending to arduino]{wire=H}
[2026-09-25T19:43:31.204+00:00][P1][INFO][DEBUG_TX][sending to arduino]{wire=H}
[2026-09-25T19:43:31.251+00:00][P1][INFO][WS_CONTROLLER_RELEASED][controller slot free]{client=c3}
[2026-09-25T19:43:31.254+00:00][P1][INFO][WS_DISCONNECT][client disconnected]{client=c3 total=0}
[2026-09-25T19:43:31.255+00:00][P1][INFO][DEBUG_TX][sending to arduino]{wire=S}
[2026-09-25T19:43:47.702+00:00][P1][INFO][MOCK_HARDWARE][using emulated arduino]
[2026-09-25T19:43:47.706+00:00][P1][INFO][SERIAL_OPEN][serial port opened]{port=mock}
[2026-09-25T19:43:50.325+00:00][P1][INFO][HANDSHAKE_OK][arduino ready]
[2026-09-25T19:43:50.341+00:00][P1][INFO][SESSION_OPEN][control server ready]{session=5e576842-1498-40b5-aacb-fdd0955c5e91 mock=True}
[2026-09-25T19:44:02.474+00:00][P1][INFO][WS_CONNECT][client connected]{client=c1 total=1}
[2026-09-25T19:44:02.530+00:00][P1][INFO][WS_RECOVERY][recovery batch sent]{client=c1 entries=55}
[2026-09-25T19:44:02.793+00:00][P1][INFO][DEBUG_TX][sending to arduino]{wire=H}
[2026-09-25T19:44:03.298+00:00][P1][INFO][DEBUG_TX][sending to arduino]{wire=H}
[2026-09-25T19:44:03.710+00:00][P1][INFO][DEBUG_TX][sending to arduino]{wire=H}
[2026-09-25T19:44:04.261+00:00][P1][INFO][DEBUG_TX][sending to arduino]{wire=H}
[2026-09-25T19:44:04.768+00:00][P1][INFO][DEBUG_TX][sending to arduino]{wire=F120}
[2026-09-25T19:44:04.812+00:00][P1][INFO][DEBUG_TX][sending to arduino]{wire=H}
[2026-09-25T19:44:05.249+00:00][P1][INFO][DEBUG_TX][sending to arduino]{wire=H}
[2026-09-25T19:44:05.706+00:00][P1][INFO][DEBUG_TX][sending to arduino]{wire=H}
[2026-09-25T19:44:06.208+00:00][P1][INFO][DEBUG_TX][sending to arduino]{wire=H}
[2026-09-25T19:44:06.730+00:00][P1][INFO][DEBUG_TX][sending to arduino]{wire=H}
[2026-09-25T19:44:07.223+00:00][P1][INFO][DEBUG_TX][sending to arduino]{wire=H}
[2026-09-25T19:44:07.701+00:00][P1][INFO][DEBUG_TX][sending to arduino]{wire=S}
[2026-09-25T19:44:07.708+00:00][P1][INFO][DEBUG_TX][sending to arduino]{wire=H}
[2026-09-25T19:44:07.825+00:00][P1][INFO][DEBUG_TX][sending to arduino]{wire=F120}
[2026-09-25T19:44:08.222+00:00][P1][INFO][DEBUG_TX][sending to arduino]{wire=H}
[2026-09-25T19:44:08.705+00:00][P1][INFO][DEBUG_TX][sending to arduino]{wire=H}
[2026-09-25T19:44:09.203+00:00][P1][INFO][DEBUG_TX][sending to arduino]{wire=H}
[2026-09-25T19:44:09.706+00:00][P1][INFO][DEBUG_TX][sending to arduino]{wire=H}
[2026-09-25T19:44:10.229+00:00][P1][INFO][DEBUG_TX][sending to arduino]{wire=H}
[2026-09-25T19:44:10.704+00:00][P1][INFO][DEBUG_TX][sending to arduino]{wire=H}
[2026-09-25T19:44:11.220+00:00][P1][INFO][DEBUG_TX][sending to arduino]{wire=H}
[2026-09-25T19:44:11.706+00:00][P1][INFO][DEBUG_TX][sending to arduino]{wire=H}
[2026-09-25T19:44:12.220+00:00][P1][INFO][DEBUG_TX][sending to arduino]{wire=H}
[2026-09-25T19:44:12.703+00:00][P1][INFO][DEBUG_TX][sending to arduino]{wire=H}
[2026-09-25T19:44:13.202+00:00][P1][INFO][DEBUG_TX][sending to arduino]{wire=H}
[2026-09-25T19:44:13.348+00:00][P1][INFO][DEBUG_TX][sending to arduino]{wire=S}
[2026-09-25T19:44:13.702+00:00][P1][INFO][DEBUG_TX][sending to arduino]{wire=H}
[2026-09-25T19:44:13.807+00:00][P1][INFO][DEBUG_TX][sending to arduino]{wire=F120}
[2026-09-25T19:44:14.222+00:00][P1][INFO][DEBUG_TX][sending to arduino]{wire=H}
[2026-09-25T19:44:14.704+00:00][P1][INFO][DEBUG_TX][sending to arduino]{wire=H}
[2026-09-25T19:44:15.221+00:00][P1][INFO][DEBUG_TX][sending to arduino]{wire=H}
[2026-09-25T19:44:15.705+00:00][P1][INFO][DEBUG_TX][sending to arduino]{wire=H}
[2026-09-25T19:44:16.203+00:00][P1][INFO][DEBUG_TX][sending to arduino]{wire=H}
[2026-09-25T19:44:16.702+00:00][P1][INFO][DEBUG_TX][sending to arduino]{wire=H}
[2026-09-25T19:44:17.202+00:00][P1][INFO][DEBUG_TX][sending to arduino]{wire=H}
[2026-09-25T19:44:17.705+00:00][P1][INFO][DEBUG_TX][sending to arduino]{wire=H}
[2026-09-25T19:44:18.212+00:00][P1][INFO][DEBUG_TX][sending to arduino]{wire=H}
[2026-09-25T19:44:18.703+00:00][P1][INFO][DEBUG_TX][sending to arduino]{wire=H}
[2026-09-25T19:44:19.213+00:00][P1][INFO][DEBUG_TX][sending to arduino]{wire=S}
[2026-09-25T19:44:19.241+00:00][P1][INFO][DEBUG_TX][sending to arduino]{wire=H}
[2026-09-25T19:44:19.522+00:00][P1][INFO][DEBUG_TX][sending to arduino]{wire=F120}
[2026-09-25T19:44:19.703+00:00][P1][INFO][DEBUG_TX][sending to arduino]{wire=H}
[2026-09-25T19:44:19.733+00:00][P1][INFO][DEBUG_TX][sending to arduino]{wire=S}
[2026-09-25T19:44:19.946+00:00][P1][INFO][DEBUG_TX][sending to arduino]{wire=F120}
[2026-09-25T19:44:20.227+00:00][P1][INFO][DEBUG_TX][sending to arduino]{wire=H}
[2026-09-25T19:44:20.703+00:00][P1][INFO][DEBUG_TX][sending to arduino]{wire=H}
[2026-09-25T19:44:21.207+00:00][P1][INFO][DEBUG_TX][sending to arduino]{wire=H}
[2026-09-25T19:44:21.466+00:00][P1][INFO][DEBUG_TX][sending to arduino]{wire=S}
[2026-09-25T19:44:21.703+00:00][P1][INFO][DEBUG_TX][sending to arduino]{wire=H}
[2026-09-25T19:44:21.862+00:00][P1][INFO][DEBUG_TX][sending to arduino]{wire=F120}
[2026-09-25T19:44:21.946+00:00][P1][INFO][DEBUG_TX][sending to arduino]{wire=S}
[2026-09-25T19:44:22.093+00:00][P1][INFO][DEBUG_TX][sending to arduino]{wire=F120}
[2026-09-25T19:44:22.232+00:00][P1][INFO][DEBUG_TX][sending to arduino]{wire=S}
[2026-09-25T19:44:22.261+00:00][P1][INFO][DEBUG_TX][sending to arduino]{wire=H}
[2026-09-25T19:44:22.290+00:00][P1][INFO][DEBUG_TX][sending to arduino]{wire=F120}
[2026-09-25T19:44:22.527+00:00][P1][INFO][DEBUG_TX][sending to arduino]{wire=S}
[2026-09-25T19:44:22.566+00:00][P1][INFO][DEBUG_TX][sending to arduino]{wire=F120}
[2026-09-25T19:44:22.718+00:00][P1][INFO][DEBUG_TX][sending to arduino]{wire=H}
[2026-09-25T19:44:23.221+00:00][P1][INFO][DEBUG_TX][sending to arduino]{wire=H}
[2026-09-25T19:44:23.705+00:00][P1][INFO][DEBUG_TX][sending to arduino]{wire=H}
[2026-09-25T19:44:24.207+00:00][P1][INFO][DEBUG_TX][sending to arduino]{wire=H}
[2026-09-25T19:44:24.702+00:00][P1][INFO][DEBUG_TX][sending to arduino]{wire=H}
[2026-09-25T19:44:25.221+00:00][P1][INFO][DEBUG_TX][sending to arduino]{wire=H}
[2026-09-25T19:44:25.369+00:00][P1][INFO][DEBUG_TX][sending to arduino]{wire=S}
[2026-09-25T19:44:25.584+00:00][P1][INFO][DEBUG_TX][sending to arduino]{wire=F120}
[2026-09-25T19:44:25.704+00:00][P1][INFO][DEBUG_TX][sending to arduino]{wire=H}
[2026-09-25T19:44:25.734+00:00][P1][INFO][DEBUG_TX][sending to arduino]{wire=S}
[2026-09-25T19:44:25.870+00:00][P1][INFO][DEBUG_TX][sending to arduino]{wire=F120}
[2026-09-25T19:44:26.006+00:00][P1][INFO][DEBUG_TX][sending to arduino]{wire=S}
[2026-09-25T19:44:26.220+00:00][P1][INFO][DEBUG_TX][sending to arduino]{wire=H}
[2026-09-25T19:44:26.345+00:00][P1][INFO][DEBUG_TX][sending to arduino]{wire=F120}
[2026-09-25T19:44:26.429+00:00][P1][INFO][DEBUG_TX][sending to arduino]{wire=S}
[2026-09-25T19:44:26.566+00:00][P1][INFO][DEBUG_TX][sending to arduino]{wire=F120}
[2026-09-25T19:44:26.702+00:00][P1][INFO][DEBUG_TX][sending to arduino]{wire=H}
[2026-09-25T19:44:26.724+00:00][P1][INFO][DEBUG_TX][sending to arduino]{wire=S}
[2026-09-25T19:44:27.139+00:00][P1][INFO][DEBUG_TX][sending to arduino]{wire=F120}
[2026-09-25T19:44:27.202+00:00][P1][INFO][DEBUG_TX][sending to arduino]{wire=H}
[2026-09-25T19:44:27.291+00:00][P1][INFO][DEBUG_TX][sending to arduino]{wire=S}
[2026-09-25T19:44:27.446+00:00][P1][INFO][DEBUG_TX][sending to arduino]{wire=F120}
[2026-09-25T19:44:27.545+00:00][P1][INFO][DEBUG_TX][sending to arduino]{wire=S}
[2026-09-25T19:44:27.702+00:00][P1][INFO][DEBUG_TX][sending to arduino]{wire=H}
[2026-09-25T19:44:27.743+00:00][P1][INFO][DEBUG_TX][sending to arduino]{wire=F120}
[2026-09-25T19:44:27.864+00:00][P1][INFO][DEBUG_TX][sending to arduino]{wire=S}
[2026-09-25T19:44:27.960+00:00][P1][INFO][DEBUG_TX][sending to arduino]{wire=F120}
[2026-09-25T19:44:28.198+00:00][P1][INFO][DEBUG_TX][sending to arduino]{wire=S}
[2026-09-25T19:44:28.210+00:00][P1][INFO][DEBUG_TX][sending to arduino]{wire=H}
[2026-09-25T19:44:28.268+00:00][P1][INFO][DEBUG_TX][sending to arduino]{wire=F120}
[2026-09-25T19:44:28.390+00:00][P1][INFO][DEBUG_TX][sending to arduino]{wire=S}
[2026-09-25T19:44:28.706+00:00][P1][INFO][DEBUG_TX][sending to arduino]{wire=H}
[2026-09-25T19:44:28.861+00:00][P1][INFO][DEBUG_TX][sending to arduino]{wire=F120}
[2026-09-25T19:44:29.058+00:00][P1][INFO][DEBUG_TX][sending to arduino]{wire=S}
[2026-09-25T19:44:29.156+00:00][P1][INFO][DEBUG_TX][sending to arduino]{wire=F120}
[2026-09-25T19:44:29.221+00:00][P1][INFO][DEBUG_TX][sending to arduino]{wire=H}
[2026-09-25T19:44:29.298+00:00][P1][INFO][DEBUG_TX][sending to arduino]{wire=S}
[2026-09-25T19:44:29.499+00:00][P1][INFO][DEBUG_TX][sending to arduino]{wire=F120}
[2026-09-25T19:44:29.569+00:00][P1][INFO][DEBUG_TX][sending to arduino]{wire=S}
[2026-09-25T19:44:29.706+00:00][P1][INFO][DEBUG_TX][sending to arduino]{wire=H}
[2026-09-25T19:44:30.233+00:00][P1][INFO][DEBUG_TX][sending to arduino]{wire=H}
[2026-09-25T19:44:30.705+00:00][P1][INFO][DEBUG_TX][sending to arduino]{wire=H}
[2026-09-25T19:44:31.188+00:00][P1][INFO][DEBUG_TX][sending to arduino]{wire=F120}
[2026-09-25T19:44:31.230+00:00][P1][INFO][DEBUG_TX][sending to arduino]{wire=H}
[2026-09-25T19:44:31.705+00:00][P1][INFO][DEBUG_TX][sending to arduino]{wire=H}
[2026-09-25T19:44:32.226+00:00][P1][INFO][DEBUG_TX][sending to arduino]{wire=H}
[2026-09-25T19:44:32.702+00:00][P1][INFO][DEBUG_TX][sending to arduino]{wire=H}
[2026-09-25T19:44:33.205+00:00][P1][INFO][DEBUG_TX][sending to arduino]{wire=H}
[2026-09-25T19:44:33.703+00:00][P1][INFO][DEBUG_TX][sending to arduino]{wire=H}
[2026-09-25T19:44:33.801+00:00][P1][INFO][DEBUG_TX][sending to arduino]{wire=S}
[2026-09-25T19:44:34.227+00:00][P1][INFO][DEBUG_TX][sending to arduino]{wire=H}
[2026-09-25T19:44:34.713+00:00][P1][INFO][DEBUG_TX][sending to arduino]{wire=H}
[2026-09-25T19:44:35.301+00:00][P1][INFO][DEBUG_TX][sending to arduino]{wire=H}
[2026-09-25T19:44:35.706+00:00][P1][INFO][DEBUG_TX][sending to arduino]{wire=H}
[2026-09-25T19:44:36.211+00:00][P1][INFO][DEBUG_TX][sending to arduino]{wire=H}
[2026-09-25T19:44:36.711+00:00][P1][INFO][DEBUG_TX][sending to arduino]{wire=H}
[2026-09-25T19:44:37.265+00:00][P1][INFO][DEBUG_TX][sending to arduino]{wire=H}
[2026-09-25T19:44:37.778+00:00][P1][INFO][DEBUG_TX][sending to arduino]{wire=H}
[2026-09-25T19:44:38.272+00:00][P1][INFO][DEBUG_TX][sending to arduino]{wire=H}
[2026-09-25T19:44:38.704+00:00][P1][INFO][DEBUG_TX][sending to arduino]{wire=H}
[2026-09-25T19:44:39.214+00:00][P1][INFO][DEBUG_TX][sending to arduino]{wire=H}
[2026-09-25T19:44:39.468+00:00][P1][INFO][DEBUG_TX][sending to arduino]{wire=S}
[2026-09-25T19:44:39.706+00:00][P1][INFO][DEBUG_TX][sending to arduino]{wire=H}
[2026-09-25T19:44:40.220+00:00][P1][INFO][DEBUG_TX][sending to arduino]{wire=H}
[2026-09-25T19:44:40.703+00:00][P1][INFO][DEBUG_TX][sending to arduino]{wire=H}
[2026-09-25T19:44:41.222+00:00][P1][INFO][DEBUG_TX][sending to arduino]{wire=H}
[2026-09-25T19:44:41.703+00:00][P1][INFO][DEBUG_TX][sending to arduino]{wire=H}
[2026-09-25T19:44:42.202+00:00][P1][INFO][DEBUG_TX][sending to arduino]{wire=H}
[2026-09-25T19:44:42.610+00:00][P1][INFO][DEBUG_TX][sending to arduino]{wire=S}
[2026-09-25T19:44:42.705+00:00][P1][INFO][DEBUG_TX][sending to arduino]{wire=H}
[2026-09-25T19:44:43.221+00:00][P1][INFO][DEBUG_TX][sending to arduino]{wire=H}
[2026-09-25T19:44:43.329+00:00][P1][INFO][DEBUG_TX][sending to arduino]{wire=F120}
[2026-09-25T19:44:43.708+00:00][P1][INFO][DEBUG_TX][sending to arduino]{wire=H}
[2026-09-25T19:44:44.206+00:00][P1][INFO][DEBUG_TX][sending to arduino]{wire=H}
[2026-09-25T19:44:44.703+00:00][P1][INFO][DEBUG_TX][sending to arduino]{wire=H}
[2026-09-25T19:44:45.205+00:00][P1][INFO][DEBUG_TX][sending to arduino]{wire=H}
[2026-09-25T19:44:45.709+00:00][P1][INFO][DEBUG_TX][sending to arduino]{wire=H}
[2026-09-25T19:44:46.213+00:00][P1][INFO][DEBUG_TX][sending to arduino]{wire=H}
[2026-09-25T19:44:46.703+00:00][P1][INFO][DEBUG_TX][sending to arduino]{wire=H}
[2026-09-25T19:44:47.209+00:00][P1][INFO][DEBUG_TX][sending to arduino]{wire=H}
[2026-09-25T19:44:47.703+00:00][P1][INFO][DEBUG_TX][sending to arduino]{wire=H}
[2026-09-25T19:44:48.025+00:00][P1][INFO][DEBUG_TX][sending to arduino]{wire=S}
[2026-09-25T19:44:48.231+00:00][P1][INFO][DEBUG_TX][sending to arduino]{wire=H}
[2026-09-25T19:44:48.706+00:00][P1][INFO][DEBUG_TX][sending to arduino]{wire=H}
[2026-09-25T19:44:49.225+00:00][P1][INFO][DEBUG_TX][sending to arduino]{wire=H}
[2026-09-25T19:44:49.707+00:00][P1][INFO][DEBUG_TX][sending to arduino]{wire=H}
[2026-09-25T19:44:50.211+00:00][P1][INFO][DEBUG_TX][sending to arduino]{wire=H}
[2026-09-25T19:44:50.703+00:00][P1][INFO][DEBUG_TX][sending to arduino]{wire=H}
[2026-09-25T19:44:51.222+00:00][P1][INFO][DEBUG_TX][sending to arduino]{wire=H}
[2026-09-25T19:44:51.702+00:00][P1][INFO][DEBUG_TX][sending to arduino]{wire=H}
[2026-09-25T19:44:52.210+00:00][P1][INFO][DEBUG_TX][sending to arduino]{wire=H}
[2026-09-25T19:44:52.705+00:00][P1][INFO][DEBUG_TX][sending to arduino]{wire=H}
[2026-09-25T19:44:53.208+00:00][P1][INFO][DEBUG_TX][sending to arduino]{wire=H}
[2026-09-25T19:44:53.703+00:00][P1][INFO][DEBUG_TX][sending to arduino]{wire=H}
[2026-09-25T19:44:54.207+00:00][P1][INFO][DEBUG_TX][sending to arduino]{wire=H}
[2026-09-25T19:44:54.706+00:00][P1][INFO][DEBUG_TX][sending to arduino]{wire=H}
[2026-09-25T19:44:55.215+00:00][P1][INFO][DEBUG_TX][sending to arduino]{wire=H}
[2026-09-25T19:44:55.707+00:00][P1][INFO][DEBUG_TX][sending to arduino]{wire=H}
[2026-09-25T19:44:56.213+00:00][P1][INFO][DEBUG_TX][sending to arduino]{wire=H}
[2026-09-25T19:44:56.702+00:00][P1][INFO][DEBUG_TX][sending to arduino]{wire=H}
[2026-09-25T19:44:57.204+00:00][P1][INFO][DEBUG_TX][sending to arduino]{wire=H}
[2026-09-25T19:44:57.702+00:00][P1][INFO][DEBUG_TX][sending to arduino]{wire=H}
[2026-09-25T19:44:58.215+00:00][P1][INFO][DEBUG_TX][sending to arduino]{wire=H}
[2026-09-25T19:44:58.710+00:00][P1][INFO][DEBUG_TX][sending to arduino]{wire=H}
[2026-09-25T19:44:59.211+00:00][P1][INFO][DEBUG_TX][sending to arduino]{wire=H}
[2026-09-25T19:44:59.704+00:00][P1][INFO][DEBUG_TX][sending to arduino]{wire=H}
[2026-09-25T19:45:00.203+00:00][P1][INFO][DEBUG_TX][sending to arduino]{wire=H}
[2026-09-25T19:45:00.705+00:00][P1][INFO][DEBUG_TX][sending to arduino]{wire=H}
[2026-09-25T19:45:01.216+00:00][P1][INFO][DEBUG_TX][sending to arduino]{wire=H}
[2026-09-25T19:45:01.706+00:00][P1][INFO][DEBUG_TX][sending to arduino]{wire=H}
[2026-09-25T19:45:02.213+00:00][P1][INFO][DEBUG_TX][sending to arduino]{wire=H}
[2026-09-25T19:45:02.703+00:00][P1][INFO][DEBUG_TX][sending to arduino]{wire=H}
[2026-09-25T19:45:03.217+00:00][P1][INFO][DEBUG_TX][sending to arduino]{wire=H}
[2026-09-25T19:45:03.705+00:00][P1][INFO][DEBUG_TX][sending to arduino]{wire=H}
[2026-09-25T19:45:04.212+00:00][P1][INFO][DEBUG_TX][sending to arduino]{wire=H}
[2026-09-25T19:45:04.704+00:00][P1][INFO][DEBUG_TX][sending to arduino]{wire=H}
[2026-09-25T19:45:05.251+00:00][P1][INFO][DEBUG_TX][sending to arduino]{wire=H}
[2026-09-25T19:45:05.797+00:00][P1][INFO][DEBUG_TX][sending to arduino]{wire=H}
[2026-09-25T19:45:06.342+00:00][P1][INFO][DEBUG_TX][sending to arduino]{wire=H}
[2026-09-25T19:45:06.705+00:00][P1][INFO][DEBUG_TX][sending to arduino]{wire=H}
[2026-09-25T19:45:07.239+00:00][P1][INFO][DEBUG_TX][sending to arduino]{wire=H}
[2026-09-25T19:45:07.705+00:00][P1][INFO][DEBUG_TX][sending to arduino]{wire=H}
[2026-09-25T19:45:08.225+00:00][P1][INFO][DEBUG_TX][sending to arduino]{wire=H}
[2026-09-25T19:45:08.703+00:00][P1][INFO][DEBUG_TX][sending to arduino]{wire=H}
[2026-09-25T19:45:09.251+00:00][P1][INFO][DEBUG_TX][sending to arduino]{wire=H}
[2026-09-25T19:45:09.705+00:00][P1][INFO][DEBUG_TX][sending to arduino]{wire=H}
[2026-09-25T19:45:10.223+00:00][P1][INFO][DEBUG_TX][sending to arduino]{wire=H}
[2026-09-25T19:45:10.711+00:00][P1][INFO][DEBUG_TX][sending to arduino]{wire=H}
[2026-09-25T19:45:11.254+00:00][P1][INFO][DEBUG_TX][sending to arduino]{wire=H}
[2026-09-25T19:45:11.717+00:00][P1][INFO][DEBUG_TX][sending to arduino]{wire=H}
[2026-09-25T19:45:12.247+00:00][P1][INFO][DEBUG_TX][sending to arduino]{wire=H}
[2026-09-25T19:45:12.714+00:00][P1][INFO][DEBUG_TX][sending to arduino]{wire=H}
[2026-09-25T19:45:13.331+00:00][P1][INFO][DEBUG_TX][sending to arduino]{wire=H}
[2026-09-25T19:45:13.704+00:00][P1][INFO][DEBUG_TX][sending to arduino]{wire=H}
[2026-09-25T19:45:14.264+00:00][P1][INFO][DEBUG_TX][sending to arduino]{wire=H}
[2026-09-25T19:45:14.714+00:00][P1][INFO][DEBUG_TX][sending to arduino]{wire=H}
[2026-09-25T19:45:15.225+00:00][P1][INFO][DEBUG_TX][sending to arduino]{wire=H}
[2026-09-25T19:45:15.712+00:00][P1][INFO][DEBUG_TX][sending to arduino]{wire=H}
[2026-09-25T19:45:16.227+00:00][P1][INFO][DEBUG_TX][sending to arduino]{wire=H}
[2026-09-25T19:45:16.714+00:00][P1][INFO][DEBUG_TX][sending to arduino]{wire=H}
[2026-09-25T19:45:17.291+00:00][P1][INFO][DEBUG_TX][sending to arduino]{wire=H}
[2026-09-25T19:45:17.742+00:00][P1][INFO][DEBUG_TX][sending to arduino]{wire=H}
[2026-09-25T19:45:18.270+00:00][P1][INFO][DEBUG_TX][sending to arduino]{wire=H}
[2026-09-25T19:45:18.706+00:00][P1][INFO][DEBUG_TX][sending to arduino]{wire=H}
[2026-09-25T19:45:19.310+00:00][P1][INFO][DEBUG_TX][sending to arduino]{wire=H}
[2026-09-25T19:45:19.733+00:00][P1][INFO][DEBUG_TX][sending to arduino]{wire=H}
[2026-09-25T19:45:20.211+00:00][P1][INFO][DEBUG_TX][sending to arduino]{wire=H}
[2026-09-25T19:45:20.742+00:00][P1][INFO][DEBUG_TX][sending to arduino]{wire=H}
[2026-09-25T19:45:21.231+00:00][P1][INFO][DEBUG_TX][sending to arduino]{wire=H}
[2026-09-25T19:45:21.703+00:00][P1][INFO][DEBUG_TX][sending to arduino]{wire=H}
[2026-09-25T19:45:22.217+00:00][P1][INFO][DEBUG_TX][sending to arduino]{wire=H}
[2026-09-25T19:45:22.722+00:00][P1][INFO][DEBUG_TX][sending to arduino]{wire=H}
[2026-09-25T19:45:23.233+00:00][P1][INFO][DEBUG_TX][sending to arduino]{wire=H}
[2026-09-25T19:45:23.792+00:00][P1][INFO][DEBUG_TX][sending to arduino]{wire=H}
[2026-09-25T19:45:24.290+00:00][P1][INFO][DEBUG_TX][sending to arduino]{wire=H}
[2026-09-25T19:45:24.709+00:00][P1][INFO][DEBUG_TX][sending to arduino]{wire=H}
[2026-09-25T19:45:25.275+00:00][P1][INFO][DEBUG_TX][sending to arduino]{wire=H}
[2026-09-25T19:45:25.724+00:00][P1][INFO][DEBUG_TX][sending to arduino]{wire=H}
[2026-09-25T19:45:26.260+00:00][P1][INFO][DEBUG_TX][sending to arduino]{wire=H}
[2026-09-25T19:45:26.705+00:00][P1][INFO][DEBUG_TX][sending to arduino]{wire=H}
[2026-09-25T19:45:27.276+00:00][P1][INFO][DEBUG_TX][sending to arduino]{wire=H}
[2026-09-25T19:45:27.716+00:00][P1][INFO][DEBUG_TX][sending to arduino]{wire=H}
[2026-09-25T19:45:28.219+00:00][P1][INFO][DEBUG_TX][sending to arduino]{wire=H}
[2026-09-25T19:45:28.790+00:00][P1][INFO][DEBUG_TX][sending to arduino]{wire=H}
[2026-09-25T19:45:29.280+00:00][P1][INFO][DEBUG_TX][sending to arduino]{wire=H}
[2026-09-25T19:45:29.746+00:00][P1][INFO][DEBUG_TX][sending to arduino]{wire=H}
[2026-09-25T19:45:30.235+00:00][P1][INFO][DEBUG_TX][sending to arduino]{wire=H}
[2026-09-25T19:45:30.704+00:00][P1][INFO][DEBUG_TX][sending to arduino]{wire=H}
[2026-09-25T19:45:31.297+00:00][P1][INFO][DEBUG_TX][sending to arduino]{wire=H}
[2026-09-25T19:45:31.705+00:00][P1][INFO][DEBUG_TX][sending to arduino]{wire=H}
[2026-09-25T19:45:32.373+00:00][P1][INFO][DEBUG_TX][sending to arduino]{wire=H}
[2026-09-25T19:45:32.820+00:00][P1][INFO][DEBUG_TX][sending to arduino]{wire=H}
[2026-09-25T19:45:33.250+00:00][P1][INFO][DEBUG_TX][sending to arduino]{wire=H}
[2026-09-25T19:45:33.741+00:00][P1][INFO][DEBUG_TX][sending to arduino]{wire=H}
[2026-09-25T19:45:34.263+00:00][P1][INFO][DEBUG_TX][sending to arduino]{wire=H}
[2026-09-25T19:45:34.725+00:00][P1][INFO][DEBUG_TX][sending to arduino]{wire=H}
[2026-09-25T19:45:35.324+00:00][P1][INFO][DEBUG_TX][sending to arduino]{wire=H}
[2026-09-25T19:45:35.714+00:00][P1][INFO][DEBUG_TX][sending to arduino]{wire=H}
[2026-09-25T19:45:36.353+00:00][P1][INFO][DEBUG_TX][sending to arduino]{wire=H}
[2026-09-25T19:45:36.705+00:00][P1][INFO][DEBUG_TX][sending to arduino]{wire=H}
[2026-09-25T19:45:37.328+00:00][P1][INFO][DEBUG_TX][sending to arduino]{wire=H}
[2026-09-25T19:45:37.739+00:00][P1][INFO][DEBUG_TX][sending to arduino]{wire=H}
[2026-09-25T19:45:38.263+00:00][P1][INFO][DEBUG_TX][sending to arduino]{wire=H}
[2026-09-25T19:45:38.757+00:00][P1][INFO][DEBUG_TX][sending to arduino]{wire=H}
[2026-09-25T19:45:39.235+00:00][P1][INFO][DEBUG_TX][sending to arduino]{wire=H}
[2026-09-25T19:45:39.721+00:00][P1][INFO][DEBUG_TX][sending to arduino]{wire=H}
[2026-09-25T19:45:40.218+00:00][P1][INFO][DEBUG_TX][sending to arduino]{wire=H}
[2026-09-25T19:45:40.741+00:00][P1][INFO][DEBUG_TX][sending to arduino]{wire=H}
[2026-09-25T19:45:41.294+00:00][P1][INFO][DEBUG_TX][sending to arduino]{wire=H}
[2026-09-25T19:45:41.708+00:00][P1][INFO][DEBUG_TX][sending to arduino]{wire=H}
[2026-09-25T19:45:42.307+00:00][P1][INFO][DEBUG_TX][sending to arduino]{wire=H}
[2026-09-25T19:45:42.710+00:00][P1][INFO][DEBUG_TX][sending to arduino]{wire=H}
[2026-09-25T19:45:43.225+00:00][P1][INFO][DEBUG_TX][sending to arduino]{wire=H}
[2026-09-25T19:45:43.742+00:00][P1][INFO][DEBUG_TX][sending to arduino]{wire=H}
[2026-09-25T19:45:44.261+00:00][P1][INFO][DEBUG_TX][sending to arduino]{wire=H}
[2026-09-25T19:45:44.718+00:00][P1][INFO][DEBUG_TX][sending to arduino]{wire=H}
[2026-09-25T19:45:45.409+00:00][P1][INFO][DEBUG_TX][sending to arduino]{wire=H}
[2026-09-25T19:45:45.705+00:00][P1][INFO][DEBUG_TX][sending to arduino]{wire=H}
[2026-09-25T19:45:46.269+00:00][P1][INFO][DEBUG_TX][sending to arduino]{wire=H}
[2026-09-25T19:45:46.757+00:00][P1][INFO][DEBUG_TX][sending to arduino]{wire=H}
[2026-09-25T19:45:47.282+00:00][P1][INFO][DEBUG_TX][sending to arduino]{wire=H}
[2026-09-25T19:45:47.797+00:00][P1][INFO][DEBUG_TX][sending to arduino]{wire=H}
[2026-09-25T19:45:48.230+00:00][P1][INFO][DEBUG_TX][sending to arduino]{wire=H}
[2026-09-25T19:45:48.716+00:00][P1][INFO][DEBUG_TX][sending to arduino]{wire=H}
[2026-09-25T19:45:49.251+00:00][P1][INFO][DEBUG_TX][sending to arduino]{wire=H}
[2026-09-25T19:45:49.768+00:00][P1][INFO][DEBUG_TX][sending to arduino]{wire=H}
[2026-09-25T19:45:50.220+00:00][P1][INFO][DEBUG_TX][sending to arduino]{wire=H}
[2026-09-25T19:45:50.718+00:00][P1][INFO][DEBUG_TX][sending to arduino]{wire=H}
[2026-09-25T19:45:51.310+00:00][P1][INFO][DEBUG_TX][sending to arduino]{wire=H}
[2026-09-25T19:45:51.724+00:00][P1][INFO][DEBUG_TX][sending to arduino]{wire=H}
[2026-09-25T19:45:52.400+00:00][P1][INFO][DEBUG_TX][sending to arduino]{wire=H}
[2026-09-25T19:45:52.715+00:00][P1][INFO][DEBUG_TX][sending to arduino]{wire=H}
[2026-09-25T19:45:53.259+00:00][P1][INFO][DEBUG_TX][sending to arduino]{wire=H}
[2026-09-25T19:45:53.749+00:00][P1][INFO][DEBUG_TX][sending to arduino]{wire=H}
[2026-09-25T19:45:54.222+00:00][P1][INFO][DEBUG_TX][sending to arduino]{wire=H}
[2026-09-25T19:45:54.722+00:00][P1][INFO][DEBUG_TX][sending to arduino]{wire=H}
[2026-09-25T19:45:55.377+00:00][P1][INFO][DEBUG_TX][sending to arduino]{wire=H}
[2026-09-25T19:45:55.705+00:00][P1][INFO][DEBUG_TX][sending to arduino]{wire=H}
[2026-09-25T19:45:56.258+00:00][P1][INFO][DEBUG_TX][sending to arduino]{wire=H}
[2026-09-25T19:45:56.767+00:00][P1][INFO][DEBUG_TX][sending to arduino]{wire=H}
[2026-09-25T19:45:57.287+00:00][P1][INFO][DEBUG_TX][sending to arduino]{wire=H}
[2026-09-25T19:45:57.709+00:00][P1][INFO][DEBUG_TX][sending to arduino]{wire=H}
[2026-09-25T19:45:58.241+00:00][P1][INFO][DEBUG_TX][sending to arduino]{wire=H}
[2026-09-25T19:45:58.978+00:00][P1][INFO][DEBUG_TX][sending to arduino]{wire=H}
[2026-09-25T19:45:59.218+00:00][P1][INFO][DEBUG_TX][sending to arduino]{wire=H}
[2026-09-25T19:45:59.787+00:00][P1][INFO][DEBUG_TX][sending to arduino]{wire=H}
[2026-09-25T19:46:00.359+00:00][P1][INFO][DEBUG_TX][sending to arduino]{wire=H}
[2026-09-25T19:46:00.816+00:00][P1][INFO][DEBUG_TX][sending to arduino]{wire=H}
[2026-09-25T19:46:01.310+00:00][P1][INFO][DEBUG_TX][sending to arduino]{wire=H}
[2026-09-25T19:46:01.721+00:00][P1][INFO][DEBUG_TX][sending to arduino]{wire=H}
[2026-09-25T19:46:02.257+00:00][P1][INFO][DEBUG_TX][sending to arduino]{wire=H}
[2026-09-25T19:46:02.794+00:00][P1][INFO][DEBUG_TX][sending to arduino]{wire=H}
[2026-09-25T19:46:03.219+00:00][P1][INFO][DEBUG_TX][sending to arduino]{wire=H}
[2026-09-25T19:46:03.711+00:00][P1][INFO][DEBUG_TX][sending to arduino]{wire=H}
[2026-09-25T19:46:04.257+00:00][P1][INFO][DEBUG_TX][sending to arduino]{wire=H}
[2026-09-25T19:46:04.710+00:00][P1][INFO][DEBUG_TX][sending to arduino]{wire=H}
[2026-09-25T19:46:05.270+00:00][P1][INFO][DEBUG_TX][sending to arduino]{wire=H}
[2026-09-25T19:46:05.802+00:00][P1][INFO][DEBUG_TX][sending to arduino]{wire=H}
[2026-09-25T19:46:06.258+00:00][P1][INFO][DEBUG_TX][sending to arduino]{wire=H}
[2026-09-25T19:46:06.706+00:00][P1][INFO][DEBUG_TX][sending to arduino]{wire=H}
[2026-09-25T19:46:07.306+00:00][P1][INFO][DEBUG_TX][sending to arduino]{wire=H}
[2026-09-25T19:46:07.787+00:00][P1][INFO][DEBUG_TX][sending to arduino]{wire=H}
[2026-09-25T19:46:08.239+00:00][P1][INFO][DEBUG_TX][sending to arduino]{wire=H}
[2026-09-25T19:46:08.939+00:00][P1][INFO][DEBUG_TX][sending to arduino]{wire=H}
[2026-09-25T19:46:09.321+00:00][P1][INFO][DEBUG_TX][sending to arduino]{wire=H}
[2026-09-25T19:46:09.708+00:00][P1][INFO][DEBUG_TX][sending to arduino]{wire=H}
[2026-09-25T19:46:10.300+00:00][P1][INFO][DEBUG_TX][sending to arduino]{wire=H}
[2026-09-25T19:46:10.751+00:00][P1][INFO][DEBUG_TX][sending to arduino]{wire=H}
[2026-09-25T19:46:11.251+00:00][P1][INFO][DEBUG_TX][sending to arduino]{wire=H}
[2026-09-25T19:46:11.710+00:00][P1][INFO][DEBUG_TX][sending to arduino]{wire=H}
[2026-09-25T19:46:12.281+00:00][P1][INFO][DEBUG_TX][sending to arduino]{wire=H}
[2026-09-25T19:46:12.811+00:00][P1][INFO][DEBUG_TX][sending to arduino]{wire=H}
[2026-09-25T19:46:13.349+00:00][P1][INFO][DEBUG_TX][sending to arduino]{wire=H}
[2026-09-25T19:46:13.709+00:00][P1][INFO][DEBUG_TX][sending to arduino]{wire=H}
[2026-09-25T19:46:14.313+00:00][P1][INFO][DEBUG_TX][sending to arduino]{wire=H}
[2026-09-25T19:46:14.758+00:00][P1][INFO][DEBUG_TX][sending to arduino]{wire=H}
[2026-09-25T19:46:15.233+00:00][P1][INFO][DEBUG_TX][sending to arduino]{wire=H}
[2026-09-25T19:46:15.705+00:00][P1][INFO][DEBUG_TX][sending to arduino]{wire=H}
[2026-09-25T19:46:16.364+00:00][P1][INFO][DEBUG_TX][sending to arduino]{wire=H}
[2026-09-25T19:46:16.715+00:00][P1][INFO][DEBUG_TX][sending to arduino]{wire=H}
[2026-09-25T19:46:17.287+00:00][P1][INFO][DEBUG_TX][sending to arduino]{wire=H}
[2026-09-25T19:46:17.724+00:00][P1][INFO][DEBUG_TX][sending to arduino]{wire=H}
[2026-09-25T19:46:18.243+00:00][P1][INFO][DEBUG_TX][sending to arduino]{wire=H}
[2026-09-25T19:46:18.886+00:00][P1][INFO][DEBUG_TX][sending to arduino]{wire=H}
[2026-09-25T19:46:19.386+00:00][P1][INFO][DEBUG_TX][sending to arduino]{wire=H}
[2026-09-25T19:46:19.708+00:00][P1][INFO][DEBUG_TX][sending to arduino]{wire=H}
[2026-09-25T19:46:20.241+00:00][P1][INFO][DEBUG_TX][sending to arduino]{wire=H}
[2026-09-25T19:46:20.841+00:00][P1][INFO][DEBUG_TX][sending to arduino]{wire=H}
[2026-09-25T19:46:21.233+00:00][P1][INFO][DEBUG_TX][sending to arduino]{wire=H}
[2026-09-25T19:46:21.793+00:00][P1][INFO][DEBUG_TX][sending to arduino]{wire=H}
[2026-09-25T19:46:22.445+00:00][P1][INFO][DEBUG_TX][sending to arduino]{wire=H}
[2026-09-25T19:46:22.730+00:00][P1][INFO][DEBUG_TX][sending to arduino]{wire=H}
[2026-09-25T19:46:23.339+00:00][P1][INFO][DEBUG_TX][sending to arduino]{wire=H}
[2026-09-25T19:46:23.783+00:00][P1][INFO][DEBUG_TX][sending to arduino]{wire=H}
[2026-09-25T19:46:24.253+00:00][P1][INFO][DEBUG_TX][sending to arduino]{wire=H}
[2026-09-25T19:46:24.773+00:00][P1][INFO][DEBUG_TX][sending to arduino]{wire=H}
[2026-09-25T19:46:25.352+00:00][P1][INFO][DEBUG_TX][sending to arduino]{wire=H}
[2026-09-25T19:46:25.704+00:00][P1][INFO][DEBUG_TX][sending to arduino]{wire=H}
[2026-09-25T19:46:26.206+00:00][P1][INFO][DEBUG_TX][sending to arduino]{wire=H}
[2026-09-25T19:46:26.775+00:00][P1][INFO][DEBUG_TX][sending to arduino]{wire=H}
[2026-09-25T19:46:27.340+00:00][P1][INFO][DEBUG_TX][sending to arduino]{wire=H}
[2026-09-25T19:46:27.750+00:00][P1][INFO][DEBUG_TX][sending to arduino]{wire=H}
[2026-09-25T19:46:28.218+00:00][P1][INFO][DEBUG_TX][sending to arduino]{wire=H}
[2026-09-25T19:46:28.710+00:00][P1][INFO][DEBUG_TX][sending to arduino]{wire=H}
[2026-09-25T19:46:29.603+00:00][P1][INFO][DEBUG_TX][sending to arduino]{wire=H}
[2026-09-25T19:46:30.413+00:00][P1][INFO][DEBUG_TX][sending to arduino]{wire=H}
[2026-09-25T19:46:30.721+00:00][P1][INFO][DEBUG_TX][sending to arduino]{wire=H}
[2026-09-25T19:46:31.359+00:00][P1][INFO][DEBUG_TX][sending to arduino]{wire=H}
[2026-09-25T19:46:31.847+00:00][P1][INFO][DEBUG_TX][sending to arduino]{wire=H}
[2026-09-25T19:46:32.268+00:00][P1][INFO][DEBUG_TX][sending to arduino]{wire=H}
[2026-09-25T19:46:32.738+00:00][P1][INFO][DEBUG_TX][sending to arduino]{wire=H}
[2026-09-25T19:46:33.217+00:00][P1][INFO][DEBUG_TX][sending to arduino]{wire=H}
[2026-09-25T19:46:33.735+00:00][P1][INFO][DEBUG_TX][sending to arduino]{wire=H}
[2026-09-25T19:46:34.302+00:00][P1][INFO][DEBUG_TX][sending to arduino]{wire=H}
[2026-09-25T19:46:34.721+00:00][P1][INFO][DEBUG_TX][sending to arduino]{wire=H}
[2026-09-25T19:46:35.224+00:00][P1][INFO][DEBUG_TX][sending to arduino]{wire=H}
[2026-09-25T19:46:35.880+00:00][P1][INFO][DEBUG_TX][sending to arduino]{wire=H}
[2026-09-25T19:46:36.313+00:00][P1][INFO][DEBUG_TX][sending to arduino]{wire=H}
[2026-09-25T19:46:36.810+00:00][P1][INFO][DEBUG_TX][sending to arduino]{wire=H}
[2026-09-25T19:46:37.398+00:00][P1][INFO][DEBUG_TX][sending to arduino]{wire=H}
[2026-09-25T19:46:37.744+00:00][P1][INFO][DEBUG_TX][sending to arduino]{wire=H}
[2026-09-25T19:46:38.266+00:00][P1][INFO][DEBUG_TX][sending to arduino]{wire=H}
[2026-09-25T19:46:38.715+00:00][P1][INFO][DEBUG_TX][sending to arduino]{wire=H}
[2026-09-25T19:46:39.266+00:00][P1][INFO][DEBUG_TX][sending to arduino]{wire=H}
[2026-09-25T19:46:39.774+00:00][P1][INFO][DEBUG_TX][sending to arduino]{wire=H}
[2026-09-25T19:46:40.213+00:00][P1][INFO][DEBUG_TX][sending to arduino]{wire=H}
[2026-09-25T19:46:40.795+00:00][P1][INFO][DEBUG_TX][sending to arduino]{wire=H}
[2026-09-25T19:46:41.357+00:00][P1][INFO][DEBUG_TX][sending to arduino]{wire=H}
[2026-09-25T19:46:41.818+00:00][P1][INFO][DEBUG_TX][sending to arduino]{wire=H}
[2026-09-25T19:46:42.230+00:00][P1][INFO][DEBUG_TX][sending to arduino]{wire=H}
[2026-09-25T19:46:42.738+00:00][P1][INFO][DEBUG_TX][sending to arduino]{wire=H}
[2026-09-25T19:46:43.373+00:00][P1][INFO][DEBUG_TX][sending to arduino]{wire=H}
[2026-09-25T19:46:43.721+00:00][P1][INFO][DEBUG_TX][sending to arduino]{wire=H}
[2026-09-25T19:46:44.280+00:00][P1][INFO][DEBUG_TX][sending to arduino]{wire=H}
[2026-09-25T19:46:44.723+00:00][P1][INFO][DEBUG_TX][sending to arduino]{wire=H}
[2026-09-25T19:46:45.242+00:00][P1][INFO][DEBUG_TX][sending to arduino]{wire=H}
[2026-09-25T19:46:45.828+00:00][P1][INFO][DEBUG_TX][sending to arduino]{wire=H}
[2026-09-25T19:46:46.281+00:00][P1][INFO][DEBUG_TX][sending to arduino]{wire=H}
[2026-09-25T19:46:46.797+00:00][P1][INFO][DEBUG_TX][sending to arduino]{wire=H}
[2026-09-25T19:46:47.302+00:00][P1][INFO][DEBUG_TX][sending to arduino]{wire=H}
[2026-09-25T19:46:47.782+00:00][P1][INFO][DEBUG_TX][sending to arduino]{wire=H}
[2026-09-25T19:46:48.250+00:00][P1][INFO][DEBUG_TX][sending to arduino]{wire=H}
[2026-09-25T19:46:48.997+00:00][P1][INFO][DEBUG_TX][sending to arduino]{wire=H}
[2026-09-25T19:46:49.280+00:00][P1][INFO][DEBUG_TX][sending to arduino]{wire=H}
[2026-09-25T19:46:49.791+00:00][P1][INFO][DEBUG_TX][sending to arduino]{wire=H}
[2026-09-25T19:46:50.208+00:00][P1][INFO][DEBUG_TX][sending to arduino]{wire=H}
[2026-09-25T19:46:50.802+00:00][P1][INFO][DEBUG_TX][sending to arduino]{wire=H}
[2026-09-25T19:46:51.256+00:00][P1][INFO][DEBUG_TX][sending to arduino]{wire=H}
[2026-09-25T19:46:51.794+00:00][P1][INFO][DEBUG_TX][sending to arduino]{wire=H}
[2026-09-25T19:46:52.295+00:00][P1][INFO][DEBUG_TX][sending to arduino]{wire=H}
[2026-09-25T19:46:52.736+00:00][P1][INFO][DEBUG_TX][sending to arduino]{wire=H}
[2026-09-25T19:46:52.747+00:00][P1][INFO][DEBUG_TX][sending to arduino]{wire=P131}
[2026-09-25T19:46:52.824+00:00][P1][INFO][DEBUG_TX][sending to arduino]{wire=P129}
[2026-09-25T19:46:52.846+00:00][P1][INFO][DEBUG_TX][sending to arduino]{wire=P129}
[2026-09-25T19:46:53.245+00:00][P1][INFO][DEBUG_TX][sending to arduino]{wire=H}
[2026-09-25T19:46:53.461+00:00][P1][INFO][DEBUG_TX][sending to arduino]{wire=P120}
[2026-09-25T19:46:53.769+00:00][P1][INFO][DEBUG_TX][sending to arduino]{wire=H}
[2026-09-25T19:46:54.239+00:00][P1][INFO][DEBUG_TX][sending to arduino]{wire=H}
[2026-09-25T19:46:54.801+00:00][P1][INFO][DEBUG_TX][sending to arduino]{wire=H}
[2026-09-25T19:46:55.209+00:00][P1][INFO][DEBUG_TX][sending to arduino]{wire=H}
[2026-09-25T19:46:55.750+00:00][P1][INFO][DEBUG_TX][sending to arduino]{wire=H}
[2026-09-25T19:46:56.305+00:00][P1][INFO][DEBUG_TX][sending to arduino]{wire=H}
[2026-09-25T19:46:56.729+00:00][P1][INFO][DEBUG_TX][sending to arduino]{wire=H}
[2026-09-25T19:46:57.219+00:00][P1][INFO][DEBUG_TX][sending to arduino]{wire=H}
[2026-09-25T19:46:57.895+00:00][P1][INFO][DEBUG_TX][sending to arduino]{wire=H}
[2026-09-25T19:46:58.379+00:00][P1][INFO][DEBUG_TX][sending to arduino]{wire=H}
[2026-09-25T19:46:58.748+00:00][P1][INFO][DEBUG_TX][sending to arduino]{wire=H}
[2026-09-25T19:46:59.337+00:00][P1][INFO][DEBUG_TX][sending to arduino]{wire=H}
[2026-09-25T19:46:59.726+00:00][P1][INFO][DEBUG_TX][sending to arduino]{wire=H}
[2026-09-25T19:47:00.367+00:00][P1][INFO][DEBUG_TX][sending to arduino]{wire=H}
[2026-09-25T19:47:00.889+00:00][P1][INFO][DEBUG_TX][sending to arduino]{wire=H}
[2026-09-25T19:47:01.259+00:00][P1][INFO][DEBUG_TX][sending to arduino]{wire=H}
[2026-09-25T19:47:01.720+00:00][P1][INFO][DEBUG_TX][sending to arduino]{wire=H}
[2026-09-25T19:47:02.255+00:00][P1][INFO][DEBUG_TX][sending to arduino]{wire=H}
[2026-09-25T19:47:02.729+00:00][P1][INFO][DEBUG_TX][sending to arduino]{wire=H}
[2026-09-25T19:47:03.290+00:00][P1][INFO][DEBUG_TX][sending to arduino]{wire=H}
[2026-09-25T19:47:03.715+00:00][P1][INFO][DEBUG_TX][sending to arduino]{wire=H}
[2026-09-25T19:47:04.314+00:00][P1][INFO][DEBUG_TX][sending to arduino]{wire=H}
[2026-09-25T19:47:04.791+00:00][P1][INFO][DEBUG_TX][sending to arduino]{wire=H}
[2026-09-25T19:47:05.215+00:00][P1][INFO][DEBUG_TX][sending to arduino]{wire=H}
[2026-09-25T19:47:05.706+00:00][P1][INFO][DEBUG_TX][sending to arduino]{wire=H}
[2026-09-25T19:47:06.254+00:00][P1][INFO][DEBUG_TX][sending to arduino]{wire=H}
[2026-09-25T19:47:06.704+00:00][P1][INFO][DEBUG_TX][sending to arduino]{wire=H}
[2026-09-25T19:47:07.377+00:00][P1][INFO][DEBUG_TX][sending to arduino]{wire=H}
[2026-09-25T19:47:07.727+00:00][P1][INFO][DEBUG_TX][sending to arduino]{wire=H}
[2026-09-25T19:47:08.210+00:00][P1][INFO][DEBUG_TX][sending to arduino]{wire=H}
[2026-09-25T19:47:08.738+00:00][P1][INFO][DEBUG_TX][sending to arduino]{wire=H}
[2026-09-25T19:47:09.233+00:00][P1][INFO][DEBUG_TX][sending to arduino]{wire=H}
[2026-09-25T19:47:09.723+00:00][P1][INFO][DEBUG_TX][sending to arduino]{wire=H}
[2026-09-25T19:47:10.268+00:00][P1][INFO][DEBUG_TX][sending to arduino]{wire=H}
[2026-09-25T19:47:10.723+00:00][P1][INFO][DEBUG_TX][sending to arduino]{wire=H}
[2026-09-25T19:47:11.218+00:00][P1][INFO][DEBUG_TX][sending to arduino]{wire=H}
[2026-09-25T19:47:11.728+00:00][P1][INFO][DEBUG_TX][sending to arduino]{wire=H}
[2026-09-25T19:47:12.210+00:00][P1][INFO][DEBUG_TX][sending to arduino]{wire=H}
[2026-09-25T19:47:12.778+00:00][P1][INFO][DEBUG_TX][sending to arduino]{wire=H}
[2026-09-25T19:47:13.239+00:00][P1][INFO][DEBUG_TX][sending to arduino]{wire=H}
[2026-09-25T19:47:13.730+00:00][P1][INFO][DEBUG_TX][sending to arduino]{wire=H}
[2026-09-25T19:47:14.288+00:00][P1][INFO][DEBUG_TX][sending to arduino]{wire=H}
[2026-09-25T19:47:14.769+00:00][P1][INFO][DEBUG_TX][sending to arduino]{wire=H}
[2026-09-25T19:47:15.222+00:00][P1][INFO][DEBUG_TX][sending to arduino]{wire=H}
[2026-09-25T19:47:15.804+00:00][P1][INFO][DEBUG_TX][sending to arduino]{wire=H}
[2026-09-25T19:47:16.313+00:00][P1][INFO][DEBUG_TX][sending to arduino]{wire=H}
[2026-09-25T19:47:16.888+00:00][P1][INFO][DEBUG_TX][sending to arduino]{wire=H}
[2026-09-25T19:47:17.287+00:00][P1][INFO][DEBUG_TX][sending to arduino]{wire=H}
[2026-09-25T19:47:17.714+00:00][P1][INFO][DEBUG_TX][sending to arduino]{wire=H}
[2026-09-25T19:47:18.298+00:00][P1][INFO][DEBUG_TX][sending to arduino]{wire=H}
[2026-09-25T19:47:18.719+00:00][P1][INFO][DEBUG_TX][sending to arduino]{wire=H}
[2026-09-25T19:47:19.315+00:00][P1][INFO][DEBUG_TX][sending to arduino]{wire=H}
[2026-09-25T19:47:19.717+00:00][P1][INFO][DEBUG_TX][sending to arduino]{wire=H}
[2026-09-25T19:47:20.294+00:00][P1][INFO][DEBUG_TX][sending to arduino]{wire=H}
[2026-09-25T19:47:20.707+00:00][P1][INFO][DEBUG_TX][sending to arduino]{wire=H}
[2026-09-25T19:47:21.255+00:00][P1][INFO][DEBUG_TX][sending to arduino]{wire=H}
[2026-09-25T19:47:21.755+00:00][P1][INFO][DEBUG_TX][sending to arduino]{wire=H}
[2026-09-25T19:47:22.295+00:00][P1][INFO][DEBUG_TX][sending to arduino]{wire=H}
[2026-09-25T19:47:22.765+00:00][P1][INFO][DEBUG_TX][sending to arduino]{wire=H}
[2026-09-25T19:47:23.259+00:00][P1][INFO][DEBUG_TX][sending to arduino]{wire=H}
[2026-09-25T19:47:23.773+00:00][P1][INFO][DEBUG_TX][sending to arduino]{wire=H}
[2026-09-25T19:47:24.225+00:00][P1][INFO][DEBUG_TX][sending to arduino]{wire=H}
[2026-09-25T19:47:24.743+00:00][P1][INFO][DEBUG_TX][sending to arduino]{wire=H}
[2026-09-25T19:47:25.231+00:00][P1][INFO][DEBUG_TX][sending to arduino]{wire=H}
[2026-09-25T19:47:25.754+00:00][P1][INFO][DEBUG_TX][sending to arduino]{wire=H}
[2026-09-25T19:47:26.233+00:00][P1][INFO][DEBUG_TX][sending to arduino]{wire=H}
[2026-09-25T19:47:26.706+00:00][P1][INFO][DEBUG_TX][sending to arduino]{wire=H}
[2026-09-25T19:47:27.318+00:00][P1][INFO][DEBUG_TX][sending to arduino]{wire=H}
[2026-09-25T19:47:27.705+00:00][P1][INFO][DEBUG_TX][sending to arduino]{wire=H}
[2026-09-25T19:47:28.247+00:00][P1][INFO][DEBUG_TX][sending to arduino]{wire=H}
[2026-09-25T19:47:28.723+00:00][P1][INFO][DEBUG_TX][sending to arduino]{wire=H}
[2026-09-25T19:47:29.241+00:00][P1][INFO][DEBUG_TX][sending to arduino]{wire=H}
[2026-09-25T19:47:29.709+00:00][P1][INFO][DEBUG_TX][sending to arduino]{wire=H}
[2026-09-25T19:47:30.314+00:00][P1][INFO][DEBUG_TX][sending to arduino]{wire=H}
[2026-09-25T19:47:30.759+00:00][P1][INFO][DEBUG_TX][sending to arduino]{wire=H}
[2026-09-25T19:47:31.313+00:00][P1][INFO][DEBUG_TX][sending to arduino]{wire=H}
[2026-09-25T19:47:31.789+00:00][P1][INFO][DEBUG_TX][sending to arduino]{wire=H}
[2026-09-25T19:47:32.355+00:00][P1][INFO][DEBUG_TX][sending to arduino]{wire=H}
[2026-09-25T19:47:32.742+00:00][P1][INFO][DEBUG_TX][sending to arduino]{wire=H}
[2026-09-25T19:47:33.250+00:00][P1][INFO][DEBUG_TX][sending to arduino]{wire=H}
[2026-09-25T19:47:33.716+00:00][P1][INFO][DEBUG_TX][sending to arduino]{wire=H}
[2026-09-25T19:47:34.269+00:00][P1][INFO][DEBUG_TX][sending to arduino]{wire=H}
[2026-09-25T19:47:34.758+00:00][P1][INFO][DEBUG_TX][sending to arduino]{wire=H}
[2026-09-25T19:47:35.271+00:00][P1][INFO][DEBUG_TX][sending to arduino]{wire=H}
[2026-09-25T19:47:35.794+00:00][P1][INFO][DEBUG_TX][sending to arduino]{wire=H}
[2026-09-25T19:47:36.265+00:00][P1][INFO][DEBUG_TX][sending to arduino]{wire=H}
[2026-09-25T19:47:36.706+00:00][P1][INFO][DEBUG_TX][sending to arduino]{wire=H}
[2026-09-25T19:47:37.253+00:00][P1][INFO][DEBUG_TX][sending to arduino]{wire=H}
[2026-09-25T19:47:37.752+00:00][P1][INFO][DEBUG_TX][sending to arduino]{wire=H}
[2026-09-25T19:47:38.282+00:00][P1][INFO][DEBUG_TX][sending to arduino]{wire=H}
[2026-09-25T19:47:38.728+00:00][P1][INFO][DEBUG_TX][sending to arduino]{wire=H}
[2026-09-25T19:47:39.334+00:00][P1][INFO][DEBUG_TX][sending to arduino]{wire=H}
[2026-09-25T19:47:39.745+00:00][P1][INFO][DEBUG_TX][sending to arduino]{wire=H}
[2026-09-25T19:47:40.267+00:00][P1][INFO][DEBUG_TX][sending to arduino]{wire=H}
[2026-09-25T19:47:40.745+00:00][P1][INFO][DEBUG_TX][sending to arduino]{wire=H}
[2026-09-25T19:47:41.227+00:00][P1][INFO][DEBUG_TX][sending to arduino]{wire=H}
[2026-09-25T19:47:41.717+00:00][P1][INFO][DEBUG_TX][sending to arduino]{wire=H}
[2026-09-25T19:47:42.219+00:00][P1][INFO][DEBUG_TX][sending to arduino]{wire=H}
[2026-09-25T19:47:42.703+00:00][P1][INFO][DEBUG_TX][sending to arduino]{wire=H}
[2026-09-25T19:47:43.219+00:00][P1][INFO][DEBUG_TX][sending to arduino]{wire=H}
[2026-09-25T19:47:43.733+00:00][P1][INFO][DEBUG_TX][sending to arduino]{wire=H}
[2026-09-25T19:47:44.230+00:00][P1][INFO][DEBUG_TX][sending to arduino]{wire=H}
[2026-09-25T19:47:44.727+00:00][P1][INFO][DEBUG_TX][sending to arduino]{wire=H}
[2026-09-25T19:47:45.259+00:00][P1][INFO][DEBUG_TX][sending to arduino]{wire=H}
[2026-09-25T19:47:45.745+00:00][P1][INFO][DEBUG_TX][sending to arduino]{wire=H}
[2026-09-25T19:47:46.207+00:00][P1][INFO][DEBUG_TX][sending to arduino]{wire=H}
[2026-09-25T19:47:46.720+00:00][P1][INFO][DEBUG_TX][sending to arduino]{wire=H}
[2026-09-25T19:47:47.231+00:00][P1][INFO][DEBUG_TX][sending to arduino]{wire=H}
[2026-09-25T19:47:47.730+00:00][P1][INFO][DEBUG_TX][sending to arduino]{wire=H}
[2026-09-25T19:47:48.215+00:00][P1][INFO][DEBUG_TX][sending to arduino]{wire=H}
[2026-09-25T19:47:48.734+00:00][P1][INFO][DEBUG_TX][sending to arduino]{wire=H}
[2026-09-25T19:47:49.278+00:00][P1][INFO][DEBUG_TX][sending to arduino]{wire=H}
[2026-09-25T19:47:49.743+00:00][P1][INFO][DEBUG_TX][sending to arduino]{wire=H}
[2026-09-25T19:47:50.233+00:00][P1][INFO][DEBUG_TX][sending to arduino]{wire=H}
[2026-09-25T19:47:50.739+00:00][P1][INFO][DEBUG_TX][sending to arduino]{wire=H}
[2026-09-25T19:47:51.361+00:00][P1][INFO][DEBUG_TX][sending to arduino]{wire=H}
[2026-09-25T19:47:51.735+00:00][P1][INFO][DEBUG_TX][sending to arduino]{wire=H}
[2026-09-25T19:47:52.247+00:00][P1][INFO][DEBUG_TX][sending to arduino]{wire=H}
[2026-09-25T19:47:52.718+00:00][P1][INFO][DEBUG_TX][sending to arduino]{wire=H}
[2026-09-25T19:47:53.265+00:00][P1][INFO][DEBUG_TX][sending to arduino]{wire=H}
[2026-09-25T19:47:53.705+00:00][P1][INFO][DEBUG_TX][sending to arduino]{wire=H}
[2026-09-25T19:47:54.309+00:00][P1][INFO][DEBUG_TX][sending to arduino]{wire=H}
[2026-09-25T19:47:54.790+00:00][P1][INFO][DEBUG_TX][sending to arduino]{wire=H}
[2026-09-25T19:47:55.209+00:00][P1][INFO][DEBUG_TX][sending to arduino]{wire=H}
[2026-09-25T19:47:55.763+00:00][P1][INFO][DEBUG_TX][sending to arduino]{wire=H}
[2026-09-25T19:47:56.345+00:00][P1][INFO][DEBUG_TX][sending to arduino]{wire=H}
[2026-09-25T19:47:56.735+00:00][P1][INFO][DEBUG_TX][sending to arduino]{wire=H}
[2026-09-25T19:47:57.272+00:00][P1][INFO][DEBUG_TX][sending to arduino]{wire=H}
[2026-09-25T19:47:57.733+00:00][P1][INFO][DEBUG_TX][sending to arduino]{wire=H}
[2026-09-25T19:47:58.289+00:00][P1][INFO][DEBUG_TX][sending to arduino]{wire=H}
[2026-09-25T19:47:58.721+00:00][P1][INFO][DEBUG_TX][sending to arduino]{wire=H}
[2026-09-25T19:47:59.222+00:00][P1][INFO][DEBUG_TX][sending to arduino]{wire=H}
[2026-09-25T19:47:59.783+00:00][P1][INFO][DEBUG_TX][sending to arduino]{wire=H}
[2026-09-25T19:48:00.214+00:00][P1][INFO][DEBUG_TX][sending to arduino]{wire=H}
[2026-09-25T19:48:00.734+00:00][P1][INFO][DEBUG_TX][sending to arduino]{wire=H}
[2026-09-25T19:48:01.307+00:00][P1][INFO][DEBUG_TX][sending to arduino]{wire=H}
[2026-09-25T19:48:01.848+00:00][P1][INFO][DEBUG_TX][sending to arduino]{wire=H}
[2026-09-25T19:48:02.224+00:00][P1][INFO][DEBUG_TX][sending to arduino]{wire=H}
[2026-09-25T19:48:02.746+00:00][P1][INFO][DEBUG_TX][sending to arduino]{wire=H}
[2026-09-25T19:48:03.210+00:00][P1][INFO][DEBUG_TX][sending to arduino]{wire=H}
[2026-09-25T19:48:03.710+00:00][P1][INFO][DEBUG_TX][sending to arduino]{wire=H}
[2026-09-25T19:48:04.293+00:00][P1][INFO][DEBUG_TX][sending to arduino]{wire=H}
[2026-09-25T19:48:04.726+00:00][P1][INFO][DEBUG_TX][sending to arduino]{wire=H}
[2026-09-25T19:48:05.289+00:00][P1][INFO][DEBUG_TX][sending to arduino]{wire=H}
[2026-09-25T19:48:05.719+00:00][P1][INFO][DEBUG_TX][sending to arduino]{wire=H}
[2026-09-25T19:48:06.239+00:00][P1][INFO][DEBUG_TX][sending to arduino]{wire=H}
[2026-09-25T19:48:06.716+00:00][P1][INFO][DEBUG_TX][sending to arduino]{wire=H}
[2026-09-25T19:48:07.230+00:00][P1][INFO][DEBUG_TX][sending to arduino]{wire=H}
[2026-09-25T19:48:07.759+00:00][P1][INFO][DEBUG_TX][sending to arduino]{wire=H}
[2026-09-25T19:48:08.210+00:00][P1][INFO][DEBUG_TX][sending to arduino]{wire=H}
[2026-09-25T19:48:08.831+00:00][P1][INFO][DEBUG_TX][sending to arduino]{wire=H}
[2026-09-25T19:48:09.296+00:00][P1][INFO][DEBUG_TX][sending to arduino]{wire=H}
[2026-09-25T19:48:09.926+00:00][P1][INFO][DEBUG_TX][sending to arduino]{wire=H}
[2026-09-25T19:48:10.414+00:00][P1][INFO][DEBUG_TX][sending to arduino]{wire=H}
[2026-09-25T19:48:10.714+00:00][P1][INFO][DEBUG_TX][sending to arduino]{wire=H}
[2026-09-25T19:48:11.271+00:00][P1][INFO][DEBUG_TX][sending to arduino]{wire=H}
[2026-09-25T19:48:11.713+00:00][P1][INFO][DEBUG_TX][sending to arduino]{wire=H}
[2026-09-25T19:48:12.298+00:00][P1][INFO][DEBUG_TX][sending to arduino]{wire=H}
[2026-09-25T19:48:12.713+00:00][P1][INFO][DEBUG_TX][sending to arduino]{wire=H}
[2026-09-25T19:48:13.213+00:00][P1][INFO][DEBUG_TX][sending to arduino]{wire=H}
[2026-09-25T19:48:13.747+00:00][P1][INFO][DEBUG_TX][sending to arduino]{wire=H}
[2026-09-25T19:48:14.247+00:00][P1][INFO][DEBUG_TX][sending to arduino]{wire=H}
[2026-09-25T19:48:14.708+00:00][P1][INFO][DEBUG_TX][sending to arduino]{wire=H}
[2026-09-25T19:48:15.230+00:00][P1][INFO][DEBUG_TX][sending to arduino]{wire=H}
[2026-09-25T19:48:15.713+00:00][P1][INFO][DEBUG_TX][sending to arduino]{wire=H}
[2026-09-25T19:48:16.250+00:00][P1][INFO][DEBUG_TX][sending to arduino]{wire=H}
[2026-09-25T19:48:16.729+00:00][P1][INFO][DEBUG_TX][sending to arduino]{wire=H}
[2026-09-25T19:48:17.246+00:00][P1][INFO][DEBUG_TX][sending to arduino]{wire=H}
[2026-09-25T19:48:17.723+00:00][P1][INFO][DEBUG_TX][sending to arduino]{wire=H}
[2026-09-25T19:48:18.225+00:00][P1][INFO][DEBUG_TX][sending to arduino]{wire=H}
[2026-09-25T19:48:18.705+00:00][P1][INFO][DEBUG_TX][sending to arduino]{wire=H}
[2026-09-25T19:48:19.315+00:00][P1][INFO][DEBUG_TX][sending to arduino]{wire=H}
[2026-09-25T19:48:19.729+00:00][P1][INFO][DEBUG_TX][sending to arduino]{wire=H}
[2026-09-25T19:48:20.273+00:00][P1][INFO][DEBUG_TX][sending to arduino]{wire=H}
[2026-09-25T19:48:20.798+00:00][P1][INFO][DEBUG_TX][sending to arduino]{wire=H}
[2026-09-25T19:48:21.265+00:00][P1][INFO][DEBUG_TX][sending to arduino]{wire=H}
[2026-09-25T19:48:21.757+00:00][P1][INFO][DEBUG_TX][sending to arduino]{wire=H}
[2026-09-25T19:48:22.219+00:00][P1][INFO][DEBUG_TX][sending to arduino]{wire=H}
[2026-09-25T19:48:22.740+00:00][P1][INFO][DEBUG_TX][sending to arduino]{wire=H}
[2026-09-25T19:48:23.302+00:00][P1][INFO][DEBUG_TX][sending to arduino]{wire=H}
[2026-09-25T19:48:23.734+00:00][P1][INFO][DEBUG_TX][sending to arduino]{wire=H}
[2026-09-25T19:48:24.262+00:00][P1][INFO][DEBUG_TX][sending to arduino]{wire=H}
[2026-09-25T19:48:24.734+00:00][P1][INFO][DEBUG_TX][sending to arduino]{wire=H}
[2026-09-25T19:48:25.257+00:00][P1][INFO][DEBUG_TX][sending to arduino]{wire=H}
[2026-09-25T19:48:25.717+00:00][P1][INFO][DEBUG_TX][sending to arduino]{wire=H}
[2026-09-25T19:48:26.228+00:00][P1][INFO][DEBUG_TX][sending to arduino]{wire=H}
[2026-09-25T19:48:26.746+00:00][P1][INFO][DEBUG_TX][sending to arduino]{wire=H}
[2026-09-25T19:48:27.284+00:00][P1][INFO][DEBUG_TX][sending to arduino]{wire=H}
[2026-09-25T19:48:27.718+00:00][P1][INFO][DEBUG_TX][sending to arduino]{wire=H}
[2026-09-25T19:48:28.374+00:00][P1][INFO][DEBUG_TX][sending to arduino]{wire=H}
[2026-09-25T19:48:28.722+00:00][P1][INFO][DEBUG_TX][sending to arduino]{wire=H}
[2026-09-25T19:48:29.239+00:00][P1][INFO][DEBUG_TX][sending to arduino]{wire=H}
[2026-09-25T19:48:29.761+00:00][P1][INFO][DEBUG_TX][sending to arduino]{wire=H}
[2026-09-25T19:48:30.273+00:00][P1][INFO][DEBUG_TX][sending to arduino]{wire=H}
[2026-09-25T19:48:30.729+00:00][P1][INFO][DEBUG_TX][sending to arduino]{wire=H}
[2026-09-25T19:48:31.261+00:00][P1][INFO][DEBUG_TX][sending to arduino]{wire=H}
[2026-09-25T19:48:31.705+00:00][P1][INFO][DEBUG_TX][sending to arduino]{wire=H}
[2026-09-25T19:48:32.300+00:00][P1][INFO][DEBUG_TX][sending to arduino]{wire=H}
[2026-09-25T19:48:32.720+00:00][P1][INFO][DEBUG_TX][sending to arduino]{wire=H}
[2026-09-25T19:48:33.372+00:00][P1][INFO][DEBUG_TX][sending to arduino]{wire=H}
[2026-09-25T19:48:33.788+00:00][P1][INFO][DEBUG_TX][sending to arduino]{wire=H}
[2026-09-25T19:48:34.221+00:00][P1][INFO][DEBUG_TX][sending to arduino]{wire=H}
[2026-09-25T19:48:34.842+00:00][P1][INFO][DEBUG_TX][sending to arduino]{wire=H}
[2026-09-25T19:48:35.253+00:00][P1][INFO][DEBUG_TX][sending to arduino]{wire=H}
[2026-09-25T19:48:35.752+00:00][P1][INFO][DEBUG_TX][sending to arduino]{wire=H}
[2026-09-25T19:48:36.261+00:00][P1][INFO][DEBUG_TX][sending to arduino]{wire=H}
[2026-09-25T19:48:36.749+00:00][P1][INFO][DEBUG_TX][sending to arduino]{wire=H}
[2026-09-25T19:48:37.256+00:00][P1][INFO][DEBUG_TX][sending to arduino]{wire=H}
[2026-09-25T19:48:37.717+00:00][P1][INFO][DEBUG_TX][sending to arduino]{wire=H}
[2026-09-25T19:48:38.248+00:00][P1][INFO][DEBUG_TX][sending to arduino]{wire=H}
[2026-09-25T19:48:38.723+00:00][P1][INFO][DEBUG_TX][sending to arduino]{wire=H}
[2026-09-25T19:48:39.314+00:00][P1][INFO][DEBUG_TX][sending to arduino]{wire=H}
[2026-09-25T19:48:39.765+00:00][P1][INFO][DEBUG_TX][sending to arduino]{wire=H}
[2026-09-25T19:48:40.222+00:00][P1][INFO][DEBUG_TX][sending to arduino]{wire=H}
[2026-09-25T19:48:40.723+00:00][P1][INFO][DEBUG_TX][sending to arduino]{wire=H}
[2026-09-25T19:48:41.292+00:00][P1][INFO][DEBUG_TX][sending to arduino]{wire=H}
[2026-09-25T19:48:41.736+00:00][P1][INFO][DEBUG_TX][sending to arduino]{wire=H}
[2026-09-25T19:48:42.217+00:00][P1][INFO][DEBUG_TX][sending to arduino]{wire=H}
[2026-09-25T19:48:42.710+00:00][P1][INFO][DEBUG_TX][sending to arduino]{wire=H}
[2026-09-25T19:48:43.238+00:00][P1][INFO][DEBUG_TX][sending to arduino]{wire=H}
[2026-09-25T19:48:43.714+00:00][P1][INFO][DEBUG_TX][sending to arduino]{wire=H}
[2026-09-25T19:48:44.233+00:00][P1][INFO][DEBUG_TX][sending to arduino]{wire=H}
[2026-09-25T19:48:44.705+00:00][P1][INFO][DEBUG_TX][sending to arduino]{wire=H}
[2026-09-25T19:48:45.223+00:00][P1][INFO][DEBUG_TX][sending to arduino]{wire=H}
[2026-09-25T19:48:45.731+00:00][P1][INFO][DEBUG_TX][sending to arduino]{wire=H}
[2026-09-25T19:48:46.313+00:00][P1][INFO][DEBUG_TX][sending to arduino]{wire=H}
[2026-09-25T19:48:46.766+00:00][P1][INFO][DEBUG_TX][sending to arduino]{wire=H}
[2026-09-25T19:48:47.307+00:00][P1][INFO][DEBUG_TX][sending to arduino]{wire=H}
[2026-09-25T19:48:47.713+00:00][P1][INFO][DEBUG_TX][sending to arduino]{wire=H}
[2026-09-25T19:48:48.242+00:00][P1][INFO][DEBUG_TX][sending to arduino]{wire=H}
[2026-09-25T19:48:48.752+00:00][P1][INFO][DEBUG_TX][sending to arduino]{wire=H}
[2026-09-25T19:48:49.290+00:00][P1][INFO][DEBUG_TX][sending to arduino]{wire=H}
[2026-09-25T19:48:49.765+00:00][P1][INFO][DEBUG_TX][sending to arduino]{wire=H}
[2026-09-25T19:48:50.343+00:00][P1][INFO][DEBUG_TX][sending to arduino]{wire=H}
[2026-09-25T19:48:50.720+00:00][P1][INFO][DEBUG_TX][sending to arduino]{wire=H}
[2026-09-25T19:48:51.229+00:00][P1][INFO][DEBUG_TX][sending to arduino]{wire=H}
[2026-09-25T19:48:51.728+00:00][P1][INFO][DEBUG_TX][sending to arduino]{wire=H}
[2026-09-25T19:48:52.249+00:00][P1][INFO][DEBUG_TX][sending to arduino]{wire=H}
[2026-09-25T19:48:52.714+00:00][P1][INFO][DEBUG_TX][sending to arduino]{wire=H}
[2026-09-25T19:48:53.224+00:00][P1][INFO][DEBUG_TX][sending to arduino]{wire=H}
[2026-09-25T19:48:53.720+00:00][P1][INFO][DEBUG_TX][sending to arduino]{wire=H}
[2026-09-25T19:48:54.250+00:00][P1][INFO][DEBUG_TX][sending to arduino]{wire=H}
[2026-09-25T19:48:54.793+00:00][P1][INFO][DEBUG_TX][sending to arduino]{wire=H}
[2026-09-25T19:48:55.253+00:00][P1][INFO][DEBUG_TX][sending to arduino]{wire=H}
[2026-09-25T19:48:55.973+00:00][P1][INFO][DEBUG_TX][sending to arduino]{wire=H}
[2026-09-25T19:48:56.256+00:00][P1][INFO][DEBUG_TX][sending to arduino]{wire=H}
[2026-09-25T19:48:56.777+00:00][P1][INFO][DEBUG_TX][sending to arduino]{wire=H}
[2026-09-25T19:48:57.335+00:00][P1][INFO][DEBUG_TX][sending to arduino]{wire=H}
[2026-09-25T19:48:57.716+00:00][P1][INFO][DEBUG_TX][sending to arduino]{wire=H}
[2026-09-25T19:48:57.966+00:00][P1][INFO][DEBUG_TX][sending to arduino]{wire=F116}
[2026-09-25T19:48:58.314+00:00][P1][INFO][DEBUG_TX][sending to arduino]{wire=S}
[2026-09-25T19:48:58.338+00:00][P1][INFO][DEBUG_TX][sending to arduino]{wire=H}
[2026-09-25T19:48:58.821+00:00][P1][INFO][DEBUG_TX][sending to arduino]{wire=F116}
[2026-09-25T19:48:58.841+00:00][P1][INFO][DEBUG_TX][sending to arduino]{wire=H}
[2026-09-25T19:48:59.234+00:00][P1][INFO][DEBUG_TX][sending to arduino]{wire=H}
[2026-09-25T19:48:59.709+00:00][P1][INFO][DEBUG_TX][sending to arduino]{wire=H}
[2026-09-25T19:49:00.277+00:00][P1][INFO][DEBUG_TX][sending to arduino]{wire=H}
[2026-09-25T19:49:00.757+00:00][P1][INFO][DEBUG_TX][sending to arduino]{wire=H}
[2026-09-25T19:49:01.214+00:00][P1][INFO][DEBUG_TX][sending to arduino]{wire=S}
[2026-09-25T19:49:01.255+00:00][P1][INFO][DEBUG_TX][sending to arduino]{wire=H}
[2026-09-25T19:49:01.787+00:00][P1][INFO][DEBUG_TX][sending to arduino]{wire=H}
[2026-09-25T19:49:01.981+00:00][P1][INFO][DEBUG_TX][sending to arduino]{wire=F116}
[2026-09-25T19:49:02.232+00:00][P1][INFO][DEBUG_TX][sending to arduino]{wire=H}
[2026-09-25T19:49:02.720+00:00][P1][INFO][DEBUG_TX][sending to arduino]{wire=H}
[2026-09-25T19:49:03.217+00:00][P1][INFO][DEBUG_TX][sending to arduino]{wire=H}
[2026-09-25T19:49:03.739+00:00][P1][INFO][DEBUG_TX][sending to arduino]{wire=H}
[2026-09-25T19:49:04.239+00:00][P1][INFO][DEBUG_TX][sending to arduino]{wire=H}
[2026-09-25T19:49:04.723+00:00][P1][INFO][DEBUG_TX][sending to arduino]{wire=H}
[2026-09-25T19:49:05.232+00:00][P1][INFO][DEBUG_TX][sending to arduino]{wire=H}
[2026-09-25T19:49:05.288+00:00][P1][INFO][DEBUG_TX][sending to arduino]{wire=S}
[2026-09-25T19:49:05.437+00:00][P1][INFO][DEBUG_TX][sending to arduino]{wire=F116}
[2026-09-25T19:49:05.651+00:00][P1][INFO][DEBUG_TX][sending to arduino]{wire=S}
[2026-09-25T19:49:05.863+00:00][P1][INFO][DEBUG_TX][sending to arduino]{wire=F116}
[2026-09-25T19:49:05.958+00:00][P1][INFO][DEBUG_TX][sending to arduino]{wire=H}
[2026-09-25T19:49:05.986+00:00][P1][INFO][DEBUG_TX][sending to arduino]{wire=S}
[2026-09-25T19:49:06.351+00:00][P1][INFO][DEBUG_TX][sending to arduino]{wire=H}
[2026-09-25T19:49:06.705+00:00][P1][INFO][DEBUG_TX][sending to arduino]{wire=H}
[2026-09-25T19:49:07.222+00:00][P1][INFO][DEBUG_TX][sending to arduino]{wire=H}
[2026-09-25T19:49:07.732+00:00][P1][INFO][DEBUG_TX][sending to arduino]{wire=H}
[2026-09-25T19:49:07.771+00:00][P1][INFO][DEBUG_TX][sending to arduino]{wire=F116}
[2026-09-25T19:49:07.951+00:00][P1][INFO][DEBUG_TX][sending to arduino]{wire=S}
[2026-09-25T19:49:08.243+00:00][P1][INFO][DEBUG_TX][sending to arduino]{wire=H}
[2026-09-25T19:49:08.341+00:00][P1][INFO][DEBUG_TX][sending to arduino]{wire=F116}
[2026-09-25T19:49:08.411+00:00][P1][INFO][DEBUG_TX][sending to arduino]{wire=S}
[2026-09-25T19:49:08.677+00:00][P1][INFO][DEBUG_TX][sending to arduino]{wire=F116}
[2026-09-25T19:49:08.778+00:00][P1][INFO][DEBUG_TX][sending to arduino]{wire=S}
[2026-09-25T19:49:08.802+00:00][P1][INFO][DEBUG_TX][sending to arduino]{wire=F116}
[2026-09-25T19:49:08.829+00:00][P1][INFO][DEBUG_TX][sending to arduino]{wire=H}
[2026-09-25T19:49:08.934+00:00][P1][INFO][DEBUG_TX][sending to arduino]{wire=S}
[2026-09-25T19:49:09.246+00:00][P1][INFO][DEBUG_TX][sending to arduino]{wire=H}
[2026-09-25T19:49:09.893+00:00][P1][INFO][DEBUG_TX][sending to arduino]{wire=H}
[2026-09-25T19:49:10.257+00:00][P1][INFO][DEBUG_TX][sending to arduino]{wire=H}
[2026-09-25T19:49:10.721+00:00][P1][INFO][DEBUG_TX][sending to arduino]{wire=H}
[2026-09-25T19:49:11.378+00:00][P1][INFO][DEBUG_TX][sending to arduino]{wire=H}
[2026-09-25T19:49:11.717+00:00][P1][INFO][DEBUG_TX][sending to arduino]{wire=H}
[2026-09-25T19:49:12.251+00:00][P1][INFO][DEBUG_TX][sending to arduino]{wire=H}
[2026-09-25T19:49:12.761+00:00][P1][INFO][DEBUG_TX][sending to arduino]{wire=H}
[2026-09-25T19:49:13.250+00:00][P1][INFO][DEBUG_TX][sending to arduino]{wire=H}
[2026-09-25T19:49:13.782+00:00][P1][INFO][DEBUG_TX][sending to arduino]{wire=H}
[2026-09-25T19:49:14.210+00:00][P1][INFO][DEBUG_TX][sending to arduino]{wire=H}
[2026-09-25T19:49:14.730+00:00][P1][INFO][DEBUG_TX][sending to arduino]{wire=H}
[2026-09-25T19:49:15.306+00:00][P1][INFO][DEBUG_TX][sending to arduino]{wire=H}
[2026-09-25T19:49:15.829+00:00][P1][INFO][DEBUG_TX][sending to arduino]{wire=H}
[2026-09-25T19:49:16.219+00:00][P1][INFO][DEBUG_TX][sending to arduino]{wire=H}
[2026-09-25T19:49:16.742+00:00][P1][INFO][DEBUG_TX][sending to arduino]{wire=H}
[2026-09-25T19:49:17.298+00:00][P1][INFO][DEBUG_TX][sending to arduino]{wire=H}
[2026-09-25T19:49:17.811+00:00][P1][INFO][DEBUG_TX][sending to arduino]{wire=H}
[2026-09-25T19:49:18.246+00:00][P1][INFO][DEBUG_TX][sending to arduino]{wire=H}
[2026-09-25T19:49:18.837+00:00][P1][INFO][DEBUG_TX][sending to arduino]{wire=H}
[2026-09-25T19:49:19.293+00:00][P1][INFO][DEBUG_TX][sending to arduino]{wire=H}
[2026-09-25T19:49:19.710+00:00][P1][INFO][DEBUG_TX][sending to arduino]{wire=H}
[2026-09-25T19:49:20.246+00:00][P1][INFO][DEBUG_TX][sending to arduino]{wire=H}
[2026-09-25T19:49:20.727+00:00][P1][INFO][DEBUG_TX][sending to arduino]{wire=H}
[2026-09-25T19:49:21.430+00:00][P1][INFO][DEBUG_TX][sending to arduino]{wire=H}
[2026-09-25T19:49:21.706+00:00][P1][INFO][DEBUG_TX][sending to arduino]{wire=H}
[2026-09-25T19:49:22.266+00:00][P1][INFO][DEBUG_TX][sending to arduino]{wire=H}
[2026-09-25T19:49:22.713+00:00][P1][INFO][DEBUG_TX][sending to arduino]{wire=H}
[2026-09-25T19:49:23.309+00:00][P1][INFO][DEBUG_TX][sending to arduino]{wire=H}
[2026-09-25T19:49:23.815+00:00][P1][INFO][DEBUG_TX][sending to arduino]{wire=H}
[2026-09-25T19:49:24.324+00:00][P1][INFO][DEBUG_TX][sending to arduino]{wire=H}
[2026-09-25T19:49:24.743+00:00][P1][INFO][DEBUG_TX][sending to arduino]{wire=H}
[2026-09-25T19:49:25.299+00:00][P1][INFO][DEBUG_TX][sending to arduino]{wire=H}
[2026-09-25T19:49:25.710+00:00][P1][INFO][DEBUG_TX][sending to arduino]{wire=H}
[2026-09-25T19:49:26.266+00:00][P1][INFO][DEBUG_TX][sending to arduino]{wire=H}
[2026-09-25T19:49:26.725+00:00][P1][INFO][DEBUG_TX][sending to arduino]{wire=H}
[2026-09-25T19:49:27.222+00:00][P1][INFO][DEBUG_TX][sending to arduino]{wire=H}
[2026-09-25T19:49:27.715+00:00][P1][INFO][DEBUG_TX][sending to arduino]{wire=H}
[2026-09-25T19:49:28.205+00:00][P1][INFO][DEBUG_TX][sending to arduino]{wire=H}
[2026-09-25T19:49:28.737+00:00][P1][INFO][DEBUG_TX][sending to arduino]{wire=H}
[2026-09-25T19:49:29.282+00:00][P1][INFO][DEBUG_TX][sending to arduino]{wire=H}
[2026-09-25T19:49:29.758+00:00][P1][INFO][DEBUG_TX][sending to arduino]{wire=H}
[2026-09-25T19:49:30.331+00:00][P1][INFO][DEBUG_TX][sending to arduino]{wire=H}
[2026-09-25T19:49:30.744+00:00][P1][INFO][DEBUG_TX][sending to arduino]{wire=H}
[2026-09-25T19:49:31.230+00:00][P1][INFO][DEBUG_TX][sending to arduino]{wire=H}
[2026-09-25T19:49:31.709+00:00][P1][INFO][DEBUG_TX][sending to arduino]{wire=H}
[2026-09-25T19:49:32.238+00:00][P1][INFO][DEBUG_TX][sending to arduino]{wire=H}
[2026-09-25T19:49:32.881+00:00][P1][INFO][DEBUG_TX][sending to arduino]{wire=H}
[2026-09-25T19:49:33.237+00:00][P1][INFO][DEBUG_TX][sending to arduino]{wire=H}
[2026-09-25T19:49:33.825+00:00][P1][INFO][DEBUG_TX][sending to arduino]{wire=H}
[2026-09-25T19:49:34.392+00:00][P1][INFO][DEBUG_TX][sending to arduino]{wire=H}
[2026-09-25T19:49:34.755+00:00][P1][INFO][DEBUG_TX][sending to arduino]{wire=H}
[2026-09-25T19:49:35.295+00:00][P1][INFO][DEBUG_TX][sending to arduino]{wire=H}
[2026-09-25T19:49:35.705+00:00][P1][INFO][DEBUG_TX][sending to arduino]{wire=H}
[2026-09-25T19:49:36.250+00:00][P1][INFO][DEBUG_TX][sending to arduino]{wire=H}
[2026-09-25T19:49:36.765+00:00][P1][INFO][DEBUG_TX][sending to arduino]{wire=H}
[2026-09-25T19:49:37.250+00:00][P1][INFO][DEBUG_TX][sending to arduino]{wire=H}
[2026-09-25T19:49:37.705+00:00][P1][INFO][DEBUG_TX][sending to arduino]{wire=H}
[2026-09-25T19:49:38.295+00:00][P1][INFO][DEBUG_TX][sending to arduino]{wire=H}
[2026-09-25T19:49:38.725+00:00][P1][INFO][DEBUG_TX][sending to arduino]{wire=H}
[2026-09-25T19:49:39.329+00:00][P1][INFO][DEBUG_TX][sending to arduino]{wire=H}
[2026-09-25T19:49:39.713+00:00][P1][INFO][DEBUG_TX][sending to arduino]{wire=H}
[2026-09-25T19:49:40.337+00:00][P1][INFO][DEBUG_TX][sending to arduino]{wire=H}
[2026-09-25T19:49:40.776+00:00][P1][INFO][DEBUG_TX][sending to arduino]{wire=H}
[2026-09-25T19:49:41.349+00:00][P1][INFO][DEBUG_TX][sending to arduino]{wire=H}
[2026-09-25T19:49:42.105+00:00][P1][INFO][DEBUG_TX][sending to arduino]{wire=H}
[2026-09-25T19:49:42.290+00:00][P1][INFO][DEBUG_TX][sending to arduino]{wire=H}
[2026-09-25T19:49:42.714+00:00][P1][INFO][DEBUG_TX][sending to arduino]{wire=H}
[2026-09-25T19:49:43.284+00:00][P1][INFO][DEBUG_TX][sending to arduino]{wire=H}
[2026-09-25T19:49:43.756+00:00][P1][INFO][DEBUG_TX][sending to arduino]{wire=H}
[2026-09-25T19:49:44.234+00:00][P1][INFO][DEBUG_TX][sending to arduino]{wire=H}
[2026-09-25T19:49:44.707+00:00][P1][INFO][DEBUG_TX][sending to arduino]{wire=H}
[2026-09-25T19:49:45.266+00:00][P1][INFO][DEBUG_TX][sending to arduino]{wire=H}
[2026-09-25T19:49:45.706+00:00][P1][INFO][DEBUG_TX][sending to arduino]{wire=H}
[2026-09-25T19:49:46.238+00:00][P1][INFO][DEBUG_TX][sending to arduino]{wire=H}
[2026-09-25T19:49:46.706+00:00][P1][INFO][DEBUG_TX][sending to arduino]{wire=H}
[2026-09-25T19:49:47.225+00:00][P1][INFO][DEBUG_TX][sending to arduino]{wire=H}
[2026-09-25T19:49:47.710+00:00][P1][INFO][DEBUG_TX][sending to arduino]{wire=H}
[2026-09-25T19:49:48.215+00:00][P1][INFO][DEBUG_TX][sending to arduino]{wire=H}
[2026-09-25T19:49:48.708+00:00][P1][INFO][DEBUG_TX][sending to arduino]{wire=H}
[2026-09-25T19:49:49.222+00:00][P1][INFO][DEBUG_TX][sending to arduino]{wire=H}
[2026-09-25T19:49:49.705+00:00][P1][INFO][DEBUG_TX][sending to arduino]{wire=H}
[2026-09-25T19:49:50.215+00:00][P1][INFO][DEBUG_TX][sending to arduino]{wire=H}
[2026-09-25T19:49:50.704+00:00][P1][INFO][DEBUG_TX][sending to arduino]{wire=H}
[2026-09-25T19:49:51.217+00:00][P1][INFO][DEBUG_TX][sending to arduino]{wire=H}
[2026-09-25T19:49:51.706+00:00][P1][INFO][DEBUG_TX][sending to arduino]{wire=H}
[2026-09-25T19:49:52.220+00:00][P1][INFO][DEBUG_TX][sending to arduino]{wire=H}
[2026-09-25T19:49:52.703+00:00][P1][INFO][DEBUG_TX][sending to arduino]{wire=H}
[2026-09-25T19:49:53.221+00:00][P1][INFO][DEBUG_TX][sending to arduino]{wire=H}
[2026-09-25T19:49:53.707+00:00][P1][INFO][DEBUG_TX][sending to arduino]{wire=H}
[2026-09-25T19:49:54.246+00:00][P1][INFO][DEBUG_TX][sending to arduino]{wire=H}
[2026-09-25T19:49:54.705+00:00][P1][INFO][DEBUG_TX][sending to arduino]{wire=H}
[2026-09-25T19:49:55.218+00:00][P1][INFO][DEBUG_TX][sending to arduino]{wire=H}
[2026-09-25T19:49:55.714+00:00][P1][INFO][DEBUG_TX][sending to arduino]{wire=H}
[2026-09-25T19:49:56.215+00:00][P1][INFO][DEBUG_TX][sending to arduino]{wire=H}
[2026-09-25T19:49:56.706+00:00][P1][INFO][DEBUG_TX][sending to arduino]{wire=H}
[2026-09-25T19:49:57.234+00:00][P1][INFO][DEBUG_TX][sending to arduino]{wire=H}
[2026-09-25T19:49:57.704+00:00][P1][INFO][DEBUG_TX][sending to arduino]{wire=H}
[2026-09-25T19:49:58.222+00:00][P1][INFO][DEBUG_TX][sending to arduino]{wire=H}
[2026-09-25T19:49:58.706+00:00][P1][INFO][DEBUG_TX][sending to arduino]{wire=H}
[2026-09-25T19:49:59.232+00:00][P1][INFO][DEBUG_TX][sending to arduino]{wire=H}
[2026-09-25T19:49:59.708+00:00][P1][INFO][DEBUG_TX][sending to arduino]{wire=H}
[2026-09-25T19:50:00.219+00:00][P1][INFO][DEBUG_TX][sending to arduino]{wire=H}
[2026-09-25T19:50:00.706+00:00][P1][INFO][DEBUG_TX][sending to arduino]{wire=H}
[2026-09-25T19:50:01.219+00:00][P1][INFO][DEBUG_TX][sending to arduino]{wire=H}
[2026-09-25T19:50:01.705+00:00][P1][INFO][DEBUG_TX][sending to arduino]{wire=H}
[2026-09-25T19:50:02.234+00:00][P1][INFO][DEBUG_TX][sending to arduino]{wire=H}
[2026-09-25T19:50:02.705+00:00][P1][INFO][DEBUG_TX][sending to arduino]{wire=H}
[2026-09-25T19:50:03.228+00:00][P1][INFO][DEBUG_TX][sending to arduino]{wire=H}
[2026-09-25T19:50:03.706+00:00][P1][INFO][DEBUG_TX][sending to arduino]{wire=H}
[2026-09-25T19:50:04.218+00:00][P1][INFO][DEBUG_TX][sending to arduino]{wire=H}
[2026-09-25T19:50:04.704+00:00][P1][INFO][DEBUG_TX][sending to arduino]{wire=H}
[2026-09-25T19:50:05.217+00:00][P1][INFO][DEBUG_TX][sending to arduino]{wire=H}
[2026-09-25T19:50:05.705+00:00][P1][INFO][DEBUG_TX][sending to arduino]{wire=H}
[2026-09-25T19:50:06.217+00:00][P1][INFO][DEBUG_TX][sending to arduino]{wire=H}
[2026-09-25T19:50:06.707+00:00][P1][INFO][DEBUG_TX][sending to arduino]{wire=H}
[2026-09-25T19:50:07.223+00:00][P1][INFO][DEBUG_TX][sending to arduino]{wire=H}
[2026-09-25T19:50:07.705+00:00][P1][INFO][DEBUG_TX][sending to arduino]{wire=H}
[2026-09-25T19:50:08.217+00:00][P1][INFO][DEBUG_TX][sending to arduino]{wire=H}
[2026-09-25T19:50:08.705+00:00][P1][INFO][DEBUG_TX][sending to arduino]{wire=H}
[2026-09-25T19:50:09.217+00:00][P1][INFO][DEBUG_TX][sending to arduino]{wire=H}
[2026-09-25T19:50:09.711+00:00][P1][INFO][DEBUG_TX][sending to arduino]{wire=H}
[2026-09-25T19:50:10.210+00:00][P1][INFO][DEBUG_TX][sending to arduino]{wire=H}
[2026-09-25T19:50:10.708+00:00][P1][INFO][DEBUG_TX][sending to arduino]{wire=H}
[2026-09-25T19:50:11.213+00:00][P1][INFO][DEBUG_TX][sending to arduino]{wire=H}
[2026-09-25T19:50:11.706+00:00][P1][INFO][DEBUG_TX][sending to arduino]{wire=H}
[2026-09-25T19:50:12.216+00:00][P1][INFO][DEBUG_TX][sending to arduino]{wire=H}
[2026-09-25T19:50:12.727+00:00][P1][INFO][DEBUG_TX][sending to arduino]{wire=H}
[2026-09-25T19:50:13.262+00:00][P1][INFO][DEBUG_TX][sending to arduino]{wire=H}
[2026-09-25T19:50:13.706+00:00][P1][INFO][DEBUG_TX][sending to arduino]{wire=H}
[2026-09-25T19:50:14.218+00:00][P1][INFO][DEBUG_TX][sending to arduino]{wire=H}
[2026-09-25T19:50:14.706+00:00][P1][INFO][DEBUG_TX][sending to arduino]{wire=H}
[2026-09-25T19:50:15.224+00:00][P1][INFO][DEBUG_TX][sending to arduino]{wire=H}
[2026-09-25T19:50:15.706+00:00][P1][INFO][DEBUG_TX][sending to arduino]{wire=H}
[2026-09-25T19:50:16.210+00:00][P1][INFO][DEBUG_TX][sending to arduino]{wire=H}
[2026-09-25T19:50:16.710+00:00][P1][INFO][DEBUG_TX][sending to arduino]{wire=H}
[2026-09-25T19:50:17.212+00:00][P1][INFO][DEBUG_TX][sending to arduino]{wire=H}
[2026-09-25T19:50:17.717+00:00][P1][INFO][DEBUG_TX][sending to arduino]{wire=H}
[2026-09-25T19:50:18.212+00:00][P1][INFO][DEBUG_TX][sending to arduino]{wire=H}
[2026-09-25T19:50:18.705+00:00][P1][INFO][DEBUG_TX][sending to arduino]{wire=H}
[2026-09-25T19:50:19.222+00:00][P1][INFO][DEBUG_TX][sending to arduino]{wire=H}
[2026-09-25T19:50:19.705+00:00][P1][INFO][DEBUG_TX][sending to arduino]{wire=H}
[2026-09-25T19:50:20.225+00:00][P1][INFO][DEBUG_TX][sending to arduino]{wire=H}
[2026-09-25T19:50:20.706+00:00][P1][INFO][DEBUG_TX][sending to arduino]{wire=H}
[2026-09-25T19:50:21.207+00:00][P1][INFO][DEBUG_TX][sending to arduino]{wire=H}
[2026-09-25T19:50:21.711+00:00][P1][INFO][DEBUG_TX][sending to arduino]{wire=H}
[2026-09-25T19:50:22.221+00:00][P1][INFO][DEBUG_TX][sending to arduino]{wire=H}
[2026-09-25T19:50:22.706+00:00][P1][INFO][DEBUG_TX][sending to arduino]{wire=H}
[2026-09-25T19:50:23.209+00:00][P1][INFO][DEBUG_TX][sending to arduino]{wire=H}
[2026-09-25T19:50:23.703+00:00][P1][INFO][DEBUG_TX][sending to arduino]{wire=H}
[2026-09-25T19:50:24.217+00:00][P1][INFO][DEBUG_TX][sending to arduino]{wire=H}
[2026-09-25T19:50:24.706+00:00][P1][INFO][DEBUG_TX][sending to arduino]{wire=H}
[2026-09-25T19:50:25.222+00:00][P1][INFO][DEBUG_TX][sending to arduino]{wire=H}
[2026-09-25T19:50:25.704+00:00][P1][INFO][DEBUG_TX][sending to arduino]{wire=H}
[2026-09-25T19:50:26.217+00:00][P1][INFO][DEBUG_TX][sending to arduino]{wire=H}
[2026-09-25T19:50:26.705+00:00][P1][INFO][DEBUG_TX][sending to arduino]{wire=H}
[2026-09-25T19:50:27.221+00:00][P1][INFO][DEBUG_TX][sending to arduino]{wire=H}
[2026-09-25T19:50:27.707+00:00][P1][INFO][DEBUG_TX][sending to arduino]{wire=H}
[2026-09-25T19:50:28.217+00:00][P1][INFO][DEBUG_TX][sending to arduino]{wire=H}
[2026-09-25T19:50:28.704+00:00][P1][INFO][DEBUG_TX][sending to arduino]{wire=H}
[2026-09-25T19:50:29.249+00:00][P1][INFO][DEBUG_TX][sending to arduino]{wire=H}
[2026-09-25T19:50:29.709+00:00][P1][INFO][DEBUG_TX][sending to arduino]{wire=H}
[2026-09-25T19:50:30.220+00:00][P1][INFO][DEBUG_TX][sending to arduino]{wire=H}
[2026-09-25T19:50:30.706+00:00][P1][INFO][DEBUG_TX][sending to arduino]{wire=H}
[2026-09-25T19:50:31.217+00:00][P1][INFO][DEBUG_TX][sending to arduino]{wire=H}
[2026-09-25T19:50:31.707+00:00][P1][INFO][DEBUG_TX][sending to arduino]{wire=H}
[2026-09-25T19:50:32.218+00:00][P1][INFO][DEBUG_TX][sending to arduino]{wire=H}
[2026-09-25T19:50:32.704+00:00][P1][INFO][DEBUG_TX][sending to arduino]{wire=H}
[2026-09-25T19:50:33.209+00:00][P1][INFO][DEBUG_TX][sending to arduino]{wire=H}
[2026-09-25T19:50:33.706+00:00][P1][INFO][DEBUG_TX][sending to arduino]{wire=H}
[2026-09-25T19:50:34.234+00:00][P1][INFO][DEBUG_TX][sending to arduino]{wire=H}
[2026-09-25T19:50:34.703+00:00][P1][INFO][DEBUG_TX][sending to arduino]{wire=H}
[2026-09-25T19:50:35.222+00:00][P1][INFO][DEBUG_TX][sending to arduino]{wire=H}
[2026-09-25T19:50:35.711+00:00][P1][INFO][DEBUG_TX][sending to arduino]{wire=H}
[2026-09-25T19:50:36.233+00:00][P1][INFO][DEBUG_TX][sending to arduino]{wire=H}
[2026-09-25T19:50:36.711+00:00][P1][INFO][DEBUG_TX][sending to arduino]{wire=H}
[2026-09-25T19:50:37.222+00:00][P1][INFO][DEBUG_TX][sending to arduino]{wire=H}
[2026-09-25T19:50:37.704+00:00][P1][INFO][DEBUG_TX][sending to arduino]{wire=H}
[2026-09-25T19:50:38.226+00:00][P1][INFO][DEBUG_TX][sending to arduino]{wire=H}
[2026-09-25T19:50:38.705+00:00][P1][INFO][DEBUG_TX][sending to arduino]{wire=H}
[2026-09-25T19:50:39.241+00:00][P1][INFO][DEBUG_TX][sending to arduino]{wire=H}
[2026-09-25T19:50:39.706+00:00][P1][INFO][DEBUG_TX][sending to arduino]{wire=H}
[2026-09-25T19:50:40.227+00:00][P1][INFO][DEBUG_TX][sending to arduino]{wire=H}
[2026-09-25T19:50:40.706+00:00][P1][INFO][DEBUG_TX][sending to arduino]{wire=H}
[2026-09-25T19:50:41.223+00:00][P1][INFO][DEBUG_TX][sending to arduino]{wire=H}
[2026-09-25T19:50:41.705+00:00][P1][INFO][DEBUG_TX][sending to arduino]{wire=H}
[2026-09-25T19:50:42.224+00:00][P1][INFO][DEBUG_TX][sending to arduino]{wire=H}
[2026-09-25T19:50:42.740+00:00][P1][INFO][DEBUG_TX][sending to arduino]{wire=H}
[2026-09-25T19:50:43.291+00:00][P1][INFO][DEBUG_TX][sending to arduino]{wire=H}
[2026-09-25T19:50:43.706+00:00][P1][INFO][DEBUG_TX][sending to arduino]{wire=H}
[2026-09-25T19:50:44.213+00:00][P1][INFO][DEBUG_TX][sending to arduino]{wire=H}
[2026-09-25T19:50:44.713+00:00][P1][INFO][DEBUG_TX][sending to arduino]{wire=H}
[2026-09-25T19:50:45.219+00:00][P1][INFO][DEBUG_TX][sending to arduino]{wire=H}
[2026-09-25T19:50:45.709+00:00][P1][INFO][DEBUG_TX][sending to arduino]{wire=H}
[2026-09-25T19:50:46.224+00:00][P1][INFO][DEBUG_TX][sending to arduino]{wire=H}
[2026-09-25T19:50:46.703+00:00][P1][INFO][DEBUG_TX][sending to arduino]{wire=H}
[2026-09-25T19:50:47.217+00:00][P1][INFO][DEBUG_TX][sending to arduino]{wire=H}
[2026-09-25T19:50:47.707+00:00][P1][INFO][DEBUG_TX][sending to arduino]{wire=H}
[2026-09-25T19:50:48.221+00:00][P1][INFO][DEBUG_TX][sending to arduino]{wire=H}
[2026-09-25T19:50:48.716+00:00][P1][INFO][DEBUG_TX][sending to arduino]{wire=H}
[2026-09-25T19:50:49.210+00:00][P1][INFO][DEBUG_TX][sending to arduino]{wire=H}
[2026-09-25T19:50:49.703+00:00][P1][INFO][DEBUG_TX][sending to arduino]{wire=H}
[2026-09-25T19:50:50.218+00:00][P1][INFO][DEBUG_TX][sending to arduino]{wire=H}
[2026-09-25T19:50:50.706+00:00][P1][INFO][DEBUG_TX][sending to arduino]{wire=H}
[2026-09-25T19:50:51.235+00:00][P1][INFO][DEBUG_TX][sending to arduino]{wire=H}
[2026-09-25T19:50:51.705+00:00][P1][INFO][DEBUG_TX][sending to arduino]{wire=H}
[2026-09-25T19:50:52.221+00:00][P1][INFO][DEBUG_TX][sending to arduino]{wire=H}
[2026-09-25T19:50:52.706+00:00][P1][INFO][DEBUG_TX][sending to arduino]{wire=H}
[2026-09-25T19:50:53.213+00:00][P1][INFO][DEBUG_TX][sending to arduino]{wire=H}
[2026-09-25T19:50:53.706+00:00][P1][INFO][DEBUG_TX][sending to arduino]{wire=H}
[2026-09-25T19:50:54.217+00:00][P1][INFO][DEBUG_TX][sending to arduino]{wire=H}
[2026-09-25T19:50:54.706+00:00][P1][INFO][DEBUG_TX][sending to arduino]{wire=H}
[2026-09-25T19:50:55.233+00:00][P1][INFO][DEBUG_TX][sending to arduino]{wire=H}
[2026-09-25T19:50:55.706+00:00][P1][INFO][DEBUG_TX][sending to arduino]{wire=H}
[2026-09-25T19:50:56.221+00:00][P1][INFO][DEBUG_TX][sending to arduino]{wire=H}
[2026-09-25T19:50:56.702+00:00][P1][INFO][DEBUG_TX][sending to arduino]{wire=H}
[2026-09-25T19:50:57.206+00:00][P1][INFO][DEBUG_TX][sending to arduino]{wire=H}
[2026-09-25T19:50:57.702+00:00][P1][INFO][DEBUG_TX][sending to arduino]{wire=H}
[2026-09-25T19:50:58.211+00:00][P1][INFO][DEBUG_TX][sending to arduino]{wire=H}
[2026-09-25T19:50:58.704+00:00][P1][INFO][DEBUG_TX][sending to arduino]{wire=H}
[2026-09-25T19:50:59.217+00:00][P1][INFO][DEBUG_TX][sending to arduino]{wire=H}
[2026-09-25T19:50:59.705+00:00][P1][INFO][DEBUG_TX][sending to arduino]{wire=H}
[2026-09-25T19:51:00.213+00:00][P1][INFO][DEBUG_TX][sending to arduino]{wire=H}
[2026-09-25T19:51:00.703+00:00][P1][INFO][DEBUG_TX][sending to arduino]{wire=H}
[2026-09-25T19:51:01.217+00:00][P1][INFO][DEBUG_TX][sending to arduino]{wire=H}
[2026-09-25T19:51:01.703+00:00][P1][INFO][DEBUG_TX][sending to arduino]{wire=H}
[2026-09-25T19:51:02.207+00:00][P1][INFO][DEBUG_TX][sending to arduino]{wire=H}
[2026-09-25T19:51:02.703+00:00][P1][INFO][DEBUG_TX][sending to arduino]{wire=H}
[2026-09-25T19:51:03.215+00:00][P1][INFO][DEBUG_TX][sending to arduino]{wire=H}
[2026-09-25T19:51:03.713+00:00][P1][INFO][DEBUG_TX][sending to arduino]{wire=H}
[2026-09-25T19:51:04.227+00:00][P1][INFO][DEBUG_TX][sending to arduino]{wire=H}
[2026-09-25T19:51:04.702+00:00][P1][INFO][DEBUG_TX][sending to arduino]{wire=H}
[2026-09-25T19:51:05.215+00:00][P1][INFO][DEBUG_TX][sending to arduino]{wire=H}
[2026-09-25T19:51:05.708+00:00][P1][INFO][DEBUG_TX][sending to arduino]{wire=H}
[2026-09-25T19:51:06.215+00:00][P1][INFO][DEBUG_TX][sending to arduino]{wire=H}
[2026-09-25T19:51:06.705+00:00][P1][INFO][DEBUG_TX][sending to arduino]{wire=H}
[2026-09-25T19:51:07.216+00:00][P1][INFO][DEBUG_TX][sending to arduino]{wire=H}
[2026-09-25T19:51:07.707+00:00][P1][INFO][DEBUG_TX][sending to arduino]{wire=H}
[2026-09-25T19:51:08.207+00:00][P1][INFO][DEBUG_TX][sending to arduino]{wire=H}
[2026-09-25T19:51:08.704+00:00][P1][INFO][DEBUG_TX][sending to arduino]{wire=H}
[2026-09-25T19:51:09.213+00:00][P1][INFO][DEBUG_TX][sending to arduino]{wire=H}
[2026-09-25T19:51:09.706+00:00][P1][INFO][DEBUG_TX][sending to arduino]{wire=H}
[2026-09-25T19:51:10.206+00:00][P1][INFO][DEBUG_TX][sending to arduino]{wire=H}
[2026-09-25T19:51:10.706+00:00][P1][INFO][DEBUG_TX][sending to arduino]{wire=H}
[2026-09-25T19:51:11.211+00:00][P1][INFO][DEBUG_TX][sending to arduino]{wire=H}
[2026-09-25T19:51:11.707+00:00][P1][INFO][DEBUG_TX][sending to arduino]{wire=H}
[2026-09-25T19:51:12.229+00:00][P1][INFO][DEBUG_TX][sending to arduino]{wire=H}
[2026-09-25T19:51:12.702+00:00][P1][INFO][DEBUG_TX][sending to arduino]{wire=H}
[2026-09-25T19:51:13.213+00:00][P1][INFO][DEBUG_TX][sending to arduino]{wire=H}
[2026-09-25T19:51:13.703+00:00][P1][INFO][DEBUG_TX][sending to arduino]{wire=H}
[2026-09-25T19:51:14.211+00:00][P1][INFO][DEBUG_TX][sending to arduino]{wire=H}
[2026-09-25T19:51:14.707+00:00][P1][INFO][DEBUG_TX][sending to arduino]{wire=H}
[2026-09-25T19:51:15.209+00:00][P1][INFO][DEBUG_TX][sending to arduino]{wire=H}
[2026-09-25T19:51:15.704+00:00][P1][INFO][DEBUG_TX][sending to arduino]{wire=H}
[2026-09-25T19:51:16.207+00:00][P1][INFO][DEBUG_TX][sending to arduino]{wire=H}
[2026-09-25T19:51:16.703+00:00][P1][INFO][DEBUG_TX][sending to arduino]{wire=H}
[2026-09-25T19:51:17.214+00:00][P1][INFO][DEBUG_TX][sending to arduino]{wire=H}
[2026-09-25T19:51:17.703+00:00][P1][INFO][DEBUG_TX][sending to arduino]{wire=H}
[2026-09-25T19:51:18.212+00:00][P1][INFO][DEBUG_TX][sending to arduino]{wire=H}
[2026-09-25T19:51:18.703+00:00][P1][INFO][DEBUG_TX][sending to arduino]{wire=H}
[2026-09-25T19:51:19.204+00:00][P1][INFO][DEBUG_TX][sending to arduino]{wire=H}
[2026-09-25T19:51:19.705+00:00][P1][INFO][DEBUG_TX][sending to arduino]{wire=H}
[2026-09-25T19:51:20.214+00:00][P1][INFO][DEBUG_TX][sending to arduino]{wire=H}
[2026-09-25T19:51:20.703+00:00][P1][INFO][DEBUG_TX][sending to arduino]{wire=H}
[2026-09-25T19:51:21.211+00:00][P1][INFO][DEBUG_TX][sending to arduino]{wire=H}
[2026-09-25T19:51:21.703+00:00][P1][INFO][DEBUG_TX][sending to arduino]{wire=H}
[2026-09-25T19:51:22.212+00:00][P1][INFO][DEBUG_TX][sending to arduino]{wire=H}
[2026-09-25T19:51:22.703+00:00][P1][INFO][DEBUG_TX][sending to arduino]{wire=H}
[2026-09-25T19:51:23.217+00:00][P1][INFO][DEBUG_TX][sending to arduino]{wire=H}
[2026-09-25T19:51:23.703+00:00][P1][INFO][DEBUG_TX][sending to arduino]{wire=H}
[2026-09-25T19:51:24.241+00:00][P1][INFO][DEBUG_TX][sending to arduino]{wire=H}
[2026-09-25T19:51:24.713+00:00][P1][INFO][DEBUG_TX][sending to arduino]{wire=H}
[2026-09-25T19:51:25.225+00:00][P1][INFO][DEBUG_TX][sending to arduino]{wire=H}
[2026-09-25T19:51:25.704+00:00][P1][INFO][DEBUG_TX][sending to arduino]{wire=H}
[2026-09-25T19:51:26.243+00:00][P1][INFO][DEBUG_TX][sending to arduino]{wire=H}
[2026-09-25T19:51:26.858+00:00][P1][INFO][DEBUG_TX][sending to arduino]{wire=H}
[2026-09-25T19:51:27.379+00:00][P1][INFO][DEBUG_TX][sending to arduino]{wire=H}
[2026-09-25T19:51:27.751+00:00][P1][INFO][DEBUG_TX][sending to arduino]{wire=H}
[2026-09-25T19:51:28.214+00:00][P1][INFO][DEBUG_TX][sending to arduino]{wire=H}
[2026-09-25T19:51:28.706+00:00][P1][INFO][DEBUG_TX][sending to arduino]{wire=H}
[2026-09-25T19:51:29.266+00:00][P1][INFO][DEBUG_TX][sending to arduino]{wire=H}
[2026-09-25T19:51:29.703+00:00][P1][INFO][DEBUG_TX][sending to arduino]{wire=H}
[2026-09-25T19:51:30.321+00:00][P1][INFO][DEBUG_TX][sending to arduino]{wire=H}
[2026-09-25T19:51:30.706+00:00][P1][INFO][DEBUG_TX][sending to arduino]{wire=H}
[2026-09-25T19:51:31.529+00:00][P1][INFO][DEBUG_TX][sending to arduino]{wire=H}
[2026-09-25T19:51:32.574+00:00][P1][INFO][DEBUG_TX][sending to arduino]{wire=H}
[2026-09-25T19:51:33.529+00:00][P1][INFO][DEBUG_TX][sending to arduino]{wire=H}
[2026-09-25T19:51:34.526+00:00][P1][INFO][DEBUG_TX][sending to arduino]{wire=H}
[2026-09-25T19:51:35.526+00:00][P1][INFO][DEBUG_TX][sending to arduino]{wire=H}
[2026-09-25T19:51:36.543+00:00][P1][INFO][DEBUG_TX][sending to arduino]{wire=H}
[2026-09-25T19:51:37.537+00:00][P1][INFO][DEBUG_TX][sending to arduino]{wire=H}
[2026-09-25T19:51:38.489+00:00][P1][INFO][DEBUG_TX][sending to arduino]{wire=H}
[2026-09-25T19:51:38.797+00:00][P1][INFO][DEBUG_TX][sending to arduino]{wire=H}
[2026-09-25T19:51:39.297+00:00][P1][INFO][DEBUG_TX][sending to arduino]{wire=H}
[2026-09-25T19:51:40.331+00:00][P1][INFO][WS_CONTROLLER_RELEASED][controller slot free]{client=c1}
[2026-09-25T19:51:40.332+00:00][P1][INFO][WS_DISCONNECT][client disconnected]{client=c1 total=0}
[2026-09-25T19:51:40.333+00:00][P1][INFO][DEBUG_TX][sending to arduino]{wire=S}
